year,province,career_path_name,earnedIncome,prov_tax_amt,fed_tax_amt,tax_amt,current_endevor,afterTaxIncome,afterTaxAndCostsIncome,amtSavedThisYear,expenditureBias,Housing,Food,Transportation,educationCost,totalLivingCosts,contributions,investment_low,investment_avg,investment_high,investment_developTradingBot,yrs_Programming & Software Development,yrs_Version Control (Git),yrs_System Design & Architecture,yrs_Agile & DevOps Practices,yrs_Network Security,yrs_Security Monitoring & SIEM,yrs_Incident Response,yrs_Threat Analysis & Intelligence,yrs_Vulnerability Assessment,yrs_IT Consulting & Client Engagement,yrs_Business Process Analysis,yrs_Project Management,yrs_Enterprise Systems & ERP,yrs_PLC & Control System Programming,yrs_Instrumentation Calibration & Maintenance,yrs_Process Control & SCADA,yrs_Electrical Systems & Wiring,yrs_Industrial Cybersecurity,yrs_OT/IT Network Integration,yrs_Risk Assessment & Compliance (OT)
2026,Alberta,Cybersecurity Focus,57000.0,4560.0,7980.000000000001,12540.0,SOC Level 1 Analyst,44460.0,6660.0,6660.0,0.0,19200.0,10440.0,8160.0,0.0,37800.0,6660.0,6660.0,6660.0,6660.0,6660.0,0,0,0,0,1,1,1,1,1,0,0,0,0,0,0,0,0,0,0,0
2027,Alberta,Cybersecurity Focus,59884.2,4790.736,8472.266,13263.002,SOC Level 1 Analyst,46621.198,7169.998,7169.998,0.0,20256.0,10774.08,8421.119999999999,0.0,39451.2,7169.998,14162.998,14495.998,14828.998,15827.998,0,0,0,0,2,2,2,2,2,0,0,0,0,0,0,0,0,0,0,0
2028,Alberta,Cybersecurity Focus,62914.34051999999,5067.434051999999,9093.444806599999,14160.878858599997,SOC Level 1 Analyst,48753.4616614,7573.935261400002,7573.935261400002,0.0,21370.079999999998,11118.850559999999,8690.59584,0.0,41179.526399999995,7573.935261400002,22445.0831614,23519.533061400005,24627.2829614,28150.332661400003,0,0,0,0,3,3,3,3,3,0,0,0,0,0,0,0,0,0,0,0
2029,Alberta,Cybersecurity Focus,66097.806150312,5385.7806150312,9746.05526081396,15131.835875845161,SOC Level 1 Analyst,50965.97027446683,7977.187189666831,7977.187189666831,0.0,22545.4344,11474.65377792,8968.694906880002,0.0,42988.7830848,7977.187189666831,31544.524509136834,33848.67355720684,36298.56259527683,44572.619649486835,0,0,0,0,4,4,4,4,4,0,0,0,0,0,0,0,0,0,0,0
2030,Alberta,Cybersecurity Focus,97462.95458458636,8522.295458458637,16175.910689840206,24698.206148298843,SOC Level 2 Analyst,72764.74843628751,27881.779301573915,27881.779301573915,0.0,23785.433291999994,11841.842698813442,9255.69314390016,0.0,44882.969134713596,27881.779301573915,61003.53003616759,65115.320214501444,69625.12628614227,85826.1848459068,1,0,0,0,5,5,5,5,5,0,0,0,0,0,0,0,0,0,0,0
2031,Alberta,Cybersecurity Focus,102394.58008656642,9015.458008656642,17186.893917746114,26202.351926402756,SOC Level 2 Analyst,76192.22816016366,29325.939047423228,29325.939047423228,0.0,25093.632123059997,12220.781665175473,9551.875324504967,0.0,46866.28911274044,29325.939047423228,93379.64558539921,100952.79128337483,109394.83427648683,140899.97934710208,2,0,0,0,6,6,6,6,6,0,0,0,0,0,0,0,0,0,0,0
2032,Alberta,Cybersecurity Focus,107575.74583894669,9533.57458389467,18249.03289698407,27782.607480878738,SOC Level 2 Analyst,79793.13835806795,30849.974454889452,30849.974454889452,0.0,26473.78188982829,12611.846678461088,9857.535334889126,0.0,48943.1639031785,30849.974454889452,128898.60231955863,141898.04486660176,156654.0338728493,214019.94760612218,3,0,0,0,7,7,7,7,7,0,0,0,0,0,0,0,0,0,0,0
2033,Alberta,Cybersecurity Focus,113019.07857839738,10077.907857839738,19364.916108571466,29442.823966411204,SOC Level 2 Analyst,83576.25461198618,32458.012480439917,32458.012480439917,0.0,27929.839893768847,13015.42577217184,10172.976465605578,0.0,51118.24213154626,32458.012480439917,167801.54491597647,188545.86183370187,212610.1514342166,310683.94436839875,4,0,0,0,8,8,8,8,8,0,0,0,0,0,0,0,0,0,0,0
2034,Alberta,Cybersecurity Focus,118737.8439544643,10649.78439544643,20630.36942816072,31280.15382360715,SOC Level 2 Analyst,87457.69013085715,34061.27793354473,34061.27793354473,0.0,29465.981087926128,13431.919396881343,10498.511712504956,0.0,53396.41219731243,34061.27793354473,210252.90009532002,241461.72595061682,278562.9520828938,437950.4056124631,5,0,0,0,9,9,9,9,9,0,0,0,0,0,0,0,0,0,0,0
2035,Alberta,Cybersecurity Focus,124745.9788585602,11250.59788585602,22192.48450322565,33443.08238908167,SOC Level 2 Analyst,91302.89646947852,35520.0815168298,35520.0815168298,0.0,31086.610047762064,13861.740817581544,10834.464087305114,0.0,55782.814952648725,35520.0815168298,256285.6266169158,301127.9800625083,355867.47641215764,604855.6088130318,6,0,0,0,10,10,10,10,10,0,0,0,0,0,0,0,0,0,0,0
2036,Alberta,Cybersecurity Focus,131058.12538880332,11881.812538880333,23833.642601088864,35715.4551399692,SOC Level 2 Analyst,95342.67024883413,37059.813186602114,37059.813186602114,0.0,32796.37360038898,14305.316523744154,11181.166938098879,0.0,58282.85706223201,37059.813186602114,306159.7211343637,368300.59125536133,446307.4110605834,823372.1046435435,7,0,0,0,11,11,11,11,11,0,0,0,0,0,0,0,0,0,0,0
2037,Alberta,Cybersecurity Focus,160064.23734516674,14898.528481420008,31375.23170974335,46273.76019116336,Industrial Cybersecurity Analyst,113790.47715400337,52888.25207297099,52888.25207297099,0.0,34600.17414841037,14763.086652503967,11538.964280118045,0.0,60902.22508103238,52888.25207297099,374355.95926405286,458018.9024538685,566141.7747926419,1123271.9881095777,7,0,0,0,12,12,11,11,11,0,0,0,0,1,0,1,0,1,1,1
2038,Alberta,Cybersecurity Focus,168163.48775483217,15870.43853057986,33481.03681625636,49351.47534683622,Industrial Cybersecurity Analyst,118812.01240799595,55165.1121189571,55165.1121189571,0.0,36503.183726572934,15235.505425384097,11908.211137081822,0.0,63646.90028903885,55165.1121189571,448238.8693462126,558985.9048182124,706228.1531304952,1515418.696661408,7,0,0,0,13,13,11,11,11,0,0,0,0,2,0,2,0,2,2,2
2039,Alberta,Cybersecurity Focus,176672.5602352267,16891.527228227205,35693.39566115894,52584.922889386144,Industrial Cybersecurity Analyst,124087.63734584056,57564.46302184128,57564.46302184128,0.0,38510.858831534446,15723.041598996388,12289.273893468442,0.0,66523.17432399928,57564.46302184128,528215.2758353645,672448.958321875,869726.8391219107,2027608.768681672,7,0,0,0,14,14,11,11,11,0,0,0,0,3,0,3,0,3,3,3
2040,Alberta,Cybersecurity Focus,185612.19178312915,17969.294931806788,38142.865617107454,56112.16054891424,Industrial Cybersecurity Analyst,129500.03123421491,59962.36557872237,59962.36557872237,0.0,40628.95606726884,16226.178930164271,12682.530658059432,0.0,69537.66565549254,59962.36557872237,614588.405205855,799656.2197327849,1060148.2305689196,2695853.764864896,7,0,0,0,15,15,11,11,11,0,0,0,0,4,0,4,0,4,4,4
2041,Alberta,Cybersecurity Focus,195004.1686873555,19190.251929356215,40866.53891933309,60056.79084868931,Industrial Cybersecurity Analyst,134947.3778386662,62250.04089265072,62250.04089265072,0.0,42863.54865096862,16745.41665592953,13088.371639117333,0.0,72697.33694601548,62250.04089265072,707567.8663587986,941871.8825987142,1281420.506046908,3566859.935217016,7,0,0,0,16,16,11,11,11,0,0,0,0,5,0,5,0,5,5,5
2042,Alberta,Cybersecurity Focus,204871.37962293567,20472.989350981636,43728.030090651344,64201.019441632976,Industrial Cybersecurity Analyst,140670.3601813027,64660.84683404246,64660.84683404246,0.0,45221.04382677189,17281.269988919274,13507.199531569087,0.0,76009.51334726025,64660.84683404246,807607.106510781,1100719.9176926282,1538294.4287879867,4701578.762616163,7,0,0,0,17,17,11,11,11,0,0,0,0,6,0,6,0,6,6,6
2043,Alberta,Cybersecurity Focus,215237.8714318562,21820.633286141307,46734.3127152383,68554.9460013796,Industrial Cybersecurity Analyst,146682.9254304766,67201.02364808827,67201.02364808827,0.0,47708.20123724434,17834.270628564693,13939.429916579298,0.0,79481.90178238833,67201.02364808827,915188.4854844084,1277992.9331099794,1836239.616754273,6179253.4150491,7,0,0,0,18,18,11,11,11,0,0,0,0,7,0,7,0,7,7,7
2044,Alberta,Cybersecurity Focus,226128.9077263081,23236.46800442005,49892.713240629346,73129.1812450494,Industrial Cybersecurity Analyst,152999.7264812587,69877.11521337731,69877.11521337731,0.0,50332.15230529279,18404.96728867876,14385.491673909835,0.0,83122.61126788138,69877.11521337731,1030825.0249720062,1475669.3416343548,2181552.674480791,8102906.554777208,7,0,0,0,19,19,11,11,11,0,0,0,0,8,0,8,0,8,8,8
2045,Alberta,Cybersecurity Focus,237571.0304572593,24723.94395944371,53210.9288326052,77934.8727920489,Industrial Cybersecurity Analyst,159636.1576652104,72695.98333373507,72695.98333373507,0.0,53100.42068208389,18993.926241916484,14845.827407474953,0.0,86940.17433147533,72695.98333373507,1155062.2595543417,1695932.2591315254,2581481.5589866447,10606474.504544105,7,0,0,0,20,20,11,11,11,0,0,0,0,9,0,9,0,9,9,9
2046,Alberta,Cybersecurity Focus,249592.12459839662,26314.47744377553,56697.04613353502,83011.52357731055,Industrial Cybersecurity Analyst,166580.60102108607,75637.03143531561,75637.03143531561,0.0,56020.943819598484,19601.73188165781,15320.893884514153,0.0,90943.56958577046,75637.03143531561,1288452.4039673745,1941162.5164799937,3044340.824269957,13864053.887342654,7,0,0,0,21,21,11,11,11,0,0,0,0,10,0,10,0,10,10,10
2047,Alberta,Cybersecurity Focus,262221.4861030755,28082.588054430573,60509.14041401492,88591.7284684455,Industrial Cybersecurity Analyst,173629.75763463002,78487.51211426416,78487.51211426416,0.0,59102.095729676395,20228.98730187086,15811.162488818603,0.0,95142.24552036586,78487.51211426416,1431362.5362800073,2213766.2802422573,3579479.4600247145,18101757.565659717,7,0,0,0,22,22,11,11,11,0,0,0,0,11,0,11,0,11,11,11
2048,Alberta,Cybersecurity Focus,275489.89329989115,29940.165061984764,64887.71478896408,94827.87985094884,Industrial Cybersecurity Analyst,180662.0134489423,81115.86787014217,81115.86787014217,0.0,62352.7109948086,20876.31489553073,16317.1196884608,0.0,99546.14557880013,81115.86787014217,1584046.53096415,2516258.7761366256,4197517.246898564,23613400.703227773,7,0,0,0,23,23,11,11,11,0,0,0,0,12,0,12,0,12,12,12
2049,Alberta,Cybersecurity Focus,289429.6819008656,31891.735466121183,69487.84502728564,101379.58049340683,Industrial Cybersecurity Analyst,188050.10140745874,83884.3668172564,83884.3668172564,0.0,65782.11009952307,21544.356972187717,16839.26751849155,0.0,104165.73459020234,83884.3668172564,1747133.224329614,2851769.0205675447,4911029.200750604,30781305.281013362,7,0,0,0,24,24,11,11,11,0,0,0,0,13,0,13,0,13,13,13
2050,Alberta,Cybersecurity Focus,304074.8238050494,33942.05533270692,74320.7418556663,108262.79718837322,Industrial Cybersecurity Analyst,195812.0266166762,86799.99998729835,86799.99998729835,0.0,69400.12615499683,22233.776395297726,17378.124079083278,0.0,109012.02662937784,86799.99998729835,1921289.8855333934,3223745.9226115975,5734483.580850493,40102496.86530467,7,0,0,0,25,25,11,11,11,0,0,0,0,14,0,14,0,14,14,14
2051,Alberta,Cybersecurity Focus,319461.00988958485,36096.12138454188,79398.183263563,115494.30464810488,Industrial Cybersecurity Analyst,203966.70524147997,89870.0908583971,89870.0908583971,0.0,73217.13309352167,22945.257239947252,17934.224049613942,0.0,114096.61438308287,89870.0908583971,2107224.4706684602,3635990.605731155,6684526.208836463,52223116.015754476,7,0,0,0,26,26,11,11,11,0,0,0,0,15,0,15,0,15,15,15
2052,Alberta,Cybersecurity Focus,335625.73698999785,38359.183178599706,84732.5432066993,123091.726385299,Industrial Cybersecurity Analyst,212534.01060469885,93102.31050020637,93102.31050020637,0.0,77244.07541366534,23679.50547162556,18508.119219201588,0.0,119431.70010449248,93102.31050020637,2305688.00470209,4092691.976804477,7780307.450662139,67983153.13098103,7,0,0,0,27,27,11,11,11,0,0,0,0,16,0,16,0,16,16,16
2053,Alberta,Cybersecurity Focus,352608.39928169176,40736.75589943685,90336.82176295828,131073.57766239514,Industrial Cybersecurity Analyst,221534.82161929662,96504.69337694606,96504.69337694606,0.0,81492.49956141693,24437.249646717584,19100.379034216043,0.0,125030.12824235056,96504.69337694606,2517477.0983141405,4598465.867861872,9043858.261638405,88474603.76365228,7,0,0,0,28,28,11,11,11,0,0,0,0,17,0,17,0,17,17,17
2054,Alberta,Cybersecurity Focus,370450.3842853453,43236.9376428018,96224.67681416396,139461.61445696576,Industrial Cybersecurity Analyst,230988.76982837956,100083.3499923612,100083.3499923612,0.0,85974.58703729487,25219.241635412545,19711.591163310954,0.0,130905.41983601837,100083.3499923612,2743434.3032222087,5158395.80464042,10500520.350876525,115117068.24274033,7,0,0,0,29,29,11,11,11,0,0,0,0,18,0,18,0,18,18,18
2055,Alberta,Cybersecurity Focus,389195.1737301838,46048.65605952757,102410.45733096066,148459.11339048823,Industrial Cybersecurity Analyst,240736.06033969557,103664.25156706685,103664.25156706685,0.0,90703.18932434608,26026.257367745748,20342.362080536906,0.0,137071.80877262872,103664.25156706685,2984270.269950386,5777899.636671529,12179262.65507507,149755852.9671295,7,0,0,0,30,30,11,11,11,0,0,0,0,19,0,19,0,19,19,19
2056,Alberta,Cybersecurity Focus,408888.4495209311,49002.64742813967,108909.23834190727,157911.88577004694,Industrial Cybersecurity Analyst,250976.56375088418,107432.28374307137,107432.28374307137,0.0,95691.8647371851,26859.097603513612,20993.31766711409,0.0,143544.2800078128,107432.28374307137,3240916.067190977,6463121.884081754,14113584.337079402,194790041.14101145,7,0,0,0,31,31,11,11,11,0,0,0,0,20,0,20,0,20,20,20
2057,Alberta,Cybersecurity Focus,429578.2050666902,52106.11076000354,115736.85767200778,167842.96843201132,Industrial Cybersecurity Analyst,261735.2366346789,111396.62677766086,111396.62677766086,0.0,100954.91729773028,27718.588726826045,21665.103832461737,0.0,150338.60985701805,111396.62677766086,3514358.497328187,7220830.699267591,16342018.61441897,253338450.11009255,7,0,0,0,32,32,11,11,11,0,0,0,0,21,0,21,0,21,21,21
2058,Alberta,Cybersecurity Focus,451314.86224306474,55366.60933645972,122909.95454021136,178276.56387667108,Industrial Cybersecurity Analyst,273038.29836639366,115566.88989610324,115566.88989610324,0.0,106507.43774910542,28605.58356608448,22358.387155100514,0.0,157471.40847029042,115566.88989610324,3805643.3120906996,8058480.659090455,18908888.296477918,329455552.03301644,7,0,0,0,33,33,11,11,11,0,0,0,0,22,0,22,0,22,22,22
2059,Alberta,Cybersecurity Focus,474151.3942725638,58792.08914088458,130446.01010994606,189238.09925083065,Industrial Cybersecurity Analyst,284913.29502173315,119953.13041216403,119953.13041216403,0.0,112365.34682530622,29520.962240199184,23073.85554406373,0.0,164960.16460956912,119953.13041216403,4115878.6081073987,8984281.855411664,21865174.671361767,428412170.77333355,7,0,0,0,34,34,11,11,11,0,0,0,0,23,0,23,0,23,23,23
2060,Alberta,Cybersecurity Focus,498143.45482275554,62390.89822341333,138363.39009150933,200754.28831492265,Industrial Cybersecurity Analyst,297389.1665078329,124565.87365377549,124565.87365377549,0.0,118545.44090069806,30465.63303188556,23812.21892147377,0.0,172823.2928540574,124565.87365377549,4446238.412166544,10007275.914606607,25269516.745719805,557060387.8789874,7,0,0,0,35,35,11,11,11,0,0,0,0,24,0,24,0,24,24,24
2061,Alberta,Cybersecurity Focus,523349.5136367869,66171.80704551804,146681.3895001397,212853.19654565773,Industrial Cybersecurity Analyst,310496.31709112914,129416.13372502587,129416.13372502587,0.0,125065.44015023645,31440.5332889059,24574.20992696093,0.0,181080.18336610327,129416.13372502587,4797966.466499898,11137419.639792295,29189360.391302798,724307920.3764087,7,0,0,0,36,36,11,11,11,0,0,0,0,25,0,25,0,25,25,25
2062,Alberta,Cybersecurity Focus,549830.9990268083,70144.02985402125,155420.27967884677,225564.30953286804,Industrial Cybersecurity Analyst,324266.68949394027,134515.43513666626,134515.43513666626,0.0,131944.03935849943,32446.63035415089,25360.584644623683,0.0,189751.254357274,134515.43513666626,5172380.224961559,12385677.038908193,33702279.88513488,941734811.924468,7,0,0,0,37,37,11,11,11,0,0,0,0,26,0,26,0,26,26,26
2063,Alberta,Cybersecurity Focus,577652.4475775649,74317.24713663473,164601.3577005964,238918.6048372311,Industrial Cybersecurity Analyst,338733.84274033376,139875.8353383815,139875.8353383815,0.0,139200.9615232169,33484.92252548372,26172.12335325164,0.0,198858.00740195226,139875.8353383815,5570875.071548019,13764120.578137396,38897497.703243494,1224395131.3371468,7,0,0,0,38,38,11,11,11,0,0,0,0,27,0,27,0,27,27,27
2064,Alberta,Cybersecurity Focus,606881.6614249896,78701.62921374844,174246.99827024655,252948.627483995,Industrial Cybersecurity Analyst,353933.0339409946,145509.94818714587,145509.94818714587,0.0,146857.01440699384,34556.4400462992,27009.631300555695,0.0,208423.08575384872,145509.94818714587,5994928.773312565,15286042.584138284,44877632.30691716,1591859180.686478,7,0,0,0,39,39,11,11,11,0,0,0,0,28,0,28,0,28,28,28
2065,Alberta,Cybersecurity Focus,637589.873493094,83307.8610239641,184380.70825272103,267688.5692766851,Industrial Cybersecurity Analyst,369901.30421640887,151430.96838707617,151430.96838707617,0.0,154934.15019937846,35662.246127780774,27873.939502173478,0.0,218470.3358293327,151430.96838707617,6446106.18036527,16966077.81093919,51760708.1213418,2069568365.8608084,7,0,0,0,40,40,11,11,11,0,0,0,0,29,0,29,0,29,29,29
2066,Alberta,Cybersecurity Focus,669851.9210918446,88147.16816377669,195027.18396030873,283174.3521240854,Industrial Cybersecurity Analyst,386677.56896775914,157652.69693730207,157652.69693730207,0.0,163455.5284603443,36803.438003869756,28765.905566243026,0.0,229024.87203045707,157652.69693730207,6926064.186320836,18820338.28897041,59682467.03648037,2690596528.315988,7,0,0,0,41,41,11,11,11,0,0,0,0,30,0,30,0,30,30,30
2067,Alberta,Cybersecurity Focus,703746.4282990919,93231.34424486378,206212.37133870035,299443.71558356413,Industrial Cybersecurity Analyst,404302.71271552774,164189.56762550812,164189.56762550812,0.0,172445.58252566322,37981.14801999359,29686.414544362804,0.0,240113.14509001962,164189.56762550812,7436556.963262386,20866561.685492963,68799026.65957792,3497939676.3784103,7,0,0,0,42,42,11,11,11,0,0,0,0,31,0,31,0,31,31,31
2068,Alberta,Cybersecurity Focus,739355.997571026,98572.77963565389,217963.52919843857,316536.30883409246,Industrial Cybersecurity Analyst,422819.6887369335,171056.674605943,171056.674605943,0.0,181930.0895645747,39196.54475663339,30636.37980978242,0.0,251763.01413099052,171056.674605943,7979441.4860314485,23124274.528648205,79289937.33312054,4547492635.96654,7,0,0,0,43,43,11,11,11,0,0,0,0,32,0,32,0,32,32,32
2069,Alberta,Cybersecurity Focus,776767.4110481198,104184.49165721796,230309.29564587952,334493.7873030975,Industrial Cybersecurity Analyst,442273.6237450223,178269.8011018549,178269.8011018549,0.0,191936.24449062627,40450.83418884566,31616.74396369546,0.0,264003.8226431674,178269.8011018549,8556683.361434875,25614971.782614883,91361697.73419046,5911918696.557605,7,0,0,0,44,44,11,11,11,0,0,0,0,33,0,33,0,33,33,33
2070,Alberta,Cybersecurity Focus,816071.8420471548,110080.15630707322,243279.75787556107,353359.9141826343,Industrial Cybersecurity Analyst,462711.92786452046,185845.44927348732,185845.44927348732,0.0,202492.7379376107,41745.26088288872,32628.47977053371,0.0,276866.47859103314,185845.44927348732,9170362.978780108,28362314.41014986,105251797.84359251,7685680150.974159,7,0,0,0,45,45,11,11,11,0,0,0,0,34,0,34,0,34,34,34
2071,Alberta,Cybersecurity Focus,857365.0772547406,116274.1415882111,256906.52549406444,373180.66708227556,Industrial Cybersecurity Analyst,484184.4101724651,193800.87129395385,193800.87129395385,0.0,213629.8385241793,43081.10923114116,33672.59112319079,0.0,290383.53887851123,193800.87129395385,9822681.999013068,31392346.722458806,121233368.39142533,9991577997.137701,7,0,0,0,46,46,11,11,11,0,0,0,0,35,0,35,0,35,35,35
2072,Alberta,Cybersecurity Focus,900747.7501638306,122781.54252457459,271222.8075540641,394004.35007863864,Industrial Cybersecurity Analyst,506743.40008519194,202154.10167651222,202154.10167651222,0.0,225379.47964300914,44459.70472653768,34750.114039132895,0.0,304589.2984086797,202154.10167651222,10515970.200640235,34733735.4963812,139620527.75181565,12989253550.38069,7,0,0,0,47,47,11,11,11,0,0,0,0,36,0,36,0,36,36,36
2073,Alberta,Cybersecurity Focus,946325.5863221204,129618.21794831807,286263.49348629976,415881.7114346178,Industrial Cybersecurity Analyst,530443.8748875025,210923.9908979559,210923.9908979559,0.0,237775.35102337462,45882.41527778688,35862.117688385144,0.0,319519.8839895466,210923.9908979559,11252692.701570204,38418033.03691728,160774530.90548593,16886240539.485796,7,0,0,0,48,48,11,11,11,0,0,0,0,37,0,37,0,37,37,37
2074,Alberta,Cybersecurity Focus,994209.6609900196,136800.82914850293,302065.23812670645,438866.06727520935,Industrial Cybersecurity Analyst,555343.5937148102,220130.24036406045,220130.24036406045,0.0,250852.9953296602,47350.65256667607,37009.70545441348,0.0,335213.35335074976,220130.24036406045,12035457.577012774,42479966.58097307,185110840.78167287,21952332831.5719,7,0,0,0,49,49,11,11,11,0,0,0,0,38,0,38,0,38,38,38
2075,Alberta,Cybersecurity Focus,1044516.6698361146,137669.38,303976.05,441645.43,Industrial Cybersecurity Analyst,602871.2398361147,251161.44028555875,251161.44028555875,0.0,264649.9100727915,48865.8734488097,38194.01602895471,0.0,351709.79955055594,251161.44028555875,12888391.89614897,46979124.679355934,213128628.33920935,28538283842.483753,7,0,0,0,50,50,11,11,11,0,0,0,0,39,0,39,0,39,39,39
2026,Alberta,I&C to Cybersecurity,17500.0,1400.0,2450.0000000000005,3850.0000000000005,I&C Engineering Diploma,13650.0,-31150.0,0.0,0.0,19200.0,10440.0,8160.0,7000.0,44800.0,-31150.0,0.0,0.0,0.0,0.0,0,0,0,0,0,0,0,0,0,0,0,0,0,1,1,1,1,1,0,1
2027,Alberta,I&C to Cybersecurity,17500.0,1400.0,2450.0000000000005,3850.0000000000005,I&C Engineering Diploma,13650.0,-32801.2,0.0,0.0,20256.0,10774.08,8421.119999999999,7000.0,46451.2,-32801.2,0.0,0.0,0.0,0.0,0,0,0,0,0,0,0,0,0,0,0,0,0,2,2,2,2,2,0,2
2028,Alberta,I&C to Cybersecurity,17500.0,1400.0,2450.0000000000005,3850.0000000000005,I&C Engineering Diploma,13650.0,-34529.526399999995,0.0,0.0,21370.079999999998,11118.850559999999,8690.59584,7000.0,48179.526399999995,-34529.526399999995,0.0,0.0,0.0,0.0,0,0,0,0,0,0,0,0,0,0,0,0,0,3,3,3,3,3,0,3
2029,Alberta,I&C to Cybersecurity,62073.16313702399,4983.316313702399,8921.00344308992,13904.31975679232,Instrumentation & Control Tech (Apprentice),48168.84338023167,5180.060295431671,5180.060295431671,0.0,22545.4344,11474.65377792,8968.694906880002,0.0,42988.7830848,5180.060295431671,5180.060295431671,5180.060295431671,5180.060295431671,5180.060295431671,0,0,0,0,0,0,0,0,0,0,0,0,0,4,4,4,4,3,0,3
2030,Alberta,I&C to Cybersecurity,65847.21145575505,5360.721145575505,9694.683348429786,15055.404494005292,Instrumentation & Control Tech (Apprentice),50791.80696174976,5908.8378270361645,5908.8378270361645,0.0,23785.433291999994,11841.842698813442,9255.69314390016,0.0,44882.969134713596,5908.8378270361645,11347.90113723942,11606.904152011004,11865.907166782585,12642.916211097338,0,0,0,0,0,0,0,0,0,0,0,0,0,5,5,5,5,3,0,3
2031,Alberta,I&C to Cybersecurity,69850.72191226495,5761.072191226495,10515.402992014317,16276.475183240811,Instrumentation & Control Tech (Apprentice),53574.24672902415,6707.957616283711,6707.957616283711,0.0,25093.632123059997,12220.781665175473,9551.875324504967,0.0,46866.28911274044,6707.957616283711,18623.253810385104,19475.552183495816,20353.75085808368,23143.74869071025,0,0,0,0,0,0,0,0,0,0,0,0,0,6,6,6,6,3,0,3
2032,Alberta,I&C to Cybersecurity,74097.64580453066,6185.764580453067,11386.022389928787,17571.786970381854,Instrumentation & Control Tech (Apprentice),56525.85883414881,7582.694930970305,7582.694930970305,0.0,26473.78188982829,12611.846678461088,9857.535334889126,0.0,48943.1639031785,7582.694930970305,27137.111431874666,29005.802332815703,30989.508417766534,37669.56822889363,0,0,0,0,0,0,0,0,0,0,0,0,0,7,7,7,7,3,0,3
2033,Alberta,I&C to Cybersecurity,78602.78266944613,6636.278266944612,12309.575447236457,18945.85371418107,Instrumentation & Control Tech (Apprentice),59656.92895526506,8538.686823718795,8538.686823718795,0.0,27929.839893768847,13015.42577217184,10172.976465605578,0.0,51118.24213154626,8538.686823718795,37032.6538271872,40445.06938981607,44176.62150415031,57509.12552128052,0,0,0,0,0,0,0,0,0,0,0,0,0,8,8,8,8,3,0,3
2034,Alberta,I&C to Cybersecurity,131334.89299312094,11909.489299312096,23905.602178211444,35815.09147752354,Instrumentation & Control Tech (Red Seal),95519.8015155974,42123.38931828497,42123.38931828497,0.0,29465.981087926128,13431.919396881343,10498.511712504956,0.0,53396.41219731243,42123.38931828497,81007.67583683153,86612.96564708266,92926.50404805783,116885.25249594965,0,0,0,0,0,0,0,0,0,0,0,0,0,9,9,9,9,3,0,3
2035,Alberta,I&C to Cybersecurity,137310.63062430793,12507.063062430792,25459.293962320062,37966.357024750854,Instrumentation & Control Tech (Red Seal),99344.27359955708,43561.45864690836,43561.45864690836,0.0,31086.610047762064,13861.740817581544,10834.464087305114,0.0,55782.814952648725,43561.45864690836,128619.51827558147,138835.7208586993,150426.93830217485,195512.2868916429,0,0,0,0,0,0,0,0,0,0,0,0,0,10,10,10,10,3,0,3
2036,Alberta,I&C to Cybersecurity,143558.2643177139,13131.826431771391,27083.67872260562,40215.50515437701,Instrumentation & Control Tech (Red Seal),103342.7591633369,45059.90210110489,45059.90210110489,0.0,32796.37360038898,14305.316523744154,11181.166938098879,0.0,58282.85706223201,45059.90210110489,180110.39629046543,197779.1950456741,218050.88114860596,299225.8750602407,0,0,0,0,0,0,0,0,0,0,0,0,0,11,11,11,11,3,0,3
2037,Alberta,I&C to Cybersecurity,150090.1653441699,13785.016534416989,28781.972989484173,42566.98952390116,Instrumentation & Control Tech (Red Seal),107523.17582026872,46620.95073923634,46620.95073923634,0.0,34600.17414841037,14763.086652503967,11538.964280118045,0.0,60902.22508103238,46620.95073923634,235736.86684422506,264178.0652894779,297379.46406013315,435614.5883175492,0,0,0,0,0,0,0,0,0,0,0,0,0,12,12,12,12,3,0,3
2038,Alberta,I&C to Cybersecurity,156919.2678673296,14521.132144079551,30557.53964550569,45078.67178958524,Instrumentation & Control Tech (Red Seal),111840.59607774435,48193.6957887055,48193.6957887055,0.0,36503.183726572934,15235.505425384097,11908.211137081822,0.0,63646.90028903885,48193.6957887055,295717.40597514185,338789.5676071312,390180.0794578586,614492.6606015195,0,0,0,0,0,0,0,0,0,0,0,0,0,13,13,13,13,3,0,3
2039,Alberta,I&C to Cybersecurity,164059.09455529306,15377.911346635166,32413.894584376198,47791.80593101136,Instrumentation & Control Tech (Red Seal),116267.2886242817,49744.114300282425,49744.114300282425,0.0,38510.858831534446,15723.041598996388,12289.273893468442,0.0,66523.17432399928,49744.114300282425,360247.3905741814,422412.6386681268,498451.2056768198,848584.5730822579,0,0,0,0,0,0,0,0,0,0,0,0,0,14,14,14,14,3,0,3
2040,Alberta,I&C to Cybersecurity,171523.78335755886,16273.674002907062,34354.7136729653,50628.38767587236,Instrumentation & Control Tech (Red Seal),120895.3956816865,51357.73002619395,51357.73002619395,0.0,40628.95606726884,16226.178930164271,12682.530658059432,0.0,69537.66565549254,51357.73002619395,429617.49012908444,516011.6325611334,624576.6165545366,1154517.6750331293,0,0,0,0,0,0,0,0,0,0,0,0,0,15,15,15,15,3,0,3
2041,Alberta,I&C to Cybersecurity,179328.11550032778,17210.193860039333,36383.84003008522,53594.033890124556,Instrumentation & Control Tech (Red Seal),125734.08161020323,53036.74466418775,53036.74466418775,0.0,42863.54865096862,16745.41665592953,13088.371639117333,0.0,72697.33694601548,53036.74466418775,504135.10929972643,620649.5404814346,771299.8537019049,1553909.722207256,0,0,0,0,0,0,0,0,0,0,0,0,0,16,16,16,16,3,0,3
2042,Alberta,I&C to Cybersecurity,187487.54475559265,18213.090818227043,38686.717979121866,56899.80879734891,Instrumentation & Control Tech (Red Seal),130587.73595824375,54578.2226109835,54578.2226109835,0.0,45221.04382677189,17281.269988919274,13507.199531569087,0.0,76009.51334726025,54578.2226109835,583920.0873756963,737292.7171405616,941573.054368174,2074660.8614804163,0,0,0,0,0,0,0,0,0,0,0,0,0,17,17,17,17,3,0,3
2043,Alberta,I&C to Cybersecurity,196018.22804197212,19322.079645456375,41160.61613217191,60482.69577762829,Instrumentation & Control Tech (Red Seal),135535.53226434384,56053.63048195551,56053.63048195551,0.0,47708.20123724434,17834.270628564693,13939.429916579298,0.0,79481.90178238833,56053.63048195551,669169.7222264366,867075.6193365733,1138862.6430053557,2753112.7504064967,0,0,0,0,0,0,0,0,0,0,0,0,0,18,18,18,18,3,0,3
2044,Alberta,I&C to Cybersecurity,204937.05741788185,20481.52746432464,43747.07665118574,64228.604115510374,Instrumentation & Control Tech (Red Seal),140708.4533023715,57585.84203449011,57585.84203449011,0.0,50332.15230529279,18404.96728867876,14385.491673909835,0.0,83122.61126788138,57585.84203449011,760214.0503722485,1011369.0233047208,1367277.881490649,3636632.417562936,0,0,0,0,0,0,0,0,0,0,0,0,0,19,19,19,19,3,0,3
2045,Alberta,I&C to Cybersecurity,237571.0304572593,24723.94395944371,53210.9288326052,77934.8727920489,Industrial Cybersecurity Analyst,159636.1576652104,72695.98333373507,72695.98333373507,0.0,53100.42068208389,18993.926241916484,14845.827407474953,0.0,86940.17433147533,72695.98333373507,870920.736224596,1185201.908968928,1645065.5470479813,4800318.126165552,0,0,0,0,1,1,0,0,0,0,0,0,0,20,19,20,19,4,1,4
2046,Alberta,I&C to Cybersecurity,249592.12459839662,26314.47744377553,56697.04613353502,83011.52357731055,Industrial Cybersecurity Analyst,166580.60102108607,75637.03143531561,75637.03143531561,0.0,56020.943819598484,19601.73188165781,15320.893884514153,0.0,90943.56958577046,75637.03143531561,990103.8044711415,1379359.1313011367,1967462.4105404941,6316050.595450534,0,0,0,0,2,2,0,0,0,0,0,0,0,21,19,21,19,5,2,5
2047,Alberta,I&C to Cybersecurity,262221.4861030755,28082.588054430573,60509.14041401492,88591.7284684455,Industrial Cybersecurity Analyst,173629.75763463002,78487.51211426416,78487.51211426416,0.0,59102.095729676395,20228.98730187086,15811.162488818603,0.0,95142.24552036586,78487.51211426416,1118096.506808963,1595782.5565455146,2341069.2842358323,8289353.286199958,0,0,0,0,3,3,0,0,0,0,0,0,0,22,19,22,19,6,3,6
2048,Alberta,I&C to Cybersecurity,275489.89329989115,29940.165061984764,64887.71478896408,94827.87985094884,Industrial Cybersecurity Analyst,180662.0134489423,81115.86787014217,81115.86787014217,0.0,62352.7109948086,20876.31489553073,16317.1196884608,0.0,99546.14557880013,81115.86787014217,1255117.2000195533,1836476.6800702084,2773345.5447413493,10857275.139930088,0,0,0,0,4,4,0,0,0,0,0,0,0,23,19,23,19,7,4,7
2049,Alberta,I&C to Cybersecurity,289429.6819008656,31891.735466121183,69487.84502728564,101379.58049340683,Industrial Cybersecurity Analyst,188050.10140745874,83884.3668172564,83884.3668172564,0.0,65782.11009952307,21544.356972187717,16839.26751849155,0.0,104165.73459020234,83884.3668172564,1401757.4268377875,2104008.7148944857,3273231.7432698077,14198342.04872637,0,0,0,0,5,5,0,0,0,0,0,0,0,24,19,24,19,8,5,8
2050,Alberta,I&C to Cybersecurity,304074.8238050494,33942.05533270692,74320.7418556663,108262.79718837322,Industrial Cybersecurity Analyst,195812.0266166762,86799.99998729835,86799.99998729835,0.0,69400.12615499683,22233.776395297726,17378.124079083278,0.0,109012.02662937784,86799.99998729835,1558645.2981669754,2401209.5863712328,3851016.5047475765,18544644.66333158,0,0,0,0,6,6,0,0,0,0,0,0,0,25,19,25,19,9,6,9
2051,Alberta,I&C to Cybersecurity,319461.00988958485,36096.12138454188,79398.183263563,115494.30464810488,Industrial Cybersecurity Analyst,203966.70524147997,89870.0908583971,89870.0908583971,0.0,73217.13309352167,22945.257239947252,17934.224049613942,0.0,114096.61438308287,89870.0908583971,1726447.6539337214,2731200.6358667533,4518539.0713181095,24197908.15318945,0,0,0,0,7,7,0,0,0,0,0,0,0,26,19,26,19,10,7,10
2052,Alberta,I&C to Cybersecurity,335625.73698999785,38359.183178599706,84732.5432066993,123091.726385299,Industrial Cybersecurity Analyst,212534.01060469885,93102.31050020637,93102.31050020637,0.0,77244.07541366534,23679.50547162556,18508.119219201588,0.0,119431.70010449248,93102.31050020637,1905872.3471306139,3097423.0099536353,5289422.242516032,31550382.909646492,0,0,0,0,8,8,0,0,0,0,0,0,0,27,19,27,19,11,8,11
2053,Alberta,I&C to Cybersecurity,352608.39928169176,40736.75589943685,90336.82176295828,131073.57766239514,Industrial Cybersecurity Analyst,221534.82161929662,96504.69337694606,96504.69337694606,0.0,81492.49956141693,24437.249646717584,19100.379034216043,0.0,125030.12824235056,96504.69337694606,2097670.657864091,3503670.0043259454,6179340.272270383,41112002.475917384,0,0,0,0,9,9,0,0,0,0,0,0,0,28,19,28,19,12,9,12
2054,Alberta,I&C to Cybersecurity,370450.3842853453,43236.9376428018,96224.67681416396,139461.61445696576,Industrial Cybersecurity Analyst,230988.76982837956,100083.3499923612,100083.3499923612,0.0,85974.58703729487,25219.241635412545,19711.591163310954,0.0,130905.41983601837,100083.3499923612,2302637.540749657,3954120.3547509015,7206324.663103301,53545686.568684965,0,0,0,0,10,10,0,0,0,0,0,0,0,29,19,29,19,13,10,13
2055,Alberta,I&C to Cybersecurity,389195.1737301838,46048.65605952757,102410.45733096066,148459.11339048823,Industrial Cybersecurity Analyst,240736.06033969557,103664.25156706685,103664.25156706685,0.0,90703.18932434608,26026.257367745748,20342.362080536906,0.0,137071.80877262872,103664.25156706685,2521433.6693542064,4453196.641793058,8390937.614135863,69713056.79085752,0,0,0,0,11,11,0,0,0,0,0,0,0,30,19,30,19,14,11,14
2056,Alberta,I&C to Cybersecurity,408888.4495209311,49002.64742813967,108909.23834190727,157911.88577004694,Industrial Cybersecurity Analyst,250976.56375088418,107432.28374307137,107432.28374307137,0.0,95691.8647371851,26859.097603513612,20993.31766711409,0.0,143544.2800078128,107432.28374307137,2754937.636564988,5005948.589715436,9757010.539999314,90734406.11185785,0,0,0,0,12,12,0,0,0,0,0,0,0,31,19,31,19,15,12,15
2057,Alberta,I&C to Cybersecurity,429578.2050666902,52106.11076000354,115736.85767200778,167842.96843201132,Industrial Cybersecurity Analyst,261735.2366346789,111396.62677766086,111396.62677766086,0.0,100954.91729773028,27718.588726826045,21665.103832461737,0.0,150338.60985701805,111396.62677766086,3004081.1451708986,5617940.075464641,11331958.74777687,118066124.57219286,0,0,0,0,13,13,0,0,0,0,0,0,0,32,19,32,19,16,13,16
2058,Alberta,I&C to Cybersecurity,451314.86224306474,55366.60933645972,122909.95454021136,178276.56387667108,Industrial Cybersecurity Analyst,273038.29836639366,115566.88989610324,115566.88989610324,0.0,106507.43774910542,28605.58356608448,22358.387155100514,0.0,157471.40847029042,115566.88989610324,3269852.092325547,6295300.972907209,13147319.449839503,153601528.83374682,0,0,0,0,14,14,0,0,0,0,0,0,0,33,19,33,19,17,14,17
2059,Alberta,I&C to Cybersecurity,474151.3942725638,58792.08914088458,130446.01010994606,189238.09925083065,Industrial Cybersecurity Analyst,284913.29502173315,119953.13041216403,119953.13041216403,0.0,112365.34682530622,29520.962240199184,23073.85554406373,0.0,164960.16460956912,119953.13041216403,3553297.8273539883,7044784.200610095,15239370.49772759,199801940.61428303,0,0,0,0,15,15,0,0,0,0,0,0,0,34,19,34,19,18,15,18
2060,Alberta,I&C to Cybersecurity,498143.45482275554,62390.89822341333,138363.39009150933,200754.28831492265,Industrial Cybersecurity Analyst,297389.1665078329,124565.87365377549,124565.87365377549,0.0,118545.44090069806,30465.63303188556,23812.21892147377,0.0,172823.2928540574,124565.87365377549,3855528.5923754633,7873828.49432488,17649841.946040504,259867088.67222172,0,0,0,0,16,16,0,0,0,0,0,0,0,35,19,35,19,19,16,19
2061,Alberta,I&C to Cybersecurity,523349.5136367869,66171.80704551804,146681.3895001397,212853.19654565773,Industrial Cybersecurity Analyst,310496.31709112914,129416.13372502587,129416.13372502587,0.0,125065.44015023645,31440.5332889059,24574.20992696093,0.0,181080.18336610327,129416.13372502587,4177721.1557192625,8790627.477482395,20426734.371671602,337956631.4076133,0,0,0,0,17,17,0,0,0,0,0,0,0,36,19,36,19,20,17,20
2062,Alberta,I&C to Cybersecurity,549830.9990268083,70144.02985402125,155420.27967884677,225564.30953286804,Industrial Cybersecurity Analyst,324266.68949394027,134515.43513666626,134515.43513666626,0.0,131944.03935849943,32446.63035415089,25360.584644623683,0.0,189751.254357274,134515.43513666626,4521122.648641893,9804205.660367303,23625259.962559007,439478136.26503396,0,0,0,0,18,18,0,0,0,0,0,0,0,37,19,37,19,21,18,21
2063,Alberta,I&C to Cybersecurity,577652.4475775649,74317.24713663473,164601.3577005964,238918.6048372311,Industrial Cybersecurity Analyst,338733.84274033376,139875.8353383815,139875.8353383815,0.0,139200.9615232169,33484.92252548372,26172.12335325164,0.0,198858.00740195226,139875.8353383815,4887054.616412369,10924502.061742416,27308924.792281236,571461452.9798825,0,0,0,0,19,19,0,0,0,0,0,0,0,38,19,38,19,22,19,22
2064,Alberta,I&C to Cybersecurity,606881.6614249896,78701.62921374844,174246.99827024655,252948.627483995,Industrial Cybersecurity Analyst,353933.0339409946,145509.94818714587,145509.94818714587,0.0,146857.01440699384,34556.4400462992,27009.631300555695,0.0,208423.08575384872,145509.94818714587,5276917.295420133,12162462.216103805,31550773.459310565,743045398.8220344,0,0,0,0,20,20,0,0,0,0,0,0,0,39,19,39,19,23,20,23
2065,Alberta,I&C to Cybersecurity,637589.873493094,83307.8610239641,184380.70825272103,267688.5692766851,Industrial Cybersecurity Analyst,369901.30421640887,151430.96838707617,151430.96838707617,0.0,154934.15019937846,35662.246127780774,27873.939502173478,0.0,218470.3358293327,151430.96838707617,5692194.128578216,13530139.406101264,36434820.44659422,966110449.4370319,0,0,0,0,21,21,0,0,0,0,0,0,0,40,19,40,19,24,21,24
2066,Alberta,I&C to Cybersecurity,669851.9210918446,88147.16816377669,195027.18396030873,283174.3521240854,Industrial Cybersecurity Analyst,386677.56896775914,157652.69693730207,157652.69693730207,0.0,163455.5284603443,36803.438003869756,28765.905566243026,0.0,229024.87203045707,157652.69693730207,6134456.531944429,15040806.043648694,42057696.210520655,1256101236.9650788,0,0,0,0,22,22,0,0,0,0,0,0,0,41,19,41,19,25,22,25
2067,Alberta,I&C to Cybersecurity,703746.4282990919,93231.34424486378,206212.37133870035,299443.71558356413,Industrial Cybersecurity Analyst,404302.71271552774,164189.56762550812,164189.56762550812,0.0,172445.58252566322,37981.14801999359,29686.414544362804,0.0,240113.14509001962,164189.56762550812,6605368.926167158,16709076.215639072,48530540.209724255,1633095797.6222281,0,0,0,0,23,23,0,0,0,0,0,0,0,42,19,42,19,26,23,26
2068,Alberta,I&C to Cybersecurity,739355.997571026,98572.77963565389,217963.52919843857,316536.30883409246,Industrial Cybersecurity Analyst,422819.6887369335,171056.674605943,171056.674605943,0.0,181930.0895645747,39196.54475663339,30636.37980978242,0.0,251763.01413099052,171056.674605943,7106694.04708146,18551040.511808924,55981177.91578883,2123195593.5835025,0,0,0,0,24,24,0,0,0,0,0,0,0,43,19,43,19,27,24,27
2069,Alberta,I&C to Cybersecurity,776767.4110481198,104184.49165721796,230309.29564587952,334493.7873030975,Industrial Cybersecurity Analyst,442273.6237450223,178269.8011018549,178269.8011018549,0.0,191936.24449062627,40450.83418884566,31616.74396369546,0.0,264003.8226431674,178269.8011018549,7640298.550537389,20584414.364091676,64556624.404259,2760332541.4596553,0,0,0,0,25,25,0,0,0,0,0,0,0,44,19,44,19,28,25,28
2070,Alberta,I&C to Cybersecurity,816071.8420471548,110080.15630707322,243279.75787556107,353359.9141826343,Industrial Cybersecurity Analyst,462711.92786452046,185845.44927348732,185845.44927348732,0.0,202492.7379376107,41745.26088288872,32628.47977053371,0.0,276866.47859103314,185845.44927348732,8208158.927337746,22828701.24977433,74425963.51417133,3588618149.3468256,0,0,0,0,26,26,0,0,0,0,0,0,0,45,19,45,19,29,26,29
2071,Alberta,I&C to Cybersecurity,857365.0772547406,116274.1415882111,256906.52549406444,373180.66708227556,Industrial Cybersecurity Analyst,484184.4101724651,193800.87129395385,193800.87129395385,0.0,213629.8385241793,43081.10923114116,33672.59112319079,0.0,290383.53887851123,193800.87129395385,8812367.74499859,25305372.24604572,85783658.91259097,4665397395.022167,0,0,0,0,27,27,0,0,0,0,0,0,0,46,19,46,19,30,27,30
2072,Alberta,I&C to Cybersecurity,900747.7501638306,122781.54252457459,271222.8075540641,394004.35007863864,Industrial Cybersecurity Analyst,506743.40008519194,202154.10167651222,202154.10167651222,0.0,225379.47964300914,44459.70472653768,34750.114039132895,0.0,304589.2984086797,202154.10167651222,9455140.233925031,28038063.572326805,98853361.85115612,6065218767.630494,0,0,0,0,28,28,0,0,0,0,0,0,0,47,19,47,19,31,28,31
2073,Alberta,I&C to Cybersecurity,946325.5863221204,129618.21794831807,286263.49348629976,415881.7114346178,Industrial Cybersecurity Analyst,530443.8748875025,210923.9908979559,210923.9908979559,0.0,237775.35102337462,45882.41527778688,35862.117688385144,0.0,319519.8839895466,210923.9908979559,10138821.236519238,31052793.920457445,113892290.11972748,7884995321.910541,0,0,0,0,29,29,0,0,0,0,0,0,0,48,19,48,19,32,29,32
2074,Alberta,I&C to Cybersecurity,994209.6609900196,136800.82914850293,302065.23812670645,438866.06727520935,Industrial Cybersecurity Analyst,555343.5937148102,220130.24036406045,220130.24036406045,0.0,250852.9953296602,47350.65256667607,37009.70545441348,0.0,335213.35335074976,220130.24036406045,10865892.53870926,34378203.55286725,131196263.87805066,10250714048.724068,0,0,0,0,30,30,0,0,0,0,0,0,0,49,19,49,19,33,30,33
2075,Alberta,I&C to Cybersecurity,1044516.6698361146,137669.38,303976.05,441645.43,Industrial Cybersecurity Analyst,602871.2398361147,251161.44028555875,251161.44028555875,0.0,264649.9100727915,48865.8734488097,38194.01602895471,0.0,351709.79955055594,251161.44028555875,11660348.605930282,38067185.34843953,151126864.90004382,13326179424.781572,0,0,0,0,31,31,0,0,0,0,0,0,0,50,19,50,19,34,31,34
2026,Alberta,Cybersecurity Focus with Education,44625.0,3570.0,6247.500000000001,9817.5,Masters in Cybersecurity,34807.5,-18742.5,0.0,0.0,19200.0,10440.0,8160.0,15750.0,53550.0,-18742.5,0.0,0.0,0.0,0.0,0,0,0,0,1,1,1,1,1,0,0,0,0,0,0,0,0,1,1,1
2027,Alberta,Cybersecurity Focus with Education,44625.0,3570.0,6247.500000000001,9817.5,Masters in Cybersecurity,34807.5,-20393.699999999997,0.0,0.0,20256.0,10774.08,8421.119999999999,15750.0,55201.2,-20393.699999999997,0.0,0.0,0.0,0.0,0,0,0,0,2,2,2,2,2,0,0,0,0,0,0,0,0,2,2,2
2028,Alberta,Cybersecurity Focus with Education,44625.0,3570.0,6247.500000000001,9817.5,Masters in Cybersecurity,34807.5,-22122.026399999995,0.0,0.0,21370.079999999998,11118.850559999999,8690.59584,15750.0,56929.526399999995,-22122.026399999995,0.0,0.0,0.0,0.0,0,0,0,0,3,3,3,3,3,0,0,0,0,0,0,0,0,3,3,3
2029,Alberta,Cybersecurity Focus with Education,28875.0,2310.0,4042.5000000000005,6352.5,PhD in Cybersecurity,22522.5,-32278.7830848,0.0,0.0,22545.4344,11474.65377792,8968.694906880002,11812.5,54801.2830848,-32278.7830848,0.0,0.0,0.0,0.0,1,0,0,0,4,4,4,4,4,0,0,0,0,0,0,0,0,4,4,4
2030,Alberta,Cybersecurity Focus with Education,28875.0,2310.0,4042.5000000000005,6352.5,PhD in Cybersecurity,22522.5,-34172.969134713596,0.0,0.0,23785.433291999994,11841.842698813442,9255.69314390016,11812.5,56695.469134713596,-34172.969134713596,0.0,0.0,0.0,0.0,2,0,0,0,5,5,5,5,5,0,0,0,0,0,0,0,0,5,5,5
2031,Alberta,Cybersecurity Focus with Education,28875.0,2310.0,4042.5000000000005,6352.5,PhD in Cybersecurity,22522.5,-36156.28911274044,0.0,0.0,25093.632123059997,12220.781665175473,9551.875324504967,11812.5,58678.78911274044,-36156.28911274044,0.0,0.0,0.0,0.0,3,0,0,0,6,6,6,6,6,0,0,0,0,0,0,0,0,6,6,6
2032,Alberta,Cybersecurity Focus with Education,76647.71891024952,6440.771891024951,11908.787376601153,18349.559267626104,SOC Level 1 Analyst,58298.15964262342,9354.995739444916,9354.995739444916,0.0,26473.78188982829,12611.846678461088,9857.535334889126,0.0,48943.1639031785,9354.995739444916,9354.995739444916,9354.995739444916,9354.995739444916,9354.995739444916,3,0,0,0,7,7,7,7,7,0,0,0,0,0,0,0,0,6,6,6
2033,Alberta,Cybersecurity Focus with Education,80526.09348710814,6828.609348710814,12703.85416485717,19532.463513567986,SOC Level 1 Analyst,60993.629973540155,9875.387841993892,9875.387841993892,0.0,27929.839893768847,13015.42577217184,10172.976465605578,0.0,51118.24213154626,9875.387841993892,19698.133368411054,20165.8831553833,20633.632942355543,22036.882303272283,3,0,0,0,8,8,8,8,8,0,0,0,0,0,0,0,0,6,6,6
2034,Alberta,Cybersecurity Focus with Education,84600.7138175558,7236.071381755581,13539.15133259894,20775.22271435452,SOC Level 1 Analyst,63825.49110320129,10429.078905888862,10429.078905888862,0.0,29465.981087926128,13431.919396881343,10498.511712504956,0.0,53396.41219731243,10429.078905888862,31112.11894272047,32611.550376810494,34157.75678959773,39077.025900142835,3,0,0,0,9,9,9,9,9,0,0,0,0,0,0,0,0,6,6,6
2035,Alberta,Cybersecurity Focus with Education,88881.50993672413,7664.150993672414,14416.714537028449,22080.865530700863,SOC Level 1 Analyst,66800.64440602328,11017.82945337455,11017.82945337455,0.0,31086.610047762064,13861.740817581544,10834.464087305114,0.0,55782.814952648725,11017.82945337455,43685.554343231044,46890.534867866096,50299.24976141194,61817.963123560236,3,0,0,0,10,10,10,10,10,0,0,0,0,0,0,0,0,6,6,6
2036,Alberta,Cybersecurity Focus with Education,131058.12538880332,11881.812538880333,23833.642601088864,35715.4551399692,SOC Level 2 Analyst,95342.67024883413,37059.813186602114,37059.813186602114,0.0,32796.37360038898,14305.316523744154,11181.166938098879,0.0,58282.85706223201,37059.813186602114,82929.64524699471,88639.40154125483,94903.95041222585,117423.16524723043,4,0,0,0,11,11,11,11,11,0,0,0,0,0,0,0,0,6,6,6
2037,Alberta,Cybersecurity Focus with Education,137689.66653347676,12544.966653347677,25557.843298703956,38102.80995205163,SOC Level 2 Analyst,99586.85658142512,38684.63150039274,38684.63150039274,0.0,34600.17414841037,14763.086652503967,11538.964280118045,0.0,60902.22508103238,38684.63150039274,125760.7590097372,136187.97319577305,147824.17447445245,191334.7463217923,5,0,0,0,12,12,12,12,12,0,0,0,0,0,0,0,0,6,6,6
2038,Alberta,Cybersecurity Focus with Education,144656.7636600707,13241.67636600707,27369.28855161838,40610.96491762545,SOC Level 2 Analyst,104045.79874244524,40398.89845340639,40398.89845340639,0.0,36503.183726572934,15235.505425384097,11908.211137081822,0.0,63646.90028903885,40398.89845340639,172447.69541363046,190205.66896875674,210396.69909902668,289134.0686717364,6,0,0,0,13,13,13,13,13,0,0,0,0,0,0,0,0,6,6,6
2039,Alberta,Cybersecurity Focus with Education,151976.39590127027,13973.639590127028,29272.39293433027,43246.032524457296,SOC Level 2 Analyst,108730.36337681298,42207.1890528137,42207.1890528137,0.0,38510.858831534446,15723.041598996388,12289.273893468442,0.0,66523.17432399928,42207.1890528137,223277.2692371257,251433.4249184461,284163.39301669435,418081.478326071,7,0,0,0,14,14,14,14,14,0,0,0,0,0,0,0,0,6,6,6
2040,Alberta,Cybersecurity Focus with Education,159666.40153387454,14850.788184064944,31271.794398807382,46122.582582872325,SOC Level 2 Analyst,113543.8189510022,44006.15329550966,44006.15329550966,0.0,40628.95606726884,16226.178930164271,12682.530658059432,0.0,69537.66565549254,44006.15329550966,278447.28599449166,320582.9207058004,370794.0552647081,587512.0751194019,8,0,0,0,15,15,15,15,15,0,0,0,0,0,0,0,0,6,6,6
2041,Alberta,Cybersecurity Focus with Education,167745.5214514886,15820.282574178633,33372.365577387034,49192.64815156566,SOC Level 2 Analyst,118552.87329992294,45855.53635390746,45855.53635390746,0.0,42863.54865096862,16745.41665592953,13088.371639117333,0.0,72697.33694601548,45855.53635390746,338225.18664812366,398496.7491302879,472268.6999083217,809621.2340091299,9,0,0,0,16,16,16,16,16,0,0,0,0,0,0,0,0,6,6,6
2042,Alberta,Cybersecurity Focus with Education,176233.4448369339,16838.83338043207,35579.225657602816,52418.05903803489,SOC Level 2 Analyst,123815.385798899,47805.87245163876,47805.87245163876,0.0,45221.04382677189,17281.269988919274,13507.199531569087,0.0,76009.51334726025,47805.87245163876,402942.3184321686,486152.2964949555,590914.8773462088,1100313.4766635078,10,0,0,0,17,17,17,17,17,0,0,0,0,0,0,0,0,6,6,6
2043,Alberta,Cybersecurity Focus with Education,215237.8714318562,21820.633286141307,46734.3127152383,68554.9460013796,Industrial Cybersecurity Analyst,146682.9254304766,67201.02364808827,67201.02364808827,0.0,47708.20123724434,17834.270628564693,13939.429916579298,0.0,79481.90178238833,67201.02364808827,490290.45800186537,601968.5497925393,746753.1325962283,1497608.5433106485,10,0,0,0,18,18,17,17,17,0,0,0,0,1,0,1,0,7,7,7
2044,Alberta,Cybersecurity Focus with Education,226128.9077263081,23236.46800442005,49892.713240629346,73129.1812450494,Industrial Cybersecurity Analyst,152999.7264812587,69877.11521337731,69877.11521337731,0.0,50332.15230529279,18404.96728867876,14385.491673909835,0.0,83122.61126788138,69877.11521337731,584682.0961153359,732042.5199851706,928643.2176990397,2016768.2215172206,10,0,0,0,19,19,17,17,17,0,0,0,0,2,0,2,0,8,8,8
2045,Alberta,Cybersecurity Focus with Education,237571.0304572593,24723.94395944371,53210.9288326052,77934.8727920489,Industrial Cybersecurity Analyst,159636.1576652104,72695.98333373507,72695.98333373507,0.0,53100.42068208389,18993.926241916484,14845.827407474953,0.0,86940.17433147533,72695.98333373507,686612.1842548378,877942.7553174227,1140635.6836876306,2694494.671306122,10,0,0,0,20,20,17,17,17,0,0,0,0,3,0,3,0,9,9,9
2046,Alberta,Cybersecurity Focus with Education,249592.12459839662,26314.47744377553,56697.04613353502,83011.52357731055,Industrial Cybersecurity Analyst,166580.60102108607,75637.03143531561,75637.03143531561,0.0,56020.943819598484,19601.73188165781,15320.893884514153,0.0,90943.56958577046,75637.03143531561,796579.8249028954,1041374.0622844807,1387368.0676760906,3578480.1041332744,10,0,0,0,21,21,17,17,17,0,0,0,0,4,0,4,0,10,10,10
2047,Alberta,Cybersecurity Focus with Education,262221.4861030755,28082.588054430573,60509.14041401492,88591.7284684455,Industrial Cybersecurity Analyst,173629.75763463002,78487.51211426416,78487.51211426416,0.0,59102.095729676395,20228.98730187086,15811.162488818603,0.0,95142.24552036586,78487.51211426416,914896.3282623044,1223998.9806271929,1673960.7899417682,4730511.647487521,10,0,0,0,22,22,17,17,17,0,0,0,0,5,0,5,0,11,11,11
2048,Alberta,Cybersecurity Focus with Education,275489.89329989115,29940.165061984764,64887.71478896408,94827.87985094884,Industrial Cybersecurity Analyst,180662.0134489423,81115.86787014217,81115.86787014217,0.0,62352.7109948086,20876.31489553073,16317.1196884608,0.0,99546.14557880013,81115.86787014217,1041757.0125455619,1427514.7465600546,2006170.7763031754,6230781.009603919,10,0,0,0,23,23,17,17,17,0,0,0,0,6,0,6,0,12,12,12
2049,Alberta,Cybersecurity Focus with Education,289429.6819008656,31891.735466121183,69487.84502728564,101379.58049340683,Industrial Cybersecurity Analyst,188050.10140745874,83884.3668172564,83884.3668172564,0.0,65782.11009952307,21544.356972187717,16839.26751849155,0.0,104165.73459020234,83884.3668172564,1177729.2299900965,1654150.5880333167,2390980.759565908,8183899.679302352,10,0,0,0,24,24,17,17,17,0,0,0,0,7,0,7,0,13,13,13
2050,Alberta,Cybersecurity Focus with Education,304074.8238050494,33942.05533270692,74320.7418556663,108262.79718837322,Industrial Cybersecurity Analyst,195812.0266166762,86799.99998729835,86799.99998729835,0.0,69400.12615499683,22233.776395297726,17378.124079083278,0.0,109012.02662937784,86799.99998729835,1323415.6914769,1906365.6468239469,2836427.8734880923,10725869.583080355,10,0,0,0,25,25,17,17,17,0,0,0,0,8,0,8,0,14,14,14
2051,Alberta,Cybersecurity Focus with Education,319461.00988958485,36096.12138454188,79398.183263563,115494.30464810488,Industrial Cybersecurity Analyst,203966.70524147997,89870.0908583971,89870.0908583971,0.0,73217.13309352167,22945.257239947252,17934.224049613942,0.0,114096.61438308287,89870.0908583971,1479456.566909142,2186872.302364739,3351762.145369703,14033500.54886286,10,0,0,0,26,26,17,17,17,0,0,0,0,9,0,9,0,15,15,15
2052,Alberta,Cybersecurity Focus with Education,335625.73698999785,38359.183178599706,84732.5432066993,123091.726385299,Industrial Cybersecurity Analyst,212534.01060469885,93102.31050020637,93102.31050020637,0.0,77244.07541366534,23679.50547162556,18508.119219201588,0.0,119431.70010449248,93102.31050020637,1646531.7057548056,2498661.8431014195,3947628.7776753646,18336653.024021924,10,0,0,0,27,27,17,17,17,0,0,0,0,10,0,10,0,16,16,16
2053,Alberta,Cybersecurity Focus with Education,352608.39928169176,40736.75589943685,90336.82176295828,131073.57766239514,Industrial Cybersecurity Analyst,221534.82161929662,96504.69337694606,96504.69337694606,0.0,81492.49956141693,24437.249646717584,19100.379034216043,0.0,125030.12824235056,96504.69337694606,1825362.984419492,2845032.7207885077,4636277.787703616,23934153.624605447,10,0,0,0,28,28,17,17,17,0,0,0,0,11,0,11,0,17,17,17
2054,Alberta,Cybersecurity Focus with Education,370450.3842853453,43236.9376428018,96224.67681416396,139461.61445696576,Industrial Cybersecurity Analyst,230988.76982837956,100083.3499923612,100083.3499923612,0.0,85974.58703729487,25219.241635412545,19711.591163310954,0.0,130905.41983601837,100083.3499923612,2016714.4836328279,3229619.3428597203,5431802.805851518,31214483.061979443,10,0,0,0,29,29,17,17,17,0,0,0,0,12,0,12,0,18,18,18
2055,Alberta,Cybersecurity Focus with Education,389195.1737301838,46048.65605952757,102410.45733096066,148459.11339048823,Industrial Cybersecurity Analyst,240736.06033969557,103664.25156706685,103664.25156706685,0.0,90703.18932434608,26026.257367745748,20342.362080536906,0.0,137071.80877262872,103664.25156706685,2221214.459381536,3656245.5287127593,6350237.4782963125,40682492.23214034,10,0,0,0,30,30,17,17,17,0,0,0,0,13,0,13,0,19,19,19
2056,Alberta,Cybersecurity Focus with Education,408888.4495209311,49002.64742813967,108909.23834190727,157911.88577004694,Industrial Cybersecurity Analyst,250976.56375088418,107432.28374307137,107432.28374307137,0.0,95691.8647371851,26859.097603513612,20993.31766711409,0.0,143544.2800078128,107432.28374307137,2439707.4660936845,4129302.365327107,7410205.38378383,52994672.185525514,10,0,0,0,31,31,17,17,17,0,0,0,0,14,0,14,0,20,20,20
2057,Alberta,Cybersecurity Focus with Education,429578.2050666902,52106.11076000354,115736.85767200778,167842.96843201132,Industrial Cybersecurity Analyst,261735.2366346789,111396.62677766086,111396.62677766086,0.0,100954.91729773028,27718.588726826045,21665.103832461737,0.0,150338.60985701805,111396.62677766086,2673089.4661760298,4653629.228637479,8633132.818129065,69004470.46796083,10,0,0,0,32,32,17,17,17,0,0,0,0,15,0,15,0,21,21,21
2058,Alberta,Cybersecurity Focus with Education,451314.86224306474,55366.60933645972,122909.95454021136,178276.56387667108,Industrial Cybersecurity Analyst,273038.29836639366,115566.88989610324,115566.88989610324,0.0,106507.43774910542,28605.58356608448,22358.387155100514,0.0,157471.40847029042,115566.88989610324,2922310.8293809346,5234559.04139733,10043669.630744528,89821378.4982452,10,0,0,0,33,33,17,17,17,0,0,0,0,16,0,16,0,22,22,22
2059,Alberta,Cybersecurity Focus with Education,474151.3942725638,58792.08914088458,130446.01010994606,189238.09925083065,Industrial Cybersecurity Analyst,284913.29502173315,119953.13041216403,119953.13041216403,0.0,112365.34682530622,29520.962240199184,23073.85554406373,0.0,164960.16460956912,119953.13041216403,3188379.5012621456,5877968.075949228,11670173.20576837,116887745.17813092,10,0,0,0,34,34,17,17,17,0,0,0,0,17,0,17,0,23,23,23
2060,Alberta,Cybersecurity Focus with Education,498143.45482275554,62390.89822341333,138363.39009150933,200754.28831492265,Industrial Cybersecurity Analyst,297389.1665078329,124565.87365377549,124565.87365377549,0.0,118545.44090069806,30465.63303188556,23812.21892147377,0.0,172823.2928540574,124565.87365377549,3472364.3499790286,6590330.757197927,13545265.0602874,152078634.60522398,10,0,0,0,35,35,17,17,17,0,0,0,0,18,0,18,0,24,24,24
2061,Alberta,Cybersecurity Focus with Education,523349.5136367869,66171.80704551804,146681.3895001397,212853.19654565773,Industrial Cybersecurity Analyst,310496.31709112914,129416.13372502587,129416.13372502587,0.0,125065.44015023645,31440.5332889059,24574.20992696093,0.0,181080.18336610327,129416.13372502587,3775398.701203006,7378779.966642746,15706470.953055535,197831641.1205162,10,0,0,0,36,36,17,17,17,0,0,0,0,19,0,19,0,25,25,25
2062,Alberta,Cybersecurity Focus with Education,549830.9990268083,70144.02985402125,155420.27967884677,225564.30953286804,Industrial Cybersecurity Analyst,324266.68949394027,134515.43513666626,134515.43513666626,0.0,131944.03935849943,32446.63035415089,25360.584644623683,0.0,189751.254357274,134515.43513666626,4098684.0713998224,8251173.398443688,18196957.031150527,257315648.89180776,10,0,0,0,37,37,17,17,17,0,0,0,0,20,0,20,0,26,26,26
2063,Alberta,Cybersecurity Focus with Education,577652.4475775649,74317.24713663473,164601.3577005964,238918.6048372311,Industrial Cybersecurity Analyst,338733.84274033376,139875.8353383815,139875.8353383815,0.0,139200.9615232169,33484.92252548372,26172.12335325164,0.0,198858.00740195226,139875.8353383815,4443494.1103081945,9216166.57362644,21066376.421161484,334650219.3946885,10,0,0,0,38,38,17,17,17,0,0,0,0,21,0,21,0,27,27,27
2064,Alberta,Cybersecurity Focus with Education,606881.6614249896,78701.62921374844,174246.99827024655,252948.627483995,Industrial Cybersecurity Analyst,353933.0339409946,145509.94818714587,145509.94818714587,0.0,146857.01440699384,34556.4400462992,27009.631300555695,0.0,208423.08575384872,145509.94818714587,4811178.76401075,10283293.179176232,24371842.83252285,435190795.16128224,10,0,0,0,39,39,17,17,17,0,0,0,0,22,0,22,0,28,28,28
2065,Alberta,Cybersecurity Focus with Education,637589.873493094,83307.8610239641,184380.70825272103,267688.5692766851,Industrial Cybersecurity Analyst,369901.30421640887,151430.96838707617,151430.96838707617,0.0,154934.15019937846,35662.246127780774,27873.939502173478,0.0,218470.3358293327,151430.96838707617,5203168.6705983635,11463053.465480933,28179050.22578835,565899464.6780541,10,0,0,0,40,40,17,17,17,0,0,0,0,23,0,23,0,29,29,29
2066,Alberta,Cybersecurity Focus with Education,669851.9210918446,88147.16816377669,195027.18396030873,283174.3521240854,Industrial Cybersecurity Analyst,386677.56896775914,157652.69693730207,157652.69693730207,0.0,163455.5284603443,36803.438003869756,28765.905566243026,0.0,229024.87203045707,157652.69693730207,5620979.801065584,12767011.508966329,32563560.4565939,735826956.7784077,10,0,0,0,41,41,17,17,17,0,0,0,0,24,0,24,0,30,30,30
2067,Alberta,Cybersecurity Focus with Education,703746.4282990919,93231.34424486378,206212.37133870035,299443.71558356413,Industrial Cybersecurity Analyst,404302.71271552774,164189.56762550812,164189.56762550812,0.0,172445.58252566322,37981.14801999359,29686.414544362804,0.0,240113.14509001962,164189.56762550812,6066218.358744371,14207902.227488471,37612284.09270849,956739233.3795556,10,0,0,0,42,42,17,17,17,0,0,0,0,25,0,25,0,31,31,31
2068,Alberta,Cybersecurity Focus with Education,739355.997571026,98572.77963565389,217963.52919843857,316536.30883409246,Industrial Cybersecurity Analyst,422819.6887369335,171056.674605943,171056.674605943,0.0,181930.0895645747,39196.54475663339,30636.37980978242,0.0,251763.01413099052,171056.674605943,6540585.951287533,15799749.124843262,43425183.381220706,1243932060.0680282,10,0,0,0,43,43,17,17,17,0,0,0,0,26,0,26,0,32,32,32
2069,Alberta,Cybersecurity Focus with Education,776767.4110481198,104184.49165721796,230309.29564587952,334493.7873030975,Industrial Cybersecurity Analyst,442273.6237450223,178269.8011018549,178269.8011018549,0.0,191936.24449062627,40450.83418884566,31616.74396369546,0.0,264003.8226431674,178269.8011018549,7045885.049953765,17557993.838429447,50117230.68950567,1617289947.8895388,10,0,0,0,44,44,17,17,17,0,0,0,0,27,0,27,0,33,33,33
2070,Alberta,Cybersecurity Focus with Education,816071.8420471548,110080.15630707322,243279.75787556107,353359.9141826343,Industrial Cybersecurity Analyst,462711.92786452046,185845.44927348732,185845.44927348732,0.0,202492.7379376107,41745.26088288872,32628.47977053371,0.0,276866.47859103314,185845.44927348732,7584024.751724942,19499638.671545878,57820660.742205,2102662777.7056742,10,0,0,0,45,45,17,17,17,0,0,0,0,28,0,28,0,34,34,34
2071,Alberta,Cybersecurity Focus with Education,857365.0772547406,116274.1415882111,256906.52549406444,373180.66708227556,Industrial Cybersecurity Analyst,484184.4101724651,193800.87129395385,193800.87129395385,0.0,213629.8385241793,43081.10923114116,33672.59112319079,0.0,290383.53887851123,193800.87129395385,8157026.860605143,21643403.409994423,66687560.7248297,2733655411.8886704,10,0,0,0,46,46,17,17,17,0,0,0,0,29,0,29,0,35,35,35
2072,Alberta,Cybersecurity Focus with Education,900747.7501638306,122781.54252457459,271222.8075540641,394004.35007863864,Industrial Cybersecurity Analyst,506743.40008519194,202154.10167651222,202154.10167651222,0.0,225379.47964300914,44459.70472653768,34750.114039132895,0.0,304589.2984086797,202154.10167651222,8767032.305311913,24009897.85267038,76892848.93523066,3553954189.556948,10,0,0,0,47,47,17,17,17,0,0,0,0,30,0,30,0,36,36,36
2073,Alberta,Cybersecurity Focus with Education,946325.5863221204,129618.21794831807,286263.49348629976,415881.7114346178,Industrial Cybersecurity Analyst,530443.8748875025,210923.9908979559,210923.9908979559,0.0,237775.35102337462,45882.41527778688,35862.117688385144,0.0,319519.8839895466,210923.9908979559,9416307.911475465,26621811.628835376,88637700.2664132,4620351370.414931,10,0,0,0,48,48,17,17,17,0,0,0,0,31,0,31,0,37,37,37
2074,Alberta,Cybersecurity Focus with Education,994209.6609900196,136800.82914850293,302065.23812670645,438866.06727520935,Industrial Cybersecurity Analyst,555343.5937148102,220130.24036406045,220130.24036406045,0.0,250852.9953296602,47350.65256667607,37009.70545441348,0.0,335213.35335074976,220130.24036406045,10107253.547413299,29504123.032082975,102153485.54673924,6006676911.779775,10,0,0,0,49,49,17,17,17,0,0,0,0,32,0,32,0,38,38,38
2075,Alberta,Cybersecurity Focus with Education,1044516.6698361146,137669.38,303976.05,441645.43,Industrial Cybersecurity Analyst,602871.2398361147,251161.44028555875,251161.44028555875,0.0,264649.9100727915,48865.8734488097,38194.01602895471,0.0,351709.79955055594,251161.44028555875,10863777.665069522,32705696.775576834,117727669.81903568,7808931146.753993,10,0,0,0,50,50,17,17,17,0,0,0,0,33,0,33,0,39,39,39
2026,British Columbia,Cybersecurity Focus,56000.0,2982.4168,7840.000000000001,10822.4168,SOC Level 1 Analyst,45177.5832,897.5832000000009,897.5832000000009,0.0,24600.0,11040.0,8640.0,0.0,44280.0,897.5832000000009,897.5832000000009,897.5832000000009,897.5832000000009,897.5832000000009,0,0,0,0,1,1,1,1,1,0,0,0,0,0,0,0,0,0,0,0
2027,British Columbia,Cybersecurity Focus,58833.6,3200.604,8256.893,11457.497,SOC Level 1 Analyst,47376.103,1054.3029999999999,1054.3029999999999,0.0,25953.0,11426.4,8942.4,0.0,46321.8,1054.3029999999999,1996.7653600000008,2041.644520000001,2086.523680000001,2221.1611600000015,0,0,0,0,2,2,2,2,2,0,0,0,0,0,0,0,0,0,0,0
2028,British Columbia,Cybersecurity Focus,61810.58015999999,3429.831472319999,8867.173932799999,12297.005405119999,SOC Level 1 Analyst,49513.57475487999,1051.4517548799922,1051.4517548799922,0.0,27380.415,11826.323999999999,9255.383999999998,0.0,48462.123,1051.4517548799922,3148.055382879993,3297.2607268799934,3450.9539868799934,3938.961262879994,0,0,0,0,3,3,3,3,3,0,0,0,0,0,0,0,0,0,0,0
2029,British Columbia,Cybersecurity Focus,64938.195516096,3670.657854739392,9508.335080799681,13178.992935539074,SOC Level 1 Analyst,51759.20258055693,1053.2969755569356,1053.2969755569356,0.0,28886.337824999995,12240.245339999998,9579.322439999998,0.0,50705.90560499999,1053.2969755569356,4358.755127580928,4680.283775124928,5021.894060468928,6173.946617300928,0,0,0,0,4,4,4,4,4,0,0,0,0,0,0,0,0,0,0,0
2030,British Columbia,Cybersecurity Focus,95026.3807199717,5987.448115437821,15676.413047594198,21663.86116303202,SOC Level 2 Analyst,73362.51955693967,20304.180499264687,20304.180499264687,0.0,30475.086405374997,12668.653926899995,9914.598725399997,0.0,53058.33905767499,20304.180499264687,24880.87338322466,25452.49265190211,26079.358668803954,28330.31110175589,1,0,0,0,5,5,5,5,5,0,0,0,0,0,0,0,0,0,0,0
2031,British Columbia,Cybersecurity Focus,99834.71558440226,6357.689899998974,16662.121694802467,23019.811594801442,SOC Level 2 Analyst,76814.90398960082,21290.021336799706,21290.021336799706,0.0,32151.216157670617,13112.056814341497,10261.609680788995,0.0,55524.88265280111,21290.021336799706,47414.9383891856,49287.76325389203,51281.28380592425,58119.425769082365,2,0,0,0,6,6,6,6,6,0,0,0,0,0,0,0,0,0,0,0
2032,British Columbia,Cybersecurity Focus,104886.35219297303,6863.099780262168,17697.707199559474,24560.806979821642,SOC Level 2 Analyst,80325.54521315139,22214.26734434884,22214.26734434884,0.0,33919.5330463425,13570.978802843445,10620.766019616609,0.0,58111.27786880255,22214.26734434884,71999.95265299373,76430.80692363007,81187.74372116172,97769.52084415592,3,0,0,0,7,7,7,7,7,0,0,0,0,0,0,0,0,0,0,0
2033,British Columbia,Cybersecurity Focus,110193.60161393746,7420.360969463432,18785.69333085718,26206.05430032061,SOC Level 2 Analyst,83987.54731361684,23163.984058479356,23163.984058479356,0.0,35785.10736389133,14045.963060942966,10992.49283030319,0.0,60823.56325513749,23163.984058479356,98763.93434412277,107237.87167447244,116529.88933781533,150264.36115588207,4,0,0,0,8,8,8,8,8,0,0,0,0,0,0,0,0,0,0,0
2034,British Columbia,Cybersecurity Focus,115769.39785560269,8007.99259645357,19928.73156039855,27936.72415685212,SOC Level 2 Analyst,87832.67369875056,24164.583582405437,24164.583582405437,0.0,37753.28826890535,14537.571768075966,11377.230079363802,0.0,63668.09011634512,24164.583582405437,127866.71464373435,142126.24242432514,158173.95632089305,219508.25308505213,5,0,0,0,9,9,9,9,9,0,0,0,0,0,0,0,0,0,0,0
2035,British Columbia,Cybersecurity Focus,121627.32938709618,8727.93238167412,21381.635640645007,30109.568022319127,SOC Level 2 Analyst,91517.76136477705,24866.222328981734,24866.222328981734,0.0,39829.71912369515,15046.386779958626,11775.433132141534,0.0,66651.53903579531,24866.222328981734,159126.2727049028,181205.0889957394,206766.27209800872,310226.9513395495,6,0,0,0,10,10,10,10,10,0,0,0,0,0,0,0,0,0,0,0
2036,British Columbia,Cybersecurity Focus,127781.67225408324,9484.30112002683,22981.76478606164,32466.065906088472,SOC Level 2 Analyst,95315.60634799476,25534.669063472713,25534.669063472713,0.0,42020.35367549838,15573.010317257176,12187.573291766486,0.0,69780.93728452205,25534.669063472713,192617.25540362066,224860.2669587861,263315.8819761827,428829.70580488705,7,0,0,0,11,11,11,11,11,0,0,0,0,0,0,0,0,0,0,0
2037,British Columbia,Cybersecurity Focus,154900.87485016137,13165.999202973722,30032.757461041958,43198.75666401568,Industrial Cybersecurity Analyst,111702.1181861457,38638.441023155436,38638.441023155436,0.0,44331.47312765078,16118.065678361178,12614.138356978314,0.0,73063.67716299027,38638.441023155436,240886.55919695713,285984.7346778201,341451.70529576554,596117.0585695086,7,0,0,0,12,12,11,11,11,0,0,0,0,1,0,1,0,1,1,1
2038,British Columbia,Cybersecurity Focus,162738.85911757953,14318.182890284192,32070.63337057068,46388.816260854874,Industrial Cybersecurity Analyst,116350.04285672466,39842.50753047671,39842.50753047671,0.0,46769.704149671576,16682.197977103817,13055.633199472551,0.0,76507.53532624795,39842.50753047671,292773.3946872817,354425.71567607886,432511.96862060705,814794.6836708379,7,0,0,0,13,13,11,11,11,0,0,0,0,2,0,2,0,2,2,2
2039,British Columbia,Cybersecurity Focus,170973.44538892905,15528.66707217257,34211.625801121554,49740.29287329412,Industrial Cybersecurity Analyst,121233.15251563492,41112.45936997488,41112.45936997488,0.0,49342.03787790351,17266.07490630245,13512.580361454091,0.0,80120.69314566004,41112.45936997488,348524.5237916206,430980.74661366164,538501.2232836729,1100345.5481420641,7,0,0,0,14,14,11,11,11,0,0,0,0,3,0,3,0,3,3,3
2040,British Columbia,Cybersecurity Focus,179624.70172560884,16800.4017536645,36460.952448658296,53261.35420232279,Industrial Cybersecurity Analyst,126363.34752328605,42451.58935996985,42451.58935996985,0.0,52055.849961188185,17870.387528023035,13985.520674104984,0.0,83911.7581633162,42451.58935996985,408402.3393411715,516530.41063499765,661727.9961361936,1472900.8019446533,7,0,0,0,15,15,11,11,11,0,0,0,0,4,0,4,0,4,4,4
2041,British Columbia,Cybersecurity Focus,188713.71163292468,18136.486210039926,39042.306373548156,57178.79258358808,Industrial Cybersecurity Analyst,131534.9190493366,43645.13235108057,43645.13235108057,0.0,54918.921709053546,18495.85109150384,14475.013897698656,0.0,87889.78669825604,43645.13235108057,472467.5886593106,611828.5840495779,804632.3279077031,1958416.17487913,7,0,0,0,16,16,11,11,11,0,0,0,0,5,0,5,0,5,5,5
2042,British Columbia,Cybersecurity Focus,198262.62544155066,19705.18667418051,41811.491378049686,61516.6780522302,Industrial Cybersecurity Analyst,136745.94738932047,44681.63972244441,44681.63972244441,0.0,57939.46240305148,19143.20587970647,14981.639384118107,0.0,92064.30766687606,44681.63972244441,540772.6078147206,717693.0821769801,970008.816816303,2590622.6670653136,7,0,0,0,17,17,11,11,11,0,0,0,0,6,0,6,0,6,6,6
2043,British Columbia,Cybersecurity Focus,208294.7142888931,21390.577600534038,44720.797143779,66111.37474431304,Industrial Cybersecurity Analyst,142183.33954458006,45737.991861302304,45737.991861302304,0.0,61126.132835219316,19813.218085496195,15505.996762562238,0.0,96445.34768327775,45737.991861302304,613549.2300667589,835200.3822559805,1161248.1312000507,3413547.45904621,7,0,0,0,18,18,11,11,11,0,0,0,0,7,0,7,0,7,7,7
2044,British Columbia,Cybersecurity Focus,218834.42683191106,23161.249307761056,47777.313781254205,70938.56308901525,Industrial Cybersecurity Analyst,147895.8637428958,46852.40623399895,46852.40623399895,0.0,64488.07014115638,20506.680718488562,16048.706649251919,0.0,101043.45750889686,46852.40623399895,691079.0978040958,965572.8267155776,1382287.7571140572,4484464.102994072,7,0,0,0,19,19,11,11,11,0,0,0,0,8,0,8,0,8,8,8
2045,British Columbia,Cybersecurity Focus,229907.44882960577,25021.517003373767,50988.49016058567,76010.00716395944,Industrial Cybersecurity Analyst,153897.44166564633,48027.70174111496,48027.70174111496,0.0,68034.91399891998,21224.41454363566,16610.411381975733,0.0,105869.73992453137,48027.70174111496,773660.7544354156,1110157.8111282503,1637658.6224222807,5877831.035633409,7,0,0,0,20,20,11,11,11,0,0,0,0,9,0,9,0,9,9,9
2046,British Columbia,Cybersecurity Focus,241540.76574038382,26975.914244384483,54362.15206471131,81338.0663090958,Industrial Cybersecurity Analyst,160202.69943128803,49266.82032941967,49266.82032941967,0.0,71776.83426886056,21967.269052662905,17191.775780344884,0.0,110935.87910186836,49266.82032941967,861610.6124866061,1270440.412570495,1932574.2361150424,7690447.166652852,7,0,0,0,21,21,11,11,11,0,0,0,0,10,0,10,0,10,10,10
2047,British Columbia,Cybersecurity Focus,253762.72848684725,29029.203985790336,57906.5212611857,86935.72524697604,Industrial Cybersecurity Analyst,166827.0032398712,50572.83168406025,50572.83168406025,0.0,75724.5601536479,22736.123469506107,17793.487932656953,0.0,116254.17155581096,50572.83168406025,955263.9747949968,1448057.2855116047,2273033.203216359,10048154.148332767,7,0,0,0,22,22,11,11,11,0,0,0,0,11,0,11,0,11,11,11
2048,British Columbia,Cybersecurity Focus,266603.12254828174,31008.6256,61955.08044093297,92963.70604093297,Industrial Cybersecurity Analyst,173639.41650734877,51801.857744011504,51801.857744011504,0.0,79889.41096209851,23531.887790938817,18416.260010299942,0.0,121837.55876333726,51801.857744011504,1054829.031278758,1644664.8718067768,2665790.041442824,13114402.25057661,7,0,0,0,23,23,11,11,11,0,0,0,0,12,0,12,0,12,12,12
2049,British Columbia,Cybersecurity Focus,280093.2405492248,31008.6256,66406.81938124418,97415.44498124417,Industrial Cybersecurity Analyst,182677.79556798062,54978.13402868455,54978.13402868455,0.0,84283.32856501394,24355.503863621674,19060.82911066044,0.0,127699.66153929607,54978.13402868455,1162548.6168713807,1864109.4930161394,3120636.681687932,17103701.059778277,7,0,0,0,24,24,11,11,11,0,0,0,0,13,0,13,0,13,13,13
2050,British Columbia,Cybersecurity Focus,294265.95852101553,31008.6256,71083.81631193512,102092.44191193512,Industrial Cybersecurity Analyst,192173.51660908043,58318.70034460875,58318.70034460875,0.0,88918.9116360897,25207.946498848432,19727.958129533556,0.0,133854.81626447168,58318.70034460875,1278994.7480595587,2108839.142662362,3647050.8842857303,22293130.07805637,7,0,0,0,25,25,11,11,11,0,0,0,0,14,0,14,0,14,14,14
2051,British Columbia,Cybersecurity Focus,309155.8160221789,31008.6256,75997.46928731905,107006.09488731905,Industrial Cybersecurity Analyst,202149.72113485986,61831.6080684099,61831.6080684099,0.0,93809.45177607462,26090.22462630812,20418.436664067227,0.0,140318.11306644997,61831.6080684099,1404776.0935309464,2381554.6649970086,4255940.124996999,29042900.70954169,7,0,0,0,26,26,11,11,11,0,0,0,0,15,0,15,0,15,15,15
2052,British Columbia,Cybersecurity Focus,324799.10031290114,31008.6256,81159.75310325738,112168.37870325737,Industrial Cybersecurity Analyst,212630.72160964378,65525.28555034657,65525.28555034657,0.0,98968.97162375873,27003.382488228905,21133.08194730958,0.0,147105.4360592972,65525.28555034657,1540540.1837578404,2685235.4170470564,4959856.429296895,37821296.20795455,7,0,0,0,27,27,11,11,11,0,0,0,0,16,0,16,0,16,16,16
2053,British Columbia,Cybersecurity Focus,341233.93478873395,31008.6256,86583.2484802822,117591.8740802822,Industrial Cybersecurity Analyst,223642.06070845175,69408.55495460398,69408.55495460398,0.0,104412.26506306544,27948.500875316913,21872.739815465415,0.0,154233.50575384777,69408.55495460398,1686975.7479003365,3023167.513706366,5773243.448646033,49237093.62529552,7,0,0,0,28,28,11,11,11,0,0,0,0,17,0,17,0,17,17,17
2054,British Columbia,Cybersecurity Focus,358500.3718890439,31008.6256,92281.17272338449,123289.79832338449,Industrial Cybersecurity Analyst,235210.5735656594,73490.64980916565,73490.64980916565,0.0,110154.93964153405,28926.698405953008,22638.2857090067,0.0,161719.92375649375,73490.64980916565,1844815.1851045191,3398974.9148861687,6712720.615752104,64081712.36269335,7,0,0,0,29,29,11,11,11,0,0,0,0,18,0,18,0,18,18,18
2055,British Columbia,Cybersecurity Focus,376640.49070662947,31008.6256,98267.41193318773,129276.03753318773,Industrial Cybersecurity Analyst,247364.45317344175,77781.23329264004,77781.23329264004,0.0,116213.46132181841,29939.13285016136,23430.62570882193,0.0,169583.2198808017,77781.23329264004,2014837.177652385,3816653.6396674262,7797409.9414075585,83384007.304794,7,0,0,0,30,30,11,11,11,0,0,0,0,19,0,19,0,19,19,19
2056,British Columbia,Cybersecurity Focus,395698.49953638494,31008.6256,104556.55484700704,135565.18044700703,Industrial Cybersecurity Analyst,260133.3190893779,82290.4172863118,82290.4172863118,0.0,122605.20169451842,30987.002499917005,24250.6976086307,0.0,177842.9018030661,82290.4172863118,2197869.4538213164,4280609.420920481,9049311.849905005,108481499.9135185,7,0,0,0,31,31,11,11,11,0,0,0,0,20,0,20,0,20,20,20
2057,British Columbia,Cybersecurity Focus,415720.843612926,31008.6256,111163.92839226559,142172.5539922656,Industrial Cybersecurity Analyst,273548.2896206604,87028.78222059662,87028.78222059662,0.0,129348.48778771692,32071.547587414098,25099.472024932773,0.0,186519.5074000638,87028.78222059662,2394791.708732979,4795699.145233126,10493737.409611352,141112978.66979465,7,0,0,0,32,32,11,11,11,0,0,0,0,21,0,21,0,21,21,21
2058,British Columbia,Cybersecurity Focus,436756.31829974,31008.6256,118105.63503891422,149114.26063891422,Industrial Cybersecurity Analyst,287642.0576608258,92007.39774600544,92007.39774600544,0.0,136462.65461604134,33194.05175297358,25977.953545805412,0.0,195634.65991482034,92007.39774600544,2606538.6919156336,5367276.457502444,12159805.41879906,183538879.66847906,7,0,0,0,33,33,11,11,11,0,0,0,0,22,0,22,0,22,22,22
2059,British Columbia,Cybersecurity Focus,458856.1880057069,31008.6256,125398.59204188327,156407.21764188327,Industrial Cybersecurity Analyst,302448.9703638236,97237.84425966372,97237.84425966372,0.0,143968.1006199236,34355.84356432766,26887.181919908602,0.0,205211.12610415986,97237.84425966372,2834103.470771079,6001241.947512353,14081014.075878581,238697781.41328242,7,0,0,0,34,34,11,11,11,0,0,0,0,23,0,23,0,23,23,23
2060,British Columbia,Cybersecurity Focus,482074.31111879565,31008.6256,133060.57266920258,164069.19826920258,Industrial Cybersecurity Analyst,318005.11284959305,102732.23531938915,102732.23531938915,0.0,151886.34615401938,35558.29808907912,27828.233287105402,0.0,215272.8775302039,102732.23531938915,3078540.879629022,6704098.3775829775,16295898.422579756,310409848.07258654,7,0,0,0,35,35,11,11,11,0,0,0,0,24,0,24,0,24,24,24
2061,British Columbia,Cybersecurity Focus,506467.27126140665,31008.6256,141110.2495162642,172118.8751162642,Industrial Cybersecurity Analyst,334348.3961451425,108503.2409783011,108503.2409783011,0.0,160240.09519249044,36802.83852219689,28802.22145215409,0.0,225845.1551668414,108503.2409783011,3340971.164588774,7483011.456319577,18848786.42694502,403641305.73534083,7,0,0,0,36,36,11,11,11,0,0,0,0,25,0,25,0,25,25,25
2062,British Columbia,Cybersecurity Focus,532094.5151872338,31008.6256,149567.24001178716,180575.86561178716,Industrial Cybersecurity Analyst,351518.6495754466,114564.11207391595,114564.11207391595,0.0,169053.3004280774,38090.937870473776,29810.299202979477,0.0,236954.53750153066,114564.11207391595,3622583.834892129,8345876.714025452,21790668.503060687,524848261.568017,7,0,0,0,37,37,11,11,11,0,0,0,0,26,0,26,0,26,26,26
2063,British Columbia,Cybersecurity Focus,559018.4976557079,31008.6256,158452.1542263836,189460.7798263836,Industrial Cybersecurity Analyst,369557.7178293243,120928.70550667855,120928.70550667855,0.0,178351.23195162165,39424.12069594036,30853.659675083756,0.0,248629.01232264575,120928.70550667855,3924641.732143414,9301393.090934677,25180197.484026466,682423668.7439288,7,0,0,0,38,38,11,11,11,0,0,0,0,27,0,27,0,27,27,27
2064,British Columbia,Cybersecurity Focus,587304.8336370867,31008.6256,167786.64510023862,198795.27070023862,Industrial Cybersecurity Analyst,388509.56293684803,127611.5105438772,127611.5105438772,0.0,188160.54970896087,40803.96492029827,31933.537763711684,0.0,260898.05239297083,127611.5105438772,4248485.329294462,10359143.910572022,29084838.61717431,887278380.8776513,7,0,0,0,39,39,11,11,11,0,0,0,0,28,0,28,0,28,28,28
2065,British Columbia,Cybersecurity Focus,617022.4582191232,31008.6256,177593.46121231065,208602.08681231065,Industrial Cybersecurity Analyst,408420.37140681257,134627.6761859086,134627.6761859086,0.0,198509.37994295364,42232.1036925087,33051.2115854416,0.0,273792.69522090396,134627.6761859086,4595537.271945094,11529685.977815133,33582192.08593636,1153596522.8171327,7,0,0,0,40,40,11,11,11,0,0,0,0,29,0,29,0,29,29,29
2066,British Columbia,Cybersecurity Focus,648243.7946050109,31008.6256,187896.5022196536,218905.1278196536,Industrial Cybersecurity Analyst,429338.6667853573,141993.0396328626,141993.0396328626,0.0,209427.3958398161,43710.227321746504,34208.00399093205,0.0,287345.6271524947,141993.0396328626,4967307.175175211,12824647.61522951,38761513.93845967,1499817472.7019055,7,0,0,0,41,41,11,11,11,0,0,0,0,30,0,30,0,30,30,30
2067,British Columbia,Cybersecurity Focus,681044.9306120244,31008.6256,198720.87710196804,229729.50270196804,Industrial Cybersecurity Analyst,451315.4279100563,149724.155890428,149724.155890428,0.0,220945.902611006,45240.08527800763,35405.28413061467,0.0,301591.2720196283,149724.155890428,5365396.6898244005,14256836.53264289,44725465.18511905,1949912438.6683676,7,0,0,0,42,42,11,11,11,0,0,0,0,31,0,31,0,31,31,31
2068,British Columbia,Cybersecurity Focus,715505.8041009929,31008.6256,210092.96535332763,241101.59095332763,Industrial Cybersecurity Analyst,474404.21314766526,157838.32855512988,157838.32855512988,0.0,233097.92725461134,46823.48826273789,36644.46907518618,0.0,316565.8845925354,157838.32855512988,5791504.85287075,15840358.514462309,51592123.29144203,2535044008.597433,7,0,0,0,43,43,11,11,11,0,0,0,0,32,0,32,0,32,32,32
2069,British Columbia,Cybersecurity Focus,751710.397788503,31008.6256,222040.481270206,253049.106870206,Industrial Cybersecurity Analyst,498661.290918297,166353.6418199307,166353.6418199307,0.0,245918.31325361494,48462.31035193371,37927.02549281769,0.0,332307.6490983663,166353.6418199307,6247433.737334219,17590748.007728472,59497295.42697826,3295723564.818483,7,0,0,0,44,44,11,11,11,0,0,0,0,33,0,33,0,33,33,33
2070,British Columbia,Cybersecurity Focus,789746.9439166014,31008.6256,234592.54149247846,265601.1670924785,Industrial Cybersecurity Analyst,524145.7768241229,175288.99374224147,175288.99374224147,0.0,259443.8204825637,50158.49121425139,39254.47138506631,0.0,348856.7830818814,175288.99374224147,6735094.417943171,19525111.802243564,68597178.73476724,4284615923.2577705,7,0,0,0,45,45,11,11,11,0,0,0,0,34,0,34,0,34,34,34
2071,British Columbia,Cybersecurity Focus,829708.1392787813,31008.6256,247779.73596199782,278788.3615619978,Industrial Cybersecurity Analyst,550919.7777167835,184664.13081738498,184664.13081738498,0.0,273713.2306091047,51914.03840675019,40628.377883543624,0.0,366255.6468993985,184664.13081738498,7256513.269657715,21662287.113285307,79071419.67579971,5570185364.365919,7,0,0,0,46,46,11,11,11,0,0,0,0,35,0,35,0,35,35,35
2072,British Columbia,Cybersecurity Focus,871691.3711262877,31008.6256,261634.20247167494,292642.8280716749,Industrial Cybersecurity Analyst,579048.5430546128,194499.68390155328,194499.68390155328,0.0,288767.4582926055,53731.02975098644,42050.37110946765,0.0,384548.85915305954,194499.68390155328,7813838.617042154,24023015.50851539,91126632.31107122,7241435473.359597,7,0,0,0,47,47,11,11,11,0,0,0,0,36,0,36,0,36,36,36
2073,British Columbia,Cybersecurity Focus,915798.9545052778,31008.6256,276189.7049867417,307198.3305867417,Industrial Cybersecurity Analyst,608600.6239185361,204817.20552926743,204817.20552926743,0.0,304649.66849869874,55611.61579227096,43522.13409829901,0.0,403783.4183892687,204817.20552926743,8409347.753423529,26630134.264896203,105000444.36326116,9414070932.573008,7,0,0,0,48,48,11,11,11,0,0,0,0,37,0,37,0,37,37,37
2074,British Columbia,Cybersecurity Focus,962138.3816032447,31008.6256,291481.7159290708,322490.34152907075,Industrial Cybersecurity Analyst,639648.040074174,215639.2086713069,215639.2086713069,0.0,321405.40026612714,57558.02234500044,45045.40879173947,0.0,424008.83140286704,215639.2086713069,9045454.349766012,29508786.90005713,120966150.22642162,12238507851.553581,7,0,0,0,49,49,11,11,11,0,0,0,0,38,0,38,0,38,38,38
2075,British Columbia,Cybersecurity Focus,1010822.5837123691,31008.6256,303976.05,334984.67559999996,Industrial Cybersecurity Analyst,675837.9081123691,230560.6596050792,230560.6596050792,0.0,339082.6972807641,59572.55312707546,46621.99809945036,0.0,445277.2485072899,230560.6596050792,9728287.726859393,32690226.249667924,139341633.41998994,15910290767.67926,7,0,0,0,50,50,11,11,11,0,0,0,0,39,0,39,0,39,39,39
2026,British Columbia,I&C to Cybersecurity,18333.333333333332,927.6666666666666,2566.6666666666665,3494.333333333333,I&C Engineering Diploma,14839.0,-36774.333333333336,0.0,0.0,24600.0,11040.0,8640.0,7333.333333333333,51613.333333333336,-36774.333333333336,0.0,0.0,0.0,0.0,0,0,0,0,0,0,0,0,0,0,0,0,0,1,1,1,1,1,0,1
2027,British Columbia,I&C to Cybersecurity,18333.333333333332,927.6666666666666,2566.6666666666665,3494.333333333333,I&C Engineering Diploma,14839.0,-38816.13333333334,0.0,0.0,25953.0,11426.4,8942.4,7333.333333333333,53655.13333333334,-38816.13333333334,0.0,0.0,0.0,0.0,0,0,0,0,0,0,0,0,0,0,0,0,0,2,2,2,2,2,0,2
2028,British Columbia,I&C to Cybersecurity,18333.333333333332,927.6666666666666,2566.6666666666665,3494.333333333333,I&C Engineering Diploma,14839.0,-40956.456333333335,0.0,0.0,27380.415,11826.323999999999,9255.383999999998,7333.333333333333,55795.456333333335,-40956.456333333335,0.0,0.0,0.0,0.0,0,0,0,0,0,0,0,0,0,0,0,0,0,3,3,3,3,3,0,3
2029,British Columbia,I&C to Cybersecurity,57298.304434175996,3082.3862414315518,8021.762620784641,11104.148862216192,Instrumentation & Control Tech (Apprentice),46194.1555719598,-4511.750033040189,0.0,0.0,28886.337824999995,12240.245339999998,9579.322439999998,0.0,50705.90560499999,-4511.750033040189,0.0,0.0,0.0,0.0,0,0,0,0,0,0,0,0,0,0,0,0,0,4,4,4,4,3,0,3
2030,British Columbia,I&C to Cybersecurity,60782.0413437739,3350.63398347059,8656.32347547365,12006.95745894424,Instrumentation & Control Tech (Apprentice),48775.083884829655,-4283.255172845333,0.0,0.0,30475.086405374997,12668.653926899995,9914.598725399997,0.0,53058.33905767499,-4283.255172845333,0.0,0.0,0.0,0.0,0,0,0,0,0,0,0,0,0,0,0,0,0,5,5,5,5,3,0,3
2031,British Columbia,I&C to Cybersecurity,64477.58945747535,3635.1911882256018,9413.910838782447,13049.102027008048,Instrumentation & Control Tech (Apprentice),51428.4874304673,-4096.395222333813,0.0,0.0,32151.216157670617,13112.056814341497,10261.609680788995,0.0,55524.88265280111,-4096.395222333813,0.0,0.0,0.0,0.0,0,0,0,0,0,0,0,0,0,0,0,0,0,6,6,6,6,3,0,3
2032,British Columbia,I&C to Cybersecurity,68397.82689648985,3937.049471029718,10217.55951378042,14154.608984810136,Instrumentation & Control Tech (Apprentice),54243.217911679705,-3868.059957122845,0.0,0.0,33919.5330463425,13570.978802843445,10620.766019616609,0.0,58111.27786880255,-3868.059957122845,0.0,0.0,0.0,0.0,0,0,0,0,0,0,0,0,0,0,0,0,0,7,7,7,7,3,0,3
2033,British Columbia,I&C to Cybersecurity,72556.41477179642,4257.260737428324,11070.070028218268,15327.330765646591,Instrumentation & Control Tech (Apprentice),57229.08400614983,-3594.4792489876563,0.0,0.0,35785.10736389133,14045.963060942966,10992.49283030319,0.0,60823.56325513749,-3594.4792489876563,0.0,0.0,0.0,0.0,0,0,0,0,0,0,0,0,0,0,0,0,0,8,8,8,8,3,0,3
2034,British Columbia,I&C to Cybersecurity,121342.02070016607,8692.867944050411,21307.45538204318,30000.32332609359,Instrumentation & Control Tech (Red Seal),91341.69737407248,27673.60725772736,27673.60725772736,0.0,37753.28826890535,14537.571768075966,11377.230079363802,0.0,63668.09011634512,27673.60725772736,27673.60725772736,27673.60725772736,27673.60725772736,27673.60725772736,0,0,0,0,0,0,0,0,0,0,0,0,0,9,9,9,9,3,0,3
2035,British Columbia,I&C to Cybersecurity,126863.08264202363,9371.406456704703,22742.931486926143,32114.337943630846,Instrumentation & Control Tech (Red Seal),94748.74469839278,28097.205662597466,28097.205662597466,0.0,39829.71912369515,15046.386779958626,11775.433132141534,0.0,66651.53903579531,28097.205662597466,57154.493283211195,58538.173646097566,59921.85400898392,64072.895097643035,0,0,0,0,0,0,0,0,0,0,0,0,0,10,10,10,10,3,0,3
2036,British Columbia,I&C to Cybersecurity,132635.35290223567,10080.818471684763,24243.721754581275,34324.540226266035,Instrumentation & Control Tech (Red Seal),98310.81267596963,28529.875391447582,28529.875391447582,0.0,42020.35367549838,15573.010317257176,12187.573291766486,0.0,69780.93728452205,28529.875391447582,88542.09333881934,92921.8664021549,97440.00750177908,111824.63901838353,0,0,0,0,0,0,0,0,0,0,0,0,0,11,11,11,11,3,0,3
2037,British Columbia,I&C to Cybersecurity,138670.26145928737,10822.508733346418,25812.797979414718,36635.306712761136,Instrumentation & Control Tech (Red Seal),102034.95474652623,28971.277583535964,28971.277583535964,0.0,44331.47312765078,16118.065678361178,12614.138356978314,0.0,73063.67716299027,28971.277583535964,121940.47558929627,131185.33062590635,141027.2862105819,174343.30830743455,0,0,0,0,0,0,0,0,0,0,0,0,0,12,12,12,12,3,0,3
2038,British Columbia,I&C to Cybersecurity,144979.75835568496,11707.595078285689,27453.26717247809,39160.86225076378,Instrumentation & Control Tech (Red Seal),105818.89610492118,29311.360778673232,29311.360778673232,0.0,46769.704149671576,16682.197977103817,13055.633199472551,0.0,76507.53532624795,29311.360778673232,157348.86014743432,173615.22446717022,191492.7399208424,255957.66157833816,0,0,0,0,0,0,0,0,0,0,0,0,0,13,13,13,13,3,0,3
2039,British Columbia,I&C to Cybersecurity,151576.3373608686,12677.292192047686,29168.377713825837,41845.669905873525,Instrumentation & Control Tech (Red Seal),109730.66745499508,29609.97430933504,29609.97430933504,0.0,49342.03787790351,17266.07490630245,13512.580361454091,0.0,80120.69314566004,29609.97430933504,194826.27746414108,220586.72122322232,249826.62521830382,362354.93436117464,0,0,0,0,0,0,0,0,0,0,0,0,0,14,14,14,14,3,0,3
2040,British Columbia,I&C to Cybersecurity,158473.0607107881,13691.11052448585,30961.525784804904,44652.636309290756,Instrumentation & Control Tech (Red Seal),113820.42440149734,29908.666238181133,29908.666238181133,0.0,52055.849961188185,17870.387528023035,13985.520674104984,0.0,83911.7581633162,29908.666238181133,234476.25757552928,272554.0595837257,317209.2852392305,500970.08090770815,0,0,0,0,0,0,0,0,0,0,0,0,0,15,15,15,15,3,0,3
2041,British Columbia,I&C to Cybersecurity,165683.58497312892,14751.05759104995,32836.262093013516,47587.31968406346,Instrumentation & Control Tech (Red Seal),118096.26528906546,30206.47859080942,30206.47859080942,0.0,54918.921709053546,18495.85109150384,14475.013897698656,0.0,87889.78669825604,30206.47859080942,276406.5490451152,330015.94413290767,394997.15661592444,681467.58377083,0,0,0,0,0,0,0,0,0,0,0,0,0,16,16,16,16,3,0,3
2042,British Columbia,I&C to Cybersecurity,173222.18808940626,15859.23224914272,34796.298903245624,50655.53115238834,Instrumentation & Control Tech (Red Seal),122566.65693701792,30502.349270141858,30502.349270141858,0.0,57939.46240305148,19143.20587970647,14981.639384118107,0.0,92064.30766687606,30502.349270141858,320729.2257675128,393519.8878163403,484749.07937845495,916410.2081722207,0,0,0,0,0,0,0,0,0,0,0,0,0,17,17,17,17,3,0,3
2043,British Columbia,I&C to Cybersecurity,181103.79764747425,17017.828854178715,36845.5173883433,53863.34624252202,Instrumentation & Control Tech (Red Seal),127240.45140495223,30795.103721674473,30795.103721674473,0.0,61126.132835219316,19813.218085496195,15505.996762562238,0.0,96445.34768327775,30795.103721674473,367560.79077756294,463666.98031964886,588256.5450068975,1222128.3743455615,0,0,0,0,0,0,0,0,0,0,0,0,0,18,18,18,18,3,0,3
2044,British Columbia,I&C to Cybersecurity,189344.0204404343,18229.141604743843,39225.09592772595,57454.23753246979,Instrumentation & Control Tech (Red Seal),131889.78290796452,30846.32539906766,30846.32539906766,0.0,64488.07014115638,20506.680718488562,16048.706649251919,0.0,101043.45750889686,30846.32539906766,416785.1557155088,540880.0037506814,707341.3521569998,1619613.2120482977,0,0,0,0,0,0,0,0,0,0,0,0,0,19,19,19,19,3,0,3
2045,British Columbia,I&C to Cybersecurity,229907.44882960577,25021.517003373767,50988.49016058567,76010.00716395944,Industrial Cybersecurity Analyst,153897.44166564633,48027.70174111496,48027.70174111496,0.0,68034.91399891998,21224.41454363566,16610.411381975733,0.0,105869.73992453137,48027.70174111496,485652.1152423992,642995.7058668645,861470.2567216646,2153524.877403902,0,0,0,0,1,1,0,0,0,0,0,0,0,20,19,20,19,4,1,4
2046,British Columbia,I&C to Cybersecurity,241540.76574038382,26975.914244384483,54362.15206471131,81338.0663090958,Industrial Cybersecurity Analyst,160202.69943128803,49266.82032941967,49266.82032941967,0.0,71776.83426886056,21967.269052662905,17191.775780344884,0.0,110935.87910186836,49266.82032941967,559201.5413339388,756562.0967829707,1039957.6155593338,2848849.160954492,0,0,0,0,2,2,0,0,0,0,0,0,0,21,19,21,19,5,2,5
2047,British Columbia,I&C to Cybersecurity,253762.72848684725,29029.203985790336,57906.5212611857,86935.72524697604,Industrial Cybersecurity Analyst,166827.0032398712,50572.83168406025,50572.83168406025,0.0,75724.5601536479,22736.123469506107,17793.487932656953,0.0,116254.17155581096,50572.83168406025,637734.450084696,882791.1381453282,1246524.089577294,3754076.7409249004,0,0,0,0,3,3,0,0,0,0,0,0,0,22,19,22,19,6,3,6
2048,British Columbia,I&C to Cybersecurity,266603.12254828174,31008.6256,61955.08044093297,92963.70604093297,Industrial Cybersecurity Analyst,173639.41650734877,51801.857744011504,51801.857744011504,0.0,79889.41096209851,23531.887790938817,18416.260010299942,0.0,121837.55876333726,51801.857744011504,721423.0303329425,1022872.1097038726,1485304.5607578994,4932101.620946382,0,0,0,0,4,4,0,0,0,0,0,0,0,23,19,23,19,7,4,7
2049,British Columbia,I&C to Cybersecurity,280093.2405492248,31008.6256,66406.81938124418,97415.44498124417,Industrial Cybersecurity Analyst,182677.79556798062,54978.13402868455,54978.13402868455,0.0,84283.32856501394,24355.503863621674,19060.82911066044,0.0,127699.66153929607,54978.13402868455,812472.3158782743,1180137.4547029445,1763078.3789002688,6466710.241258982,0,0,0,0,5,5,0,0,0,0,0,0,0,24,19,24,19,8,5,8
2050,British Columbia,I&C to Cybersecurity,294265.95852101553,31008.6256,71083.81631193512,102092.44191193512,Industrial Cybersecurity Analyst,192173.51660908043,58318.70034460875,58318.70034460875,0.0,88918.9116360897,25207.946498848432,19727.958129533556,0.0,133854.81626447168,58318.70034460875,911414.6320167967,1356469.9005178479,2085858.8360799178,8465042.013981286,0,0,0,0,6,6,0,0,0,0,0,0,0,25,19,25,19,9,6,9
2051,British Columbia,I&C to Cybersecurity,309155.8160221789,31008.6256,75997.46928731905,107006.09488731905,Industrial Cybersecurity Analyst,202149.72113485986,61831.6080684099,61831.6080684099,0.0,93809.45177607462,26090.22462630812,20418.436664067227,0.0,140318.11306644997,61831.6080684099,1018816.9716860466,1553948.4986380427,2460569.269560315,11066386.226244083,0,0,0,0,7,7,0,0,0,0,0,0,0,26,19,26,19,10,7,10
2052,British Columbia,I&C to Cybersecurity,324799.10031290114,31008.6256,81159.75310325738,112168.37870325737,Industrial Cybersecurity Analyst,212630.72160964378,65525.28555034657,65525.28555034657,0.0,98968.97162375873,27003.382488228905,21133.08194730958,0.0,147105.4360592972,65525.28555034657,1135283.1058206956,1774868.6340521937,2895179.945544709,14451827.379667655,0,0,0,0,8,8,0,0,0,0,0,0,0,27,19,27,19,11,8,11
2053,British Columbia,I&C to Cybersecurity,341233.93478873395,31008.6256,86583.2484802822,117591.8740802822,Industrial Cybersecurity Analyst,223642.06070845175,69408.55495460398,69408.55495460398,0.0,104412.26506306544,27948.500875316913,21872.739815465415,0.0,154233.50575384777,69408.55495460398,1261455.8160663345,2021764.0524120172,3398865.4923310187,18856784.148522556,0,0,0,0,9,9,0,0,0,0,0,0,0,28,19,28,19,12,9,12
2054,British Columbia,I&C to Cybersecurity,358500.3718890439,31008.6256,92281.17272338449,123289.79832338449,Industrial Cybersecurity Analyst,235210.5735656594,73490.64980916565,73490.64980916565,0.0,110154.93964153405,28926.698405953008,22638.2857090067,0.0,161719.92375649375,73490.64980916565,1398019.2566788169,2297431.107462385,3982185.965989837,24587310.04288849,0,0,0,0,10,10,0,0,0,0,0,0,0,29,19,29,19,13,10,13
2055,British Columbia,I&C to Cybersecurity,376640.49070662947,31008.6256,98267.41193318773,129276.03753318773,Industrial Cybersecurity Analyst,247364.45317344175,77781.23329264004,77781.23329264004,0.0,116213.46132181841,29939.13285016136,23430.62570882193,0.0,169583.2198808017,77781.23329264004,1545701.4528053978,2604955.4515012642,4657295.094180953,32041284.289047677,0,0,0,0,11,11,0,0,0,0,0,0,0,30,19,30,19,14,11,14
2056,British Columbia,I&C to Cybersecurity,395698.49953638494,31008.6256,104556.55484700704,135565.18044700703,Industrial Cybersecurity Analyst,260133.3190893779,82290.4172863118,82290.4172863118,0.0,122605.20169451842,30987.002499917005,24250.6976086307,0.0,177842.9018030661,82290.4172863118,1705276.9427319795,2947741.413937703,5438179.775594408,41735959.993048295,0,0,0,0,12,12,0,0,0,0,0,0,0,31,19,31,19,15,12,15
2057,British Columbia,I&C to Cybersecurity,415720.843612926,31008.6256,111163.92839226559,142172.5539922656,Industrial Cybersecurity Analyst,273548.2896206604,87028.78222059662,87028.78222059662,0.0,129348.48778771692,32071.547587414098,25099.472024932773,0.0,186519.5074000638,87028.78222059662,1877569.5720891752,3329544.3375520697,6340935.524154165,54343776.77318338,0,0,0,0,13,13,0,0,0,0,0,0,0,32,19,32,19,16,13,16
2058,British Columbia,I&C to Cybersecurity,436756.31829974,31008.6256,118105.63503891422,149114.26063891422,Industrial Cybersecurity Analyst,287642.0576608258,92007.39774600544,92007.39774600544,0.0,136462.65461604134,33194.05175297358,25977.953545805412,0.0,195634.65991482034,92007.39774600544,2063455.4484396395,3754506.1690532826,7384083.250523294,70738917.2028844,0,0,0,0,14,14,0,0,0,0,0,0,0,33,19,33,19,17,14,17
2059,British Columbia,I&C to Cybersecurity,458856.1880057069,31008.6256,125398.59204188327,156407.21764188327,Industrial Cybersecurity Analyst,302448.9703638236,97237.84425966372,97237.84425966372,0.0,143968.1006199236,34355.84356432766,26887.181919908602,0.0,205211.12610415986,97237.84425966372,2263866.0651212856,4227194.630218275,8588933.582361452,92057830.20800939,0,0,0,0,15,15,0,0,0,0,0,0,0,34,19,34,19,18,15,18
2060,British Columbia,I&C to Cybersecurity,482074.31111879565,31008.6256,133060.57266920258,164069.19826920258,Industrial Cybersecurity Analyst,318005.11284959305,102732.23531938915,102732.23531938915,0.0,151886.34615401938,35558.29808907912,27828.233287105402,0.0,215272.8775302039,102732.23531938915,2479791.603696739,4752646.328559492,9980005.85503506,119777911.5057316,0,0,0,0,16,16,0,0,0,0,0,0,0,35,19,35,19,19,16,19
2061,British Columbia,I&C to Cybersecurity,506467.27126140665,31008.6256,141110.2495162642,172118.8751162642,Industrial Cybersecurity Analyst,334348.3961451425,108503.2409783011,108503.2409783011,0.0,160240.09519249044,36802.83852219689,28802.22145215409,0.0,225845.1551668414,108503.2409783011,2712284.4248598767,5336414.202393743,11585509.974268617,155819788.19842938,0,0,0,0,17,17,0,0,0,0,0,0,0,36,19,36,19,20,17,20
2062,British Columbia,I&C to Cybersecurity,532094.5151872338,31008.6256,149567.24001178716,180575.86561178716,Industrial Cybersecurity Analyst,351518.6495754466,114564.11207391595,114564.11207391595,0.0,169053.3004280774,38090.937870473776,29810.299202979477,0.0,236954.53750153066,114564.11207391595,2962462.758176787,5984619.734707034,13437900.582482824,202680288.77003214,0,0,0,0,18,18,0,0,0,0,0,0,0,37,19,37,19,21,18,21
2063,British Columbia,I&C to Cybersecurity,559018.4976557079,31008.6256,158452.1542263836,189460.7798263836,Industrial Cybersecurity Analyst,369557.7178293243,120928.70550667855,120928.70550667855,0.0,178351.23195162165,39424.12069594036,30853.659675083756,0.0,248629.01232264575,120928.70550667855,3231514.601592305,6704010.413684417,15574514.375361925,263605304.10654846,0,0,0,0,19,19,0,0,0,0,0,0,0,38,19,38,19,22,19,22
2064,British Columbia,I&C to Cybersecurity,587304.8336370867,31008.6256,167786.64510023862,198795.27070023862,Industrial Cybersecurity Analyst,388509.56293684803,127611.5105438772,127611.5105438772,0.0,188160.54970896087,40803.96492029827,31933.537763711684,0.0,260898.05239297083,127611.5105438772,3520701.842215798,7502022.965596736,18038303.042210087,342814506.8490569,0,0,0,0,20,20,0,0,0,0,0,0,0,39,19,39,19,23,20,23
2065,British Columbia,I&C to Cybersecurity,617022.4582191232,31008.6256,177593.46121231065,208602.08681231065,Industrial Cybersecurity Analyst,408420.37140681257,134627.6761859086,134627.6761859086,0.0,198509.37994295364,42232.1036925087,33051.2115854416,0.0,273792.69522090396,134627.6761859086,3831364.6105124964,8386852.93834232,20878676.174727507,445793486.57995987,0,0,0,0,21,21,0,0,0,0,0,0,0,40,19,40,19,24,21,24
2066,British Columbia,I&C to Cybersecurity,648243.7946050109,31008.6256,187896.5022196536,218905.1278196536,Industrial Cybersecurity Analyst,429338.6667853573,141993.0396328626,141993.0396328626,0.0,209427.3958398161,43710.227321746504,34208.00399093205,0.0,287345.6271524947,141993.0396328626,4164925.880670984,9367531.271809414,24152470.640569497,579673525.5935807,0,0,0,0,22,22,0,0,0,0,0,0,0,41,19,41,19,25,22,25
2067,British Columbia,I&C to Cybersecurity,681044.9306120244,31008.6256,198720.87710196804,229729.50270196804,Industrial Cybersecurity Analyst,451315.4279100563,149724.155890428,149724.155890428,0.0,220945.902611006,45240.08527800763,35405.28413061467,0.0,301591.2720196283,149724.155890428,4522896.330594961,10454008.554880783,27925065.392545346,753725307.4275454,0,0,0,0,23,23,0,0,0,0,0,0,0,42,19,42,19,26,23,26
2068,British Columbia,I&C to Cybersecurity,715505.8041009929,31008.6256,210092.96535332763,241101.59095332763,Industrial Cybersecurity Analyst,474404.21314766526,157838.32855512988,157838.32855512988,0.0,233097.92725461134,46823.48826273789,36644.46907518618,0.0,316565.8845925354,157838.32855512988,4906879.475679838,11657247.738923991,32271663.529982276,980000737.9843642,0,0,0,0,24,24,0,0,0,0,0,0,0,43,19,43,19,27,24,27
2069,British Columbia,I&C to Cybersecurity,751710.397788503,31008.6256,222040.481270206,253049.106870206,Industrial Cybersecurity Analyst,498661.290918297,166353.6418199307,166353.6418199307,0.0,245918.31325361494,48462.31035193371,37927.02549281769,0.0,332307.6490983663,166353.6418199307,5318577.091283761,12989326.154636323,37278766.70129955,1274167313.0214934,0,0,0,0,25,25,0,0,0,0,0,0,0,44,19,44,19,28,25,28
2070,British Columbia,I&C to Cybersecurity,789746.9439166014,31008.6256,234592.54149247846,265601.1670924785,Industrial Cybersecurity Analyst,524145.7768241229,175288.99374224147,175288.99374224147,0.0,259443.8204825637,50158.49121425139,39254.47138506631,0.0,348856.7830818814,175288.99374224147,5759794.939590191,14463547.763842197,43045870.70023672,1656592795.9216838,0,0,0,0,26,26,0,0,0,0,0,0,0,45,19,45,19,29,26,29
2071,British Columbia,I&C to Cybersecurity,829708.1392787813,31008.6256,247779.73596199782,278788.3615619978,Industrial Cybersecurity Analyst,550919.7777167835,184664.13081738498,184664.13081738498,0.0,273713.2306091047,51914.03840675019,40628.377883543624,0.0,366255.6468993985,184664.13081738498,6232448.817387085,16094566.671043804,49687415.43608961,2153755298.829006,0,0,0,0,27,27,0,0,0,0,0,0,0,46,19,46,19,30,27,30
2072,British Columbia,I&C to Cybersecurity,871691.3711262877,31008.6256,261634.20247167494,292642.8280716749,Industrial Cybersecurity Analyst,579048.5430546128,194499.68390155328,194499.68390155328,0.0,288767.4582926055,53731.02975098644,42050.37110946765,0.0,384548.85915305954,194499.68390155328,6738570.942157993,17898523.022049736,57335027.435404606,2800076388.16161,0,0,0,0,28,28,0,0,0,0,0,0,0,47,19,47,19,31,28,31
2073,British Columbia,I&C to Cybersecurity,915798.9545052778,31008.6256,276189.7049867417,307198.3305867417,Industrial Cybersecurity Analyst,608600.6239185361,204817.20552926743,204817.20552926743,0.0,304649.66849869874,55611.61579227096,43522.13409829901,0.0,403783.4183892687,204817.20552926743,7280316.69479516,19893192.52978398,66140098.756244555,3640304121.8156223,0,0,0,0,29,29,0,0,0,0,0,0,0,48,19,48,19,32,29,32
2074,British Columbia,I&C to Cybersecurity,962138.3816032447,31008.6256,291481.7159290708,322490.34152907075,Industrial Cybersecurity Analyst,639648.040074174,215639.2086713069,215639.2086713069,0.0,321405.40026612714,57558.02234500044,45045.40879173947,0.0,424008.83140286704,215639.2086713069,7859971.738206225,22098150.991433684,76276752.77835253,4732610997.568981,0,0,0,0,30,30,0,0,0,0,0,0,0,49,19,49,19,33,30,33
2075,British Columbia,I&C to Cybersecurity,1010822.5837123691,31008.6256,303976.05,334984.67559999996,Industrial Cybersecurity Analyst,675837.9081123691,230560.6596050792,230560.6596050792,0.0,339082.6972807641,59572.55312707546,46621.99809945036,0.0,445277.2485072899,230560.6596050792,8483530.984721616,24538526.750182133,87948826.35471049,6152624857.499281,0,0,0,0,31,31,0,0,0,0,0,0,0,50,19,50,19,34,31,34
2026,British Columbia,Cybersecurity Focus with Education,46750.0,2365.55,6545.000000000001,8910.550000000001,Masters in Cybersecurity,37839.45,-22940.550000000003,0.0,0.0,24600.0,11040.0,8640.0,16500.0,60780.0,-22940.550000000003,0.0,0.0,0.0,0.0,0,0,0,0,1,1,1,1,1,0,0,0,0,0,0,0,0,1,1,1
2027,British Columbia,Cybersecurity Focus with Education,46750.0,2365.55,6545.000000000001,8910.550000000001,Masters in Cybersecurity,37839.45,-24982.350000000006,0.0,0.0,25953.0,11426.4,8942.4,16500.0,62821.8,-24982.350000000006,0.0,0.0,0.0,0.0,0,0,0,0,2,2,2,2,2,0,0,0,0,0,0,0,0,2,2,2
2028,British Columbia,Cybersecurity Focus with Education,46750.0,2365.55,6545.000000000001,8910.550000000001,Masters in Cybersecurity,37839.45,-27122.673000000003,0.0,0.0,27380.415,11826.323999999999,9255.383999999998,16500.0,64962.123,-27122.673000000003,0.0,0.0,0.0,0.0,0,0,0,0,3,3,3,3,3,0,0,0,0,0,0,0,0,3,3,3
2029,British Columbia,Cybersecurity Focus with Education,30250.0,1530.6499999999999,4235.0,5765.65,PhD in Cybersecurity,24484.35,-38596.555604999994,0.0,0.0,28886.337824999995,12240.245339999998,9579.322439999998,12375.0,63080.90560499999,-38596.555604999994,0.0,0.0,0.0,0.0,1,0,0,0,4,4,4,4,4,0,0,0,0,0,0,0,0,4,4,4
2030,British Columbia,Cybersecurity Focus with Education,30250.0,1530.6499999999999,4235.0,5765.65,PhD in Cybersecurity,24484.35,-40948.98905767499,0.0,0.0,30475.086405374997,12668.653926899995,9914.598725399997,12375.0,65433.33905767499,-40948.98905767499,0.0,0.0,0.0,0.0,2,0,0,0,5,5,5,5,5,0,0,0,0,0,0,0,0,5,5,5
2031,British Columbia,Cybersecurity Focus with Education,30250.0,1530.6499999999999,4235.0,5765.65,PhD in Cybersecurity,24484.35,-43415.532652801114,0.0,0.0,32151.216157670617,13112.056814341497,10261.609680788995,12375.0,67899.88265280111,-43415.532652801114,0.0,0.0,0.0,0.0,3,0,0,0,6,6,6,6,6,0,0,0,0,0,0,0,0,6,6,6
2032,British Columbia,Cybersecurity Focus with Education,75303.02208726268,4468.7495007192265,11633.124527888851,16101.874028608077,SOC Level 1 Analyst,59201.1480586546,1089.8701898520521,1089.8701898520521,0.0,33919.5330463425,13570.978802843445,10620.766019616609,0.0,58111.27786880255,1089.8701898520521,1089.8701898520521,1089.8701898520521,1089.8701898520521,1089.8701898520521,3,0,0,0,7,7,7,7,7,0,0,0,0,0,0,0,0,6,6,6
2033,British Columbia,Cybersecurity Focus with Education,79113.35500487818,4762.14513537562,12414.242776000028,17176.38791137565,SOC Level 1 Analyst,61936.96709350253,1113.4038383650404,1113.4038383650404,0.0,35785.10736389133,14045.963060942966,10992.49283030319,0.0,60823.56325513749,1113.4038383650404,2257.7675377096953,2312.261047202298,2366.7545566949,2530.2350851727083,3,0,0,0,8,8,8,8,8,0,0,0,0,0,0,0,0,6,6,6
2034,British Columbia,Cybersecurity Focus with Education,83116.490768125,5070.386589145625,13234.885607465627,18305.27219661125,SOC Level 1 Analyst,64811.21857151375,1143.128455168633,1143.128455168633,0.0,37753.28826890535,14537.571768075966,11377.230079363802,0.0,63668.09011634512,1143.128455168633,3513.784369763813,3686.615607091161,3864.896195367768,4432.434065893154,3,0,0,0,9,9,9,9,9,0,0,0,0,0,0,0,0,6,6,6
2035,British Columbia,Cybersecurity Focus with Education,87322.18520099213,5394.225060476394,14097.052966203388,19491.27802667978,SOC Level 1 Analyst,67830.90717431235,1179.3681385170348,1179.3681385170348,0.0,39829.71912369515,15046.386779958626,11775.433132141534,0.0,66651.53903579531,1179.3681385170348,4868.841726769038,5234.645306317312,5623.998763189968,6941.532424178135,3,0,0,0,10,10,10,10,10,0,0,0,0,0,0,0,0,6,6,6
2036,British Columbia,Cybersecurity Focus with Education,127781.67225408324,9484.30112002683,22981.76478606164,32466.065906088472,SOC Level 2 Analyst,95315.60634799476,25534.669063472713,25534.669063472713,0.0,42020.35367549838,15573.010317257176,12187.573291766486,0.0,69780.93728452205,25534.669063472713,30646.952876580202,31292.778900421756,32002.267641141174,34558.66121490429,4,0,0,0,11,11,11,11,11,0,0,0,0,0,0,0,0,6,6,6
2037,British Columbia,Cybersecurity Focus with Education,134247.42487013986,10278.942116540189,24662.860466236365,34941.80258277655,SOC Level 2 Analyst,99305.62228736331,26241.945124373044,26241.945124373044,0.0,44331.47312765078,16118.065678361178,12614.138356978314,0.0,73063.67716299027,26241.945124373044,58421.24564478226,60664.001914836976,63044.552911685394,71168.20470374863,5,0,0,0,12,12,12,12,12,0,0,0,0,0,0,0,0,6,6,6
2038,British Columbia,Cybersecurity Focus with Education,141040.34456856892,11128.501251579632,26429.01958782792,37557.52083940755,SOC Level 2 Analyst,103482.82372916138,26975.28840291343,26975.28840291343,0.0,46769.704149671576,16682.197977103817,13055.633199472551,0.0,76507.53532624795,26975.28840291343,88317.59632993481,93705.6905092341,99476.52425135163,119493.95451778665,6,0,0,0,13,13,13,13,13,0,0,0,0,0,0,0,0,6,6,6
2039,British Columbia,Cybersecurity Focus with Education,148176.9860037385,12177.587542549561,28284.54636097201,40462.13390352157,SOC Level 2 Analyst,107714.85210021693,27594.158954556886,27594.158954556886,0.0,49342.03787790351,17266.07490630245,13512.580361454091,0.0,80120.69314566004,27594.158954556886,120327.63510098844,130670.4185147144,141992.16184361125,182936.29982767953,7,0,0,0,14,14,14,14,14,0,0,0,0,0,0,0,0,6,6,6
2040,British Columbia,Cybersecurity Focus with Education,155674.74149552768,13279.757599842567,30233.962788837198,43513.720388679765,SOC Level 2 Analyst,112161.02110684791,28249.262943531707,28249.262943531707,0.0,52055.849961188185,17870.387528023035,13985.520674104984,0.0,83911.7581633162,28249.262943531707,154593.27979956957,171986.72330971755,191540.24906368463,266066.4527195151,8,0,0,0,15,15,15,15,15,0,0,0,0,0,0,0,0,6,6,6
2041,British Columbia,Cybersecurity Focus with Education,163551.8834152014,14437.697462034605,32282.01968795236,46719.717149986966,SOC Level 2 Analyst,116832.16626521442,28942.379566958378,28942.379566958378,0.0,54918.921709053546,18495.85109150384,14475.013897698656,0.0,87889.78669825604,28942.379566958378,191265.32335650644,218127.7752076477,249213.6659901957,374828.76810232794,9,0,0,0,16,16,16,16,16,0,0,0,0,0,0,0,0,6,6,6
2042,British Columbia,Cybersecurity Focus with Education,171827.60871601055,15654.22908125355,34433.70826616274,50087.93734741629,SOC Level 2 Analyst,121739.67136859425,29675.36370171819,29675.36370171819,0.0,57939.46240305148,19143.20587970647,14981.639384118107,0.0,92064.30766687606,29675.36370171819,230503.95322604995,269615.9164301307,316271.0795904432,516952.7622347445,10,0,0,0,17,17,17,17,17,0,0,0,0,0,0,0,0,6,6,6
2043,British Columbia,Cybersecurity Focus with Education,208294.7142888931,21390.577600534038,44720.797143779,66111.37474431304,Industrial Cybersecurity Analyst,142183.33954458006,45737.991861302304,45737.991861302304,0.0,61126.132835219316,19813.218085496195,15505.996762562238,0.0,96445.34768327775,45737.991861302304,287767.14274865476,342315.4999344461,409449.7333903119,717776.5827664702,10,0,0,0,18,18,17,17,17,0,0,0,0,1,0,1,0,7,7,7
2044,British Columbia,Cybersecurity Focus with Education,218834.42683191106,23161.249307761056,47777.313781254205,70938.56308901525,Industrial Cybersecurity Analyst,147895.8637428958,46852.40623399895,46852.40623399895,0.0,64488.07014115638,20506.680718488562,16048.706649251919,0.0,101043.45750889686,46852.40623399895,349007.90612008644,423399.4561618897,517719.5996328576,979961.9638304102,10,0,0,0,19,19,17,17,17,0,0,0,0,2,0,2,0,8,8,8
2045,British Columbia,Cybersecurity Focus with Education,229907.44882960577,25021.517003373767,50988.49016058567,76010.00716395944,Industrial Cybersecurity Analyst,153897.44166564633,48027.70174111496,48027.70174111496,0.0,68034.91399891998,21224.41454363566,16610.411381975733,0.0,105869.73992453137,48027.70174111496,414486.0031672057,513767.10351919365,643405.2413189012,1321978.2547206483,10,0,0,0,20,20,17,17,17,0,0,0,0,3,0,3,0,9,9,9
2046,British Columbia,Cybersecurity Focus with Education,241540.76574038382,26975.914244384483,54362.15206471131,81338.0663090958,Industrial Cybersecurity Analyst,160202.69943128803,49266.82032941967,49266.82032941967,0.0,71776.83426886056,21967.269052662905,17191.775780344884,0.0,110935.87910186836,49266.82032941967,484477.12365498574,614410.6342005328,789182.847846156,1767838.5514662624,10,0,0,0,21,21,17,17,17,0,0,0,0,4,0,4,0,10,10,10
2047,British Columbia,Cybersecurity Focus with Education,253762.72848684725,29029.203985790336,57906.5212611857,86935.72524697604,Industrial Cybersecurity Analyst,166827.0032398712,50572.83168406025,50572.83168406025,0.0,75724.5601536479,22736.123469506107,17793.487932656953,0.0,116254.17155581096,50572.83168406025,559273.8115217953,726424.5293046464,958133.1067071396,2348762.948590202,10,0,0,0,22,22,17,17,17,0,0,0,0,5,0,5,0,11,11,11
2048,British Columbia,Cybersecurity Focus with Education,266603.12254828174,31008.6256,61955.08044093297,92963.70604093297,Industrial Cybersecurity Analyst,173639.41650734877,51801.857744011504,51801.857744011504,0.0,79889.41096209851,23531.887790938817,18416.260010299942,0.0,121837.55876333726,51801.857744011504,639039.3598418967,850868.8399791226,1153654.930457222,3105193.690911274,10,0,0,0,23,23,17,17,17,0,0,0,0,6,0,6,0,12,12,12
2049,British Columbia,Cybersecurity Focus with Education,280093.2405492248,31008.6256,66406.81938124418,97415.44498124417,Industrial Cybersecurity Analyst,182677.79556798062,54978.13402868455,54978.13402868455,0.0,84283.32856501394,24355.503863621674,19060.82911066044,0.0,127699.66153929607,54978.13402868455,725969.4618626761,990933.8580057195,1381681.3040544898,4091729.9322133404,10,0,0,0,24,24,17,17,17,0,0,0,0,7,0,7,0,13,13,13
2050,British Columbia,Cybersecurity Focus with Education,294265.95852101553,31008.6256,71083.81631193512,102092.44191193512,Industrial Cybersecurity Analyst,192173.51660908043,58318.70034460875,58318.70034460875,0.0,88918.9116360897,25207.946498848432,19727.958129533556,0.0,133854.81626447168,58318.70034460875,820586.6353004187,1148345.9441509005,1647252.200007272,5377567.612221952,10,0,0,0,25,25,17,17,17,0,0,0,0,8,0,8,0,14,14,14
2051,British Columbia,Cybersecurity Focus with Education,309155.8160221789,31008.6256,75997.46928731905,107006.09488731905,Industrial Cybersecurity Analyst,202149.72113485986,61831.6080684099,61831.6080684099,0.0,93809.45177607462,26090.22462630812,20418.436664067227,0.0,140318.11306644997,61831.6080684099,923447.5751338496,1325012.1466344004,1956171.6380767724,7052669.5039569475,10,0,0,0,26,26,17,17,17,0,0,0,0,9,0,9,0,15,15,15
2052,British Columbia,Cybersecurity Focus with Education,324799.10031290114,31008.6256,81159.75310325738,112168.37870325737,Industrial Cybersecurity Analyst,212630.72160964378,65525.28555034657,65525.28555034657,0.0,98968.97162375873,27003.382488228905,21133.08194730958,0.0,147105.4360592972,65525.28555034657,1035145.2394408887,1523038.646848187,2315122.6693386347,9233995.640694378,10,0,0,0,27,27,17,17,17,0,0,0,0,10,0,10,0,16,16,16
2053,British Columbia,Cybersecurity Focus with Education,341233.93478873395,31008.6256,86583.2484802822,117591.8740802822,Industrial Cybersecurity Analyst,223642.06070845175,69408.55495460398,69408.55495460398,0.0,104412.26506306544,27948.500875316913,21872.739815465415,0.0,154233.50575384777,69408.55495460398,1156311.0563675372,1744751.0664876099,2731799.6246940335,12073602.887857296,10,0,0,0,28,28,17,17,17,0,0,0,0,11,0,11,0,17,17,17
2054,British Columbia,Cybersecurity Focus with Education,358500.3718890439,31008.6256,92281.17272338449,123289.79832338449,Industrial Cybersecurity Analyst,235210.5735656594,73490.64980916565,73490.64980916565,0.0,110154.93964153405,28926.698405953008,22638.2857090067,0.0,161719.92375649375,73490.64980916565,1287617.2589950797,1992716.8229455366,3215060.2182073044,15769174.40402365,10,0,0,0,29,29,17,17,17,0,0,0,0,12,0,12,0,18,18,18
2055,British Columbia,Cybersecurity Focus with Education,376640.49070662947,31008.6256,98267.41193318773,129276.03753318773,Industrial Cybersecurity Analyst,247364.45317344175,77781.23329264004,77781.23329264004,0.0,116213.46132181841,29939.13285016136,23430.62570882193,0.0,169583.2198808017,77781.23329264004,1429779.3552374737,2269769.7385327304,3775100.48423104,20577707.958523385,10,0,0,0,30,30,17,17,17,0,0,0,0,13,0,13,0,19,19,19
2056,British Columbia,Cybersecurity Focus with Education,395698.49953638494,31008.6256,104556.55484700704,135565.18044700703,Industrial Cybersecurity Analyst,260133.3190893779,82290.4172863118,82290.4172863118,0.0,122605.20169451842,30987.002499917005,24250.6976086307,0.0,177842.9018030661,82290.4172863118,1583558.7402856592,2579037.1296723154,4423655.974152008,26833310.76336671,10,0,0,0,31,31,17,17,17,0,0,0,0,14,0,14,0,20,20,20
2057,British Columbia,Cybersecurity Focus with Education,415720.843612926,31008.6256,111163.92839226559,142172.5539922656,Industrial Cybersecurity Analyst,273548.2896206604,87028.78222059662,87028.78222059662,0.0,129348.48778771692,32071.547587414098,25099.472024932773,0.0,186519.5074000638,87028.78222059662,1749765.459520539,2923969.6248601438,5174233.152495406,34970332.77459732,10,0,0,0,32,32,17,17,17,0,0,0,0,15,0,15,0,21,21,21
2058,British Columbia,Cybersecurity Focus with Education,436756.31829974,31008.6256,118105.63503891422,149114.26063891422,Industrial Cybersecurity Analyst,287642.0576608258,92007.39774600544,92007.39774600544,0.0,136462.65461604134,33194.05175297358,25977.953545805412,0.0,195634.65991482034,92007.39774600544,1929261.1302425717,3308373.985092164,6042375.5231157215,45553440.00472252,10,0,0,0,33,33,17,17,17,0,0,0,0,16,0,16,0,22,22,22
2059,British Columbia,Cybersecurity Focus with Education,458856.1880057069,31008.6256,125398.59204188327,156407.21764188327,Industrial Cybersecurity Analyst,302448.9703638236,97237.84425966372,97237.84425966372,0.0,143968.1006199236,34355.84356432766,26887.181919908602,0.0,205211.12610415986,97237.84425966372,2122962.031014364,3736449.227861044,7045969.695842743,59316709.85039894,10,0,0,0,34,34,17,17,17,0,0,0,0,17,0,17,0,23,23,23
2060,British Columbia,Cybersecurity Focus with Education,482074.31111879565,31008.6256,133060.57266920258,164069.19826920258,Industrial Cybersecurity Analyst,318005.11284959305,102732.23531938915,102732.23531938915,0.0,151886.34615401938,35558.29808907912,27828.233287105402,0.0,215272.8775302039,102732.23531938915,2331842.3678844715,4212826.385966538,8205597.385538543,77214455.04083802,10,0,0,0,35,35,17,17,17,0,0,0,0,18,0,18,0,24,24,24
2061,British Columbia,Cybersecurity Focus with Education,506467.27126140665,31008.6256,141110.2495162642,172118.8751162642,Industrial Cybersecurity Analyst,334348.3961451425,108503.2409783011,108503.2409783011,0.0,160240.09519249044,36802.83852219689,28802.22145215409,0.0,225845.1551668414,108503.2409783011,2556937.727256996,4742612.265541494,9544940.234347625,100487294.79406773,10,0,0,0,36,36,17,17,17,0,0,0,0,19,0,19,0,25,25,25
2062,British Columbia,Cybersecurity Focus with Education,532094.5151872338,31008.6256,149567.24001178716,180575.86561178716,Industrial Cybersecurity Analyst,351518.6495754466,114564.11207391595,114564.11207391595,0.0,169053.3004280774,38090.937870473776,29810.299202979477,0.0,236954.53750153066,114564.11207391595,2799348.725693762,5331437.60416956,11091245.381573683,130748047.34436196,10,0,0,0,37,37,17,17,17,0,0,0,0,20,0,20,0,26,26,26
2063,British Columbia,Cybersecurity Focus with Education,559018.4976557079,31008.6256,158452.1542263836,189460.7798263836,Industrial Cybersecurity Analyst,369557.7178293243,120928.70550667855,120928.70550667855,0.0,178351.23195162165,39424.12069594036,30853.659675083756,0.0,248629.01232264575,120928.70550667855,3060244.867485129,5985510.070093195,12875860.894316413,170093390.25317723,10,0,0,0,38,38,17,17,17,0,0,0,0,21,0,21,0,27,27,27
2064,British Columbia,Cybersecurity Focus with Education,587304.8336370867,31008.6256,167786.64510023862,198795.27070023862,Industrial Cybersecurity Analyst,388509.56293684803,127611.5105438772,127611.5105438772,0.0,188160.54970896087,40803.96492029827,31933.537763711684,0.0,260898.05239297083,127611.5105438772,3340868.6214032625,6711672.587646392,14934851.539007751,221249018.8396743,10,0,0,0,39,39,17,17,17,0,0,0,0,22,0,22,0,28,28,28
2065,British Columbia,Cybersecurity Focus with Education,617022.4582191232,31008.6256,177593.46121231065,208602.08681231065,Industrial Cybersecurity Analyst,408420.37140681257,134627.6761859086,134627.6761859086,0.0,198509.37994295364,42232.1036925087,33051.2115854416,0.0,273792.69522090396,134627.6761859086,3642539.7286593346,7517467.52259694,17309706.94604482,287758352.1677625,10,0,0,0,40,40,17,17,17,0,0,0,0,23,0,23,0,29,29,29
2066,British Columbia,Cybersecurity Focus with Education,648243.7946050109,31008.6256,187896.5022196536,218905.1278196536,Industrial Cybersecurity Analyst,429338.6667853573,141993.0396328626,141993.0396328626,0.0,209427.3958398161,43710.227321746504,34208.00399093205,0.0,287345.6271524947,141993.0396328626,3966659.754725164,8411207.314489499,20048156.027584407,374227850.85772413,10,0,0,0,41,41,17,17,17,0,0,0,0,24,0,24,0,30,30,30
2067,British Columbia,Cybersecurity Focus with Education,681044.9306120244,31008.6256,198720.87710196804,229729.50270196804,Industrial Cybersecurity Analyst,451315.4279100563,149724.155890428,149724.155890428,0.0,220945.902611006,45240.08527800763,35405.28413061467,0.0,301591.2720196283,149724.155890428,4314716.89835185,9402052.201828877,23205103.587612495,486645930.2709318,10,0,0,0,42,42,17,17,17,0,0,0,0,25,0,25,0,31,31,31
2068,British Columbia,Cybersecurity Focus with Education,715505.8041009929,31008.6256,210092.96535332763,241101.59095332763,Industrial Cybersecurity Analyst,474404.21314766526,157838.32855512988,157838.32855512988,0.0,233097.92725461134,46823.48826273789,36644.46907518618,0.0,316565.8845925354,157838.32855512988,4688291.071824572,10500095.750566894,26843707.454309497,632797547.6807665,10,0,0,0,43,43,17,17,17,0,0,0,0,26,0,26,0,32,32,32
2069,British Columbia,Cybersecurity Focus with Education,751710.397788503,31008.6256,222040.481270206,253049.106870206,Industrial Cybersecurity Analyst,498661.290918297,166353.6418199307,166353.6418199307,0.0,245918.31325361494,48462.31035193371,37927.02549281769,0.0,332307.6490983663,166353.6418199307,5089059.267235732,11716458.967443516,31036617.21427585,822803165.6268164,10,0,0,0,44,44,17,17,17,0,0,0,0,27,0,27,0,33,33,33
2070,British Columbia,Cybersecurity Focus with Education,789746.9439166014,31008.6256,234592.54149247846,265601.1670924785,Industrial Cybersecurity Analyst,524145.7768241229,175288.99374224147,175288.99374224147,0.0,259443.8204825637,50158.49121425139,39254.47138506631,0.0,348856.7830818814,175288.99374224147,5518801.22433976,13063393.857930109,35867398.79015947,1069819404.3086035,10,0,0,0,45,45,17,17,17,0,0,0,0,28,0,28,0,34,34,34
2071,British Columbia,Cybersecurity Focus with Education,829708.1392787813,31008.6256,247779.73596199782,278788.3615619978,Industrial Cybersecurity Analyst,550919.7777167835,184664.13081738498,184664.13081738498,0.0,273713.2306091047,51914.03840675019,40628.377883543624,0.0,366255.6468993985,184664.13081738498,5979405.416374134,14554397.374540506,41432172.739500776,1390949889.732002,10,0,0,0,46,46,17,17,17,0,0,0,0,29,0,29,0,35,35,35
2072,British Columbia,Cybersecurity Focus with Education,871691.3711262877,31008.6256,261634.20247167494,292642.8280716749,Industrial Cybersecurity Analyst,579048.5430546128,194499.68390155328,194499.68390155328,0.0,288767.4582926055,53731.02975098644,42050.37110946765,0.0,384548.85915305954,194499.68390155328,6472875.371094394,16204336.795896111,47841498.334327444,1808429356.3355043,10,0,0,0,47,47,17,17,17,0,0,0,0,30,0,30,0,36,36,36
2073,British Columbia,Cybersecurity Focus with Education,915798.9545052778,31008.6256,276189.7049867417,307198.3305867417,Industrial Cybersecurity Analyst,608600.6239185361,204817.20552926743,204817.20552926743,0.0,304649.66849869874,55611.61579227096,43522.13409829901,0.0,403783.4183892687,204817.20552926743,7001336.345178381,18029587.681014992,55222540.290005825,2351162980.4416847,10,0,0,0,48,48,17,17,17,0,0,0,0,31,0,31,0,37,37,37
2074,British Columbia,Cybersecurity Focus with Education,962138.3816032447,31008.6256,291481.7159290708,322490.34152907075,Industrial Cybersecurity Analyst,639648.040074174,215639.2086713069,215639.2086713069,0.0,321405.40026612714,57558.02234500044,45045.40879173947,0.0,424008.83140286704,215639.2086713069,7567042.371108607,20048185.6577878,63721560.542178005,3056727513.782861,10,0,0,0,49,49,17,17,17,0,0,0,0,32,0,32,0,38,38,38
2075,British Columbia,Cybersecurity Focus with Education,1010822.5837123691,31008.6256,303976.05,334984.67559999996,Industrial Cybersecurity Analyst,675837.9081123691,230560.6596050792,230560.6596050792,0.0,339082.6972807641,59572.55312707546,46621.99809945036,0.0,445277.2485072899,230560.6596050792,8175955.149269117,22283564.88317166,73510355.28310978,3973976328.577325,10,0,0,0,50,50,17,17,17,0,0,0,0,33,0,33,0,39,39,39
2026,Manitoba,Cybersecurity Focus,46000.0,4968.0,6440.000000000001,11408.0,SOC Level 1 Analyst,34592.0,3752.0,3752.0,0.0,13800.0,9720.0,7320.0,0.0,30840.0,3752.0,3752.0,3752.0,3752.0,3752.0,0,0,0,0,1,1,1,1,1,0,0,0,0,0,0,0,0,0,0,0
2027,Manitoba,Cybersecurity Focus,48327.6,5245.269,6765.8640000000005,12011.133000000002,SOC Level 1 Analyst,36316.467,4413.266999999996,4413.266999999996,0.0,14352.0,10011.6,7539.6,0.0,31903.2,4413.266999999996,8352.866999999997,8540.466999999997,8728.066999999995,9290.866999999997,0,0,0,0,2,2,2,2,2,0,0,0,0,0,0,0,0,0,0,0
2028,Manitoba,Cybersecurity Focus,50772.976559999996,5557.0545114,7108.2167184,12665.2712298,SOC Level 1 Analyst,38107.7053302,5103.889330199992,5103.889330199992,0.0,14926.080000000002,10311.948,7765.7880000000005,0.0,33003.816000000006,5103.889330199992,13874.39968019999,14498.40303019999,15141.166380199986,17182.01643019999,0,0,0,0,3,3,3,3,3,0,0,0,0,0,0,0,0,0,0,0
2029,Manitoba,Cybersecurity Focus,53342.089173936,5884.61636967684,7467.892484351041,13352.508854027881,SOC Level 1 Analyst,39989.58031990812,5846.389039908121,5846.389039908121,0.0,15523.123200000002,10621.30644,7998.761640000001,0.0,34143.19128,5846.389039908121,20414.50870411811,21794.63237312811,23258.730377138105,28183.01039916811,0,0,0,0,4,4,4,4,4,0,0,0,0,0,0,0,0,0,0,0
2030,Manitoba,Cybersecurity Focus,79188.65059997642,9180.052951496993,12429.678372995168,21609.73132449216,SOC Level 2 Analyst,57578.91927548426,22256.20102508425,22256.20102508425,0.0,16144.048128000002,10939.9456332,8238.724489200002,0.0,35322.71825040001,22256.20102508425,43691.43516440826,46230.29663552517,49003.740958793074,58894.1145440028,1,0,0,0,5,5,5,5,5,0,0,0,0,0,0,0,0,0,0,0
2031,Manitoba,Cybersecurity Focus,83195.59632033521,9690.93853084274,13251.10224566872,22942.04077651146,SOC Level 2 Analyst,60253.55554382375,23709.715264631748,23709.715264631748,0.0,16789.81005312,11268.144002196,8485.886223876001,0.0,36543.840279192,23709.715264631748,69585.72218726043,74563.04156370944,80064.01736724378,100272.0641718354,2,0,0,0,6,6,6,6,6,0,0,0,0,0,0,0,0,0,0,0
2032,Manitoba,Cybersecurity Focus,87405.29349414419,10227.674920503385,14114.09016629956,24341.765086802945,SOC Level 2 Analyst,63063.52840734125,25255.474819242278,25255.474819242278,0.0,17461.402455244806,11606.188322261882,8740.46281059228,0.0,37808.05358809897,25255.474819242278,98320.48311586573,107274.82053932268,117329.09479157263,155609.1582426283,3,0,0,0,7,7,7,7,7,0,0,0,0,0,0,0,0,0,0,0
2033,Manitoba,Cybersecurity Focus,91828.00134494787,10791.570171480853,15020.745275714315,25812.315447195168,SOC Level 2 Analyst,66015.6858977527,26898.77667745832,26898.77667745832,0.0,18159.858553454593,11954.373971929737,9002.67669491005,0.0,39116.90922029438,26898.77667745832,130135.28394911735,144901.0792707133,161827.23568776684,229190.6823928751,4,0,0,0,8,8,8,8,8,0,0,0,0,0,0,0,0,0,0,0
2034,Manitoba,Cybersecurity Focus,96474.49821300224,11383.998522157784,15973.277133665459,27357.275655823243,SOC Level 2 Analyst,69117.22255717899,28645.207474741233,28645.207474741233,0.0,18886.252895592777,12313.00519108763,9272.75699575735,0.0,40472.015082437756,28645.207474741233,165287.25562131446,188036.39467252587,214746.5285156731,326593.0945854789,5,0,0,0,9,9,9,9,9,0,0,0,0,0,0,0,0,0,0,0
2035,Manitoba,Cybersecurity Focus,101356.10782258015,12069.462761128945,16974.00710362893,29043.469864757877,SOC Level 2 Analyst,72312.63795782227,30437.59989395544,30437.59989395544,0.0,19641.70301141649,12682.395346820262,9550.939705630073,0.0,41875.03806386683,30437.59989395544,203989.2182963356,237277.63403373392,277396.10768697946,455008.622855078,6,0,0,0,10,10,10,10,10,0,0,0,0,0,0,0,0,0,0,0
2036,Manitoba,Cybersecurity Focus,106484.7268784027,12961.84247684207,18025.374010072555,30987.216486914625,SOC Level 2 Analyst,75497.51039148807,32169.804155591075,32169.804155591075,0.0,20427.37113187315,13062.86720722487,9837.467896798975,0.0,43327.706235897,32169.804155591075,246358.4833667435,293175.2015926984,351175.3279956174,623681.0138671926,7,0,0,0,11,11,11,11,11,0,0,0,0,0,0,0,0,0,0,0
2037,Manitoba,Cybersecurity Focus,129084.06237513447,16894.126853273396,23320.38621753496,40214.51307080836,Industrial Cybersecurity Analyst,88869.54930432611,44037.738170033466,44037.738170033466,0.0,21244.46597714808,13454.753223441614,10132.591933702945,0.0,44831.81113429264,44037.738170033466,302714.1457051141,366530.4599220017,447889.36536499346,854823.0561973838,7,0,0,0,12,12,11,11,11,0,0,0,0,1,0,1,0,1,1,1
2038,Manitoba,Cybersecurity Focus,135615.71593131626,18030.634572049028,25018.616142142226,43049.25071419125,Industrial Cybersecurity Analyst,92566.465217125,46177.25508903211,46177.25508903211,0.0,22094.244616234006,13858.395820144862,10436.569691714032,0.0,46389.2101280929,46177.25508903211,364027.10807940195,449360.761003234,561250.0252587745,1157447.228145631,7,0,0,0,13,13,11,11,11,0,0,0,0,2,0,2,0,2,2,2
2039,Manitoba,Cybersecurity Focus,142477.87115744088,19224.64958139471,26802.77650093463,46027.426082329344,Industrial Cybersecurity Analyst,96450.44507511154,48448.61619701351,48448.61619701351,0.0,22978.014400883367,14274.147694749208,10749.666782465454,0.0,48001.82887809803,48448.61619701351,430677.0796803856,542745.453300571,693886.1452446042,1553130.012786334,7,0,0,0,14,14,11,11,11,0,0,0,0,3,0,3,0,3,3,3
2040,Manitoba,Cybersecurity Focus,149687.25143800737,20479.08175021328,28677.215373881918,49156.2971240952,Industrial Cybersecurity Analyst,100530.95431391217,50859.29042546236,50859.29042546236,0.0,23897.1349769187,14702.372125591686,11072.15678593942,0.0,49671.66388844981,50859.29042546236,503070.22408986726,647879.2890560904,848828.3574567572,2069928.3070476966,7,0,0,0,15,15,11,11,11,0,0,0,0,4,0,4,0,4,4,4
2041,Manitoba,Cybersecurity Focus,157261.42636077057,21796.988186774077,30646.500853800346,52443.48904057442,Industrial Cybersecurity Analyst,104817.93732019614,53417.152165323656,53417.152165323656,0.0,24853.020375995446,15143.443289359438,11404.3214895176,0.0,51400.78515487249,53417.152165323656,581640.8874596843,766084.3701270231,1029569.7632405943,2744323.951327329,7,0,0,0,16,16,11,11,11,0,0,0,0,5,0,5,0,5,5,5
2042,Manitoba,Cybersecurity Focus,165218.85453462554,23181.580689024842,32715.43217900264,55897.01286802748,Industrial Cybersecurity Analyst,109321.84166659806,56130.50275331944,56130.50275331944,0.0,25847.14119103527,15597.746588040223,11746.45113420313,0.0,53191.338913278625,56130.50275331944,666853.4345859879,898823.3098930449,1240135.7304800027,3623751.639478847,7,0,0,0,17,17,11,11,11,0,0,0,0,6,0,6,0,6,6,6
2043,Manitoba,Cybersecurity Focus,173578.92857407758,24636.233571889497,34889.05142926017,59525.28500114967,Industrial Cybersecurity Analyst,114053.64357292792,59008.09308034059,59008.09308034059,0.0,26881.026838676677,16065.678985681428,12098.844668229223,0.0,55045.550492587325,59008.09308034059,759204.199395628,1047713.73396269,1485164.1831323437,4769885.224402842,7,0,0,0,18,18,11,11,11,0,0,0,0,7,0,7,0,7,7,7
2044,Manitoba,Cybersecurity Focus,182362.0223599259,26164.491890627105,37200.31648437851,63364.80837500562,Industrial Cybersecurity Analyst,118997.2139849203,62031.486709168574,62031.486709168574,0.0,27956.267912223746,16547.649355251873,12461.810008276101,0.0,56965.72727575172,62031.486709168574,859195.8960745779,1214516.5940681277,1769970.2973113637,6262882.278432863,7,0,0,0,19,19,11,11,11,0,0,0,0,8,0,8,0,8,8,8
2045,Manitoba,Cybersecurity Focus,191589.54069133816,27770.08008029284,39876.29680048807,67646.37688078091,Industrial Cybersecurity Analyst,123943.16381055725,64988.902037410735,64988.902037410735,0.0,29074.5186287127,17044.07883590943,12835.664308524383,0.0,58954.261773146514,64988.902037410735,967144.5929157176,1400957.1555123513,2100454.743945479,8206735.864000133,7,0,0,0,20,20,11,11,11,0,0,0,0,9,0,9,0,9,9,9
2046,Manitoba,Cybersecurity Focus,201283.97145031986,29456.911032355656,42687.68172059276,72144.59275294842,Industrial Cybersecurity Analyst,129139.37869737145,68125.74388474341,68125.74388474341,0.0,30237.499373861207,17555.401200986715,13220.734237780116,0.0,61013.634812628035,68125.74388474341,1083627.5664462468,1609178.61494833,2483648.6994220437,10736882.367084919,7,0,0,0,21,21,11,11,11,0,0,0,0,10,0,10,0,10,10,10
2047,Manitoba,Cybersecurity Focus,211468.94040570606,31229.095630592852,45641.32271765476,76870.41834824761,Industrial Cybersecurity Analyst,134598.52205745847,71452.10320671297,71452.10320671297,0.0,31446.999348815658,18082.063237016315,13617.35626491352,0.0,63146.4188507455,71452.10320671297,1209261.0479752722,1841548.579649876,2927648.1075420626,14029399.180417107,7,0,0,0,22,22,11,11,11,0,0,0,0,11,0,11,0,11,11,11
2048,Manitoba,Cybersecurity Focus,222169.26879023478,33090.95276950085,48744.417949168084,81835.37071866894,Industrial Cybersecurity Analyst,140333.89807156584,74978.61666180982,74978.61666180982,0.0,32704.879322768284,18624.5251341268,14025.876952860926,0.0,65355.28140975601,74978.61666180982,1344702.7170358456,2100682.0542766736,3441773.9403351815,18313197.551204048,7,0,0,0,23,23,11,11,11,0,0,0,0,12,0,12,0,12,12,12
2049,Manitoba,Cybersecurity Focus,233411.03379102063,35047.01987963759,52004.52979939598,87051.54967903357,Industrial Cybersecurity Analyst,146359.48411198705,78716.49546671068,78716.49546671068,0.0,34013.074495679015,19183.26088815061,14446.653261446754,0.0,67642.98864527637,78716.49546671068,1490654.3483543487,2389466.7551710517,4036756.526852169,23885873.312031973,7,0,0,0,24,24,11,11,11,0,0,0,0,13,0,13,0,13,13,13
2050,Manitoba,Cybersecurity Focus,245221.63210084627,37102.06398554725,55429.603309245416,92531.66729479266,Industrial Cybersecurity Analyst,152689.9648060536,82677.55575646214,82677.55575646214,0.0,35373.59747550618,19758.758714795127,14880.052859290157,0.0,70012.40904959147,82677.55575646214,1647864.6215285282,2711090.9864446195,4724947.561636456,31134312.861398026,7,0,0,0,25,25,11,11,11,0,0,0,0,14,0,14,0,14,14,14
2051,Manitoba,Cybersecurity Focus,257629.8466851491,39261.093323215944,59027.98553869323,98289.07886190918,Industrial Cybersecurity Analyst,159340.7678232399,86874.25052740565,86874.25052740565,0.0,36788.54137452642,20351.52147623898,15326.454445068863,0.0,72466.51729583426,86874.25052740565,1817132.1031323604,3069074.3356164875,5520563.94640933,40561480.97034484,7,0,0,0,26,26,11,11,11,0,0,0,0,15,0,15,0,15,15,15
2052,Manitoba,Cybersecurity Focus,270665.9169274176,41529.36954537066,63295.802586047816,104825.17213141848,Industrial Cybersecurity Analyst,165840.74479599914,90832.34656754458,90832.34656754458,0.0,38260.083029507485,20962.067120526153,15786.24807842093,0.0,75008.39822845456,90832.34656754458,1998821.0548565232,3466814.1157456813,6439480.884938273,52820757.608015835,7,0,0,0,27,27,11,11,11,0,0,0,0,16,0,16,0,16,16,16
2053,Manitoba,Cybersecurity Focus,284361.6123239449,43912.42054436641,67815.38206690183,111727.80261126824,Industrial Cybersecurity Analyst,172633.80971267668,94992.55870707339,94992.55870707339,0.0,39790.48635068779,21590.929134141938,16259.835520773559,0.0,77641.25100560329,94992.55870707339,2193754.6663064226,3908488.0860273233,7500395.576386087,68761977.44912766,7,0,0,0,28,28,11,11,11,0,0,0,0,17,0,17,0,17,17,17
2054,Manitoba,Cybersecurity Focus,298750.30990753655,46416.05392391136,72563.65226948707,118979.70619339842,Industrial Cybersecurity Analyst,179770.60371413812,99402.21031485987,99402.21031485987,0.0,41382.1058047153,22238.657008166196,16747.630586396765,0.0,80368.39339927825,99402.21031485987,2402844.6099366033,4398739.1049449155,8724857.12315886,89489972.89418082,7,0,0,0,29,29,11,11,11,0,0,0,0,18,0,18,0,18,18,18
2055,Manitoba,Cybersecurity Focus,313867.0755888579,49046.371152461266,77552.1849443231,126598.55609678436,Industrial Cybersecurity Analyst,187268.5194920735,104075.25323276976,104075.25323276976,0.0,43037.39003690391,22905.81671841118,17250.05950398867,0.0,83193.26625930375,104075.25323276976,2627062.0936662033,4942688.268672178,10137660.944865458,116441040.01566784,7,0,0,0,30,30,11,11,11,0,0,0,0,19,0,19,0,19,19,19
2056,Manitoba,Cybersecurity Focus,329748.7496136541,51809.78243277581,82793.13737250585,134602.91980528168,Industrial Cybersecurity Analyst,195145.82980837242,109026.3916609205,109026.3916609205,0.0,44758.885638380074,23592.991219963515,17767.56128910833,0.0,86119.43814745192,109026.3916609205,2867441.590010434,5545983.487200316,11767336.478256198,151482378.41202912,7,0,0,0,31,31,11,11,11,0,0,0,0,20,0,20,0,20,20,20
2057,Manitoba,Cybersecurity Focus,346434.036344105,54713.02232387427,88299.28199355466,143012.30431742893,Industrial Cybersecurity Analyst,203421.7320266761,114271.12187841682,114271.12187841682,0.0,46549.24106391528,24300.780956562423,18300.588127781575,0.0,89150.61014825928,114271.12187841682,3125084.7913893727,6214852.957798765,13646708.071873043,197041363.05751628,7,0,0,0,32,32,11,11,11,0,0,0,0,21,0,21,0,21,21,21
2058,Manitoba,Cybersecurity Focus,363963.5985831167,57763.166153462305,94084.03753242851,151847.20368589082,Industrial Cybersecurity Analyst,212116.3948972259,119825.77403387969,119825.77403387969,0.0,48411.21070647189,25029.804385259296,18849.605771615024,0.0,92290.62086334621,119825.77403387969,3401164.8049927214,6956164.027612522,15813540.056687878,256273597.74880505,7,0,0,0,33,33,11,11,11,0,0,0,0,22,0,22,0,22,22,22
2059,Manitoba,Cybersecurity Focus,382380.1566714224,60967.6472608275,100161.5017015694,161129.1489623969,Industrial Cybersecurity Analyst,221251.00770902552,125707.5561127142,125707.5561127142,0.0,50347.65913473077,25780.698516817072,19415.093944763477,0.0,95543.45159631132,125707.5561127142,3696930.6013550716,7777487.986486489,18311278.621303774,333281384.6295593,7,0,0,0,34,34,11,11,11,0,0,0,0,23,0,23,0,23,23,23
2060,Manitoba,Cybersecurity Focus,401728.59259899636,64334.27511222536,106546.4855576688,170880.76066989417,Industrial Cybersecurity Analyst,230847.8319291022,131934.60019355422,131934.60019355422,0.0,52361.56550012001,26554.119472321585,19997.54676310638,0.0,98913.23173554798,131934.60019355422,4013711.7316163797,8687171.385328693,21189905.01469289,433397734.61862063,7,0,0,0,35,35,11,11,11,0,0,0,0,24,0,24,0,24,24,24
2061,Manitoba,Cybersecurity Focus,422056.05938450556,67871.25433290396,113254.54959688683,181125.8039297908,Industrial Cybersecurity Analyst,240930.25545471476,138526.01111209916,138526.01111209916,0.0,54456.0281201248,27350.743056491236,20597.473165999574,0.0,102404.24434261561,138526.01111209916,4352923.329309299,9694414.534973662,24506916.77800892,563555581.015319,7,0,0,0,36,36,11,11,11,0,0,0,0,25,0,25,0,25,25,25
2062,Manitoba,Cybersecurity Focus,443412.0959893615,71587.2047021489,120302.04167648932,191889.2463786382,Industrial Cybersecurity Analyst,251522.84961072332,145501.91765662798,145501.91765662798,0.0,56634.2692449298,28171.265348185978,21215.397360979565,0.0,106020.93195409534,145501.91765662798,4716071.413431392,10809357.906127658,28328456.212366883,732767757.2375714,7,0,0,0,37,37,11,11,11,0,0,0,0,26,0,26,0,26,26,26
2063,Manitoba,Cybersecurity Focus,465848.74804642325,75491.18216007765,127706.13685531968,203197.31901539734,Industrial Cybersecurity Analyst,262651.4290310259,152883.52642585844,152883.52642585844,0.0,58899.64001472698,29016.403308631554,21851.859281808946,0.0,109767.90260516747,152883.52642585844,5104758.51052882,12043177.223166283,32730608.17064777,952750967.9352686,7,0,0,0,38,38,11,11,11,0,0,0,0,27,0,27,0,27,27,27
2064,Manitoba,Cybersecurity Focus,489420.69469757227,79592.70087737757,135484.87925019884,215077.58012757642,Industrial Cybersecurity Analyst,274343.11456999584,160693.17848652607,160693.17848652607,0.0,61255.625615316065,29886.895407890504,22507.41506026322,0.0,113649.93608346979,160693.17848652607,5520689.614541787,13408188.12396944,37800892.57473146,1238736951.494336,7,0,0,0,39,39,11,11,11,0,0,0,0,28,0,28,0,28,28,28
2065,Manitoba,Cybersecurity Focus,514185.3818492694,83901.75644177287,143657.2260102589,227558.98245203175,Industrial Cybersecurity Analyst,286626.39939723763,168954.4089751106,168954.4089751106,0.0,63705.850639928714,30783.502270127217,23182.637512071116,0.0,117671.99042212704,168954.4089751106,5965678.504243987,14917961.345341496,43639980.86991629,1610526991.3516119,7,0,0,0,40,40,11,11,11,0,0,0,0,29,0,29,0,29,29,29
2066,Manitoba,Cybersecurity Focus,540203.1621708424,88428.85021772658,152243.093516378,240671.94373410457,Industrial Cybersecurity Analyst,299531.21843673784,177692.0097955477,177692.0097955477,0.0,66254.08466552586,31707.007338231033,23878.11663743325,0.0,121839.20864119014,177692.0097955477,6441654.439251734,16587449.489671195,50363670.01019928,2093862780.7668912,7,0,0,0,41,41,11,11,11,0,0,0,0,30,0,30,0,30,30,30
2067,Manitoba,Cybersecurity Focus,567537.4421766871,93185.01493874354,161263.40591830673,254448.42085705028,Industrial Cybersecurity Analyst,313089.0213196368,186932.09557255567,186932.09557255567,0.0,68904.2480521469,32658.217558377968,24594.46013655625,0.0,126156.92574708111,186932.09557255567,6950669.256786876,18433126.534210872,58105152.60730172,2722208547.092531,7,0,0,0,42,42,11,11,11,0,0,0,0,31,0,31,0,31,31,31
2068,Manitoba,Cybersecurity Focus,596254.8367508274,98181.84159464396,170740.14612777304,268921.987722417,Industrial Cybersecurity Analyst,327332.8490284104,196702.17302839537,196702.17302839537,0.0,71660.41797423278,33637.96408512931,25332.293940652933,0.0,130630.67600001502,196702.17302839537,7494904.892654616,20473141.360660356,67017627.671425365,3539067813.393319,7,0,0,0,43,43,11,11,11,0,0,0,0,32,0,32,0,32,32,32
2069,Manitoba,Cybersecurity Focus,626425.3314904192,103431.50767933294,180696.40939183836,284127.9170711713,Industrial Cybersecurity Analyst,342297.41441924794,207031.21395949012,207031.21395949012,0.0,74526.8346932021,34647.10300768319,26092.262758872526,0.0,135266.20045975782,207031.21395949012,8076681.3512468375,22727486.710685883,77277303.03609864,4600995188.625275,7,0,0,0,44,44,11,11,11,0,0,0,0,33,0,33,0,33,33,33
2070,Manitoba,Cybersecurity Focus,658122.4532638345,108946.80686790719,191156.45957706537,300103.26644497254,Industrial Cybersecurity Analyst,358019.1868188619,217949.73199837934,217949.73199837934,0.0,77507.90808093018,35686.516097913685,26875.030641638703,0.0,140069.45482048258,217949.73199837934,8698465.15080756,25218185.113752853,89086848.22351182,5981511694.944856,7,0,0,0,45,45,11,11,11,0,0,0,0,34,0,34,0,34,34,34
2071,Manitoba,Cybersecurity Focus,691423.4493989843,114741.18019542327,202145.7883016648,316886.96849708806,Industrial Cybersecurity Analyst,374536.48090189626,229489.86335598992,229489.86335598992,0.0,80608.22440416738,36757.111580851095,27681.28156088786,0.0,145046.61754590634,229489.86335598992,9362878.271703929,27969493.488484133,102679365.32039458,7776194693.291668,7,0,0,0,46,46,11,11,11,0,0,0,0,35,0,35,0,35,35,35
2072,Manitoba,Cybersecurity Focus,726409.4759385731,120828.74881331171,213691.17705972912,334519.9258730408,Industrial Cybersecurity Analyst,391889.5500655323,241685.4517492071,241685.4517492071,0.0,83832.55338033408,37859.824928276634,28511.720007714495,0.0,150204.09831632522,241685.4517492071,10072707.637038333,31008128.289081756,118322955.57020296,10109294786.730919,7,0,0,0,47,47,11,11,11,0,0,0,0,36,0,36,0,36,36,36
2073,Manitoba,Cybersecurity Focus,763165.7954210648,127224.34840326528,225820.76248895138,353045.1108922167,Industrial Cybersecurity Analyst,410120.68452884816,254572.13772922984,254572.13772922984,0.0,87185.85551554746,38995.61967612493,29367.071607945934,0.0,155548.5467996183,254572.13772922984,10830915.15661948,34363513.25571916,136325971.04346263,13142337794.887924,7,0,0,0,48,48,11,11,11,0,0,0,0,37,0,37,0,37,37,37
2074,Manitoba,Cybersecurity Focus,801781.9846693706,133943.56533247046,238564.1049408923,372507.6702733628,Industrial Cybersecurity Analyst,429274.3143960078,268187.4526372455,268187.4526372455,0.0,90673.28973616935,40165.488266408676,30248.083756184315,0.0,161086.86175876233,268187.4526372455,11640648.3670877,38068052.03392833,157043054.15261927,17085307320.806938,7,0,0,0,49,49,11,11,11,0,0,0,0,38,0,38,0,38,38,38
2075,Manitoba,Cybersecurity Focus,842352.1530936408,141002.7746382935,251952.26052090147,392955.03515919496,Industrial Cybersecurity Analyst,449397.11793444585,282570.9174255589,282570.9174255589,0.0,94300.22132561613,41370.452914400936,31155.526268869842,0.0,166826.20050888692,282570.9174255589,12505251.702867642,42157428.15474672,180882083.19293773,22211182087.966446,7,0,0,0,50,50,11,11,11,0,0,0,0,39,0,39,0,39,39,39
2026,Manitoba,I&C to Cybersecurity,15833.333333333334,1710.0,2216.666666666667,3926.666666666667,I&C Engineering Diploma,11906.666666666668,-25266.666666666668,0.0,0.0,13800.0,9720.0,7320.0,6333.333333333333,37173.333333333336,-25266.666666666668,0.0,0.0,0.0,0.0,0,0,0,0,0,0,0,0,0,0,0,0,0,1,1,1,1,1,0,1
2027,Manitoba,I&C to Cybersecurity,15833.333333333334,1710.0,2216.666666666667,3926.666666666667,I&C Engineering Diploma,11906.666666666668,-26329.866666666665,0.0,0.0,14352.0,10011.6,7539.6,6333.333333333333,38236.53333333333,-26329.866666666665,0.0,0.0,0.0,0.0,0,0,0,0,0,0,0,0,0,0,0,0,0,2,2,2,2,2,0,2
2028,Manitoba,I&C to Cybersecurity,15833.333333333334,1710.0,2216.666666666667,3926.666666666667,I&C Engineering Diploma,11906.666666666668,-27430.482666666674,0.0,0.0,14926.080000000002,10311.948,7765.7880000000005,6333.333333333333,39337.14933333334,-27430.482666666674,0.0,0.0,0.0,0.0,0,0,0,0,0,0,0,0,0,0,0,0,0,3,3,3,3,3,0,3
2029,Manitoba,I&C to Cybersecurity,47748.58702848,5171.4448461311995,6684.8021839872,11856.2470301184,Instrumentation & Control Tech (Apprentice),35892.3399983616,1749.1487183615973,1749.1487183615973,0.0,15523.123200000002,10621.30644,7998.761640000001,0.0,34143.19128,1749.1487183615973,1749.1487183615973,1749.1487183615973,1749.1487183615973,1749.1487183615973,0,0,0,0,0,0,0,0,0,0,0,0,0,4,4,4,4,3,0,3
2030,Manitoba,I&C to Cybersecurity,50651.70111981158,5541.591892775977,7091.238156773622,12632.830049549599,Instrumentation & Control Tech (Apprentice),38018.87107026198,2696.152819861971,2696.152819861971,0.0,16144.048128000002,10939.9456332,8238.724489200002,0.0,35322.71825040001,2696.152819861971,4532.758974141648,4620.216410059727,4707.673845977808,4970.046153732048,0,0,0,0,0,0,0,0,0,0,0,0,0,5,5,5,5,3,0,3
2031,Manitoba,I&C to Cybersecurity,53731.324547896125,5934.243879856756,7522.385436705458,13456.629316562216,Instrumentation & Control Tech (Apprentice),40274.69523133391,3730.854952141912,3730.854952141912,0.0,16789.81005312,11268.144002196,8485.886223876001,0.0,36543.840279192,3730.854952141912,8490.251874990641,8813.093003207612,9144.67987501639,10191.914951993575,0,0,0,0,0,0,0,0,0,0,0,0,0,6,6,6,6,3,0,3
2032,Manitoba,I&C to Cybersecurity,56998.1890804082,6350.769107752046,7979.746471257149,14330.515579009196,Instrumentation & Control Tech (Apprentice),42667.673501399004,4859.619913300034,4859.619913300034,0.0,17461.402455244806,11606.188322261882,8740.46281059228,0.0,37808.05358809897,4859.619913300034,13774.384382040207,14554.022216828407,15376.001769568882,18109.109350891682,0,0,0,0,0,0,0,0,0,0,0,0,0,7,7,7,7,3,0,3
2033,Manitoba,I&C to Cybersecurity,60463.67897649702,6792.619069503371,8591.059190181892,15383.678259685263,Instrumentation & Control Tech (Apprentice),45080.00071681176,5963.09149651738,5963.09149651738,0.0,18159.858553454593,11954.373971929737,9002.67669491005,0.0,39116.90922029438,5963.09149651738,20426.195097659598,21972.515935028627,23645.49353152159,29504.933652676566,0,0,0,0,0,0,0,0,0,0,0,0,0,8,8,8,8,3,0,3
2034,Manitoba,I&C to Cybersecurity,99928.72292954853,11824.412173517438,16681.39320055745,28505.805374074887,Instrumentation & Control Tech (Red Seal),71422.91755547364,30950.902473035887,30950.902473035887,0.0,18886.252895592777,12313.00519108763,9272.75699575735,0.0,40472.015082437756,30950.902473035887,52398.40732557846,55120.67000156738,58143.22003428571,69307.31622151542,0,0,0,0,0,0,0,0,0,0,0,0,0,9,9,9,9,3,0,3
2035,Manitoba,I&C to Cybersecurity,104475.47982284299,12612.23348917468,17613.478363682814,30225.711852857494,Instrumentation & Control Tech (Red Seal),74249.76796998549,32374.729906118664,32374.729906118664,0.0,19641.70301141649,12682.395346820262,9550.939705630073,0.0,41875.03806386683,32374.729906118664,87393.05759797605,93007.46690784278,99239.43294554723,122474.2409940887,0,0,0,0,0,0,0,0,0,0,0,0,0,10,10,10,10,3,0,3
2036,Manitoba,I&C to Cybersecurity,109229.11415478232,13439.365862932123,18587.973401730378,32027.3392646625,Instrumentation & Control Tech (Red Seal),77201.77489011982,33874.06865422282,33874.06865422282,0.0,20427.37113187315,13062.86720722487,9837.467896798975,0.0,43327.706235897,33874.06865422282,125636.77913209767,136182.2822528499,147999.4165416021,193090.58194653815,0,0,0,0,0,0,0,0,0,0,0,0,0,11,11,11,11,3,0,3
2037,Manitoba,I&C to Cybersecurity,114199.0388488249,14304.132759695533,19606.807964009105,33910.94072370464,Instrumentation & Control Tech (Red Seal),80288.09812512026,35456.28699082762,35456.28699082762,0.0,21244.46597714808,13454.753223441614,10132.591933702945,0.0,44831.81113429264,35456.28699082762,167374.90507953017,185256.79746896253,205655.61601367005,286474.0435213272,0,0,0,0,0,0,0,0,0,0,0,0,0,12,12,12,12,3,0,3
2038,Manitoba,I&C to Cybersecurity,119395.09511644642,15208.246550261676,20801.25473027607,36009.50128053775,Instrumentation & Control Tech (Red Seal),83385.59383590867,36996.383707815774,36996.383707815774,0.0,22094.244616234006,13858.395820144862,10436.569691714032,0.0,46389.2101280929,36996.383707815774,212740.03404132248,240778.86092367457,273500.3421235363,409412.6402855411,0,0,0,0,0,0,0,0,0,0,0,0,0,13,13,13,13,3,0,3
2039,Manitoba,I&C to Cybersecurity,124827.57194424473,16153.497518298584,22213.69870550363,38367.19622380221,Instrumentation & Control Tech (Red Seal),86460.37572044252,38458.54684234449,38458.54684234449,0.0,22978.014400883367,14274.147694749208,10749.666782465454,0.0,48001.82887809803,38458.54684234449,261835.5825857331,303315.2938583866,352983.9402844112,570694.9792135479,0,0,0,0,0,0,0,0,0,0,0,0,0,14,14,14,14,3,0,3
2040,Manitoba,I&C to Cybersecurity,130507.22646770783,17141.757405381162,23690.40888160404,40832.1662869852,Instrumentation & Control Tech (Red Seal),89675.06018072263,40003.396292272824,40003.396292272824,0.0,23897.1349769187,14702.372125591686,11072.15678593942,0.0,49671.66388844981,40003.396292272824,314930.7580072926,373650.2195364981,445934.92761934566,781906.8692698851,0,0,0,0,0,0,0,0,0,0,0,0,0,15,15,15,15,3,0,3
2041,Manitoba,I&C to Cybersecurity,136445.30527198853,18174.983117326003,25234.30937071702,43409.29248804302,Instrumentation & Control Tech (Red Seal),93036.01278394551,41635.22762907302,41635.22762907302,0.0,24853.020375995446,15143.443289359438,11404.3214895176,0.0,51400.78515487249,41635.22762907302,372312.52353673027,452650.4691192209,554460.3943913204,1058114.1576799238,0,0,0,0,0,0,0,0,0,0,0,0,0,16,16,16,16,3,0,3
2042,Manitoba,I&C to Cybersecurity,142653.566661864,19255.220599164335,26848.45733208464,46103.677931248974,Instrumentation & Control Tech (Red Seal),96549.88873061503,43358.5498173364,43358.5498173364,0.0,25847.14119103527,15597.746588040223,11746.45113420313,0.0,53191.338913278625,43358.5498173364,434286.69953090325,541274.0658484794,680988.0033673547,1418906.9548012374,0,0,0,0,0,0,0,0,0,0,0,0,0,17,17,17,17,3,0,3
2043,Manitoba,I&C to Cybersecurity,149144.3039449788,20384.60888642631,28536.04902569449,48920.657912120805,Instrumentation & Control Tech (Red Seal),100223.646032858,45178.095540270675,45178.095540270675,0.0,26881.026838676677,16065.678985681428,12098.844668229223,0.0,55045.550492587325,45178.095540270675,501179.1300477191,640579.567973598,828314.2994127285,1889757.1367818795,0,0,0,0,0,0,0,0,0,0,0,0,0,18,18,18,18,3,0,3
2044,Manitoba,I&C to Cybersecurity,155930.36977447532,21565.384340758705,30300.426141363583,51865.81048212229,Instrumentation & Control Tech (Red Seal),104064.55929235302,47098.8320166013,47098.8320166013,0.0,27956.267912223746,16547.649355251873,12461.810008276101,0.0,56965.72727575172,47098.8320166013,573336.9185667065,751736.3567875592,999660.2763412391,2503783.1098330445,0,0,0,0,0,0,0,0,0,0,0,0,0,19,19,19,19,3,0,3
2045,Manitoba,I&C to Cybersecurity,191589.54069133816,27770.08008029284,39876.29680048807,67646.37688078091,Industrial Cybersecurity Analyst,123943.16381055725,64988.902037410735,64988.902037410735,0.0,29074.5186287127,17044.07883590943,12835.664308524383,0.0,58954.261773146514,64988.902037410735,666992.6665324526,891898.8945037259,1214598.2198298357,3319906.9448203687,0,0,0,0,1,1,0,0,0,0,0,0,0,20,19,20,19,4,1,4
2046,Manitoba,I&C to Cybersecurity,201283.97145031986,29456.911032355656,42687.68172059276,72144.59275294842,Industrial Cybersecurity Analyst,129139.37869737145,68125.74388474341,68125.74388474341,0.0,30237.499373861207,17555.401200986715,13220.734237780116,0.0,61013.634812628035,68125.74388474341,768468.0437438186,1049214.527838842,1464913.6966890544,4384004.772151222,0,0,0,0,2,2,0,0,0,0,0,0,0,21,19,21,19,5,2,5
2047,Manitoba,I&C to Cybersecurity,211468.94040570606,31229.095630592852,45641.32271765476,76870.41834824761,Industrial Cybersecurity Analyst,134598.52205745847,71452.10320671297,71452.10320671297,0.0,31446.999348815658,18082.063237016315,13617.35626491352,0.0,63146.4188507455,71452.10320671297,878343.5491377226,1225588.0838294392,1756102.8543991253,5770658.3070033025,0,0,0,0,3,3,0,0,0,0,0,0,0,22,19,22,19,6,3,6
2048,Manitoba,I&C to Cybersecurity,222169.26879023478,33090.95276950085,48744.417949168084,81835.37071866894,Industrial Cybersecurity Analyst,140333.89807156584,74978.61666180982,74978.61666180982,0.0,32704.879322768284,18624.5251341268,14025.876952860926,0.0,65355.28140975601,74978.61666180982,997239.3432564186,1423125.508874193,2094496.8992208038,7576834.415766103,0,0,0,0,4,4,0,0,0,0,0,0,0,23,19,23,19,7,4,7
2049,Manitoba,I&C to Cybersecurity,233411.03379102063,35047.01987963759,52004.52979939598,87051.54967903357,Industrial Cybersecurity Analyst,146359.48411198705,78716.49546671068,78716.49546671068,0.0,34013.074495679015,19183.26088815061,14446.653261446754,0.0,67642.98864527637,78716.49546671068,1125817.8058859503,1644154.5552283232,2487387.929570635,9928601.235962646,0,0,0,0,5,5,0,0,0,0,0,0,0,24,19,24,19,8,5,8
2050,Manitoba,I&C to Cybersecurity,245221.63210084627,37102.06398554725,55429.603309245416,92531.66729479266,Industrial Cybersecurity Analyst,152689.9648060536,82677.55575646214,82677.55575646214,0.0,35373.59747550618,19758.758714795127,14880.052859290157,0.0,70012.40904959147,82677.55575646214,1264786.25193671,1891247.5665076177,2943173.6747626923,12989859.162507903,0,0,0,0,6,6,0,0,0,0,0,0,0,25,19,25,19,9,6,9
2051,Manitoba,I&C to Cybersecurity,257629.8466851491,39261.093323215944,59027.98553869323,98289.07886190918,Industrial Cybersecurity Analyst,159340.7678232399,86874.25052740565,86874.25052740565,0.0,36788.54137452642,20351.52147623898,15326.454445068863,0.0,72466.51729583426,86874.25052740565,1414899.8150609513,2167246.5736857853,3471523.9765045014,16973691.161787678,0,0,0,0,7,7,0,0,0,0,0,0,0,26,19,26,19,10,7,10
2052,Manitoba,I&C to Cybersecurity,270665.9169274176,41529.36954537066,63295.802586047816,104825.17213141848,Industrial Cybersecurity Analyst,165840.74479599914,90832.34656754458,90832.34656754458,0.0,38260.083029507485,20962.067120526153,15786.24807842093,0.0,75008.39822845456,90832.34656754458,1576477.1523815435,2474803.577621909,4083084.919547721,22156630.856891528,0,0,0,0,8,8,0,0,0,0,0,0,0,27,19,27,19,11,8,11
2053,Manitoba,I&C to Cybersecurity,284361.6123239449,43912.42054436641,67815.38206690183,111727.80261126824,Industrial Cybersecurity Analyst,172633.80971267668,94992.55870707339,94992.55870707339,0.0,39790.48635068779,21590.929134141938,16259.835520773559,0.0,77641.25100560329,94992.55870707339,1750293.568707694,2817276.494091173,4790540.216186952,28898612.67266606,0,0,0,0,9,9,0,0,0,0,0,0,0,28,19,28,19,12,9,12
2054,Manitoba,I&C to Cybersecurity,298750.30990753655,46416.05392391136,72563.65226948707,118979.70619339842,Industrial Cybersecurity Analyst,179770.60371413812,99402.21031485987,99402.21031485987,0.0,41382.1058047153,22238.657008166196,16747.630586396765,0.0,80368.39339927825,99402.21031485987,1937210.4574579387,3198406.3538151504,5608523.4589298535,37667598.68478075,0,0,0,0,10,10,0,0,0,0,0,0,0,29,19,29,19,13,10,13
2055,Manitoba,I&C to Cybersecurity,313867.0755888579,49046.371152461266,77552.1849443231,126598.55609678436,Industrial Cybersecurity Analyst,187268.5194920735,104075.25323276976,104075.25323276976,0.0,43037.39003690391,22905.81671841118,17250.05950398867,0.0,83193.26625930375,104075.25323276976,2138146.2335636057,3622322.2424294353,6553877.231002101,49071953.54344774,0,0,0,0,11,11,0,0,0,0,0,0,0,30,19,30,19,14,11,14
2056,Manitoba,I&C to Cybersecurity,329748.7496136541,51809.78243277581,82793.13737250585,134602.91980528168,Industrial Cybersecurity Analyst,195145.82980837242,109026.3916609205,109026.3916609205,0.0,44758.885638380074,23592.991219963515,17767.56128910833,0.0,86119.43814745192,109026.3916609205,2354079.9369027065,4093580.8583332994,7645985.2073133355,63902565.99814299,0,0,0,0,12,12,0,0,0,0,0,0,0,31,19,31,19,15,12,15
2057,Manitoba,I&C to Cybersecurity,346434.036344105,54713.02232387427,88299.28199355466,143012.30431742893,Industrial Cybersecurity Analyst,203421.7320266761,114271.12187841682,114271.12187841682,0.0,46549.24106391528,24300.780956562423,18300.588127781575,0.0,89150.61014825928,114271.12187841682,2586055.0556262587,4617210.066045047,8907154.110288752,83187606.9194643,0,0,0,0,13,13,0,0,0,0,0,0,0,32,19,32,19,16,13,16
2058,Manitoba,I&C to Cybersecurity,363963.5985831167,57763.166153462305,94084.03753242851,151847.20368589082,Industrial Cybersecurity Analyst,212116.3948972259,119825.77403387969,119825.77403387969,0.0,48411.21070647189,25029.804385259296,18849.605771615024,0.0,92290.62086334621,119825.77403387969,2835183.5824414515,5198756.846683431,10363053.000865944,108263714.76933748,0,0,0,0,14,14,0,0,0,0,0,0,0,33,19,33,19,17,14,17
2059,Manitoba,I&C to Cybersecurity,382380.1566714224,60967.6472608275,100161.5017015694,161129.1489623969,Industrial Cybersecurity Analyst,221251.00770902552,125707.5561127142,125707.5561127142,0.0,50347.65913473077,25780.698516817072,19415.093944763477,0.0,95543.45159631132,125707.5561127142,3102650.3176762382,5844340.087464489,12043218.507108549,140868536.75625142,0,0,0,0,15,15,0,0,0,0,0,0,0,34,19,34,19,18,15,18
2060,Manitoba,I&C to Cybersecurity,401728.59259899636,64334.27511222536,106546.4855576688,170880.76066989417,Industrial Cybersecurity Analyst,230847.8319291022,131934.60019355422,131934.60019355422,0.0,52361.56550012001,26554.119472321585,19997.54676310638,0.0,98913.23173554798,131934.60019355422,3389717.4337536045,6560708.696404493,13981635.883368384,183261032.38332042,0,0,0,0,16,16,0,0,0,0,0,0,0,35,19,35,19,19,16,19
2061,Manitoba,I&C to Cybersecurity,422056.05938450556,67871.25433290396,113254.54959688683,181125.8039297908,Industrial Cybersecurity Analyst,240930.25545471476,138526.01111209916,138526.01111209916,0.0,54456.0281201248,27350.743056491236,20597.473165999574,0.0,102404.24434261561,138526.01111209916,3697729.316553384,7355305.577157043,16217407.27698574,238377868.10942864,0,0,0,0,17,17,0,0,0,0,0,0,0,36,19,36,19,20,17,20
2062,Manitoba,I&C to Cybersecurity,443412.0959893615,71587.2047021489,120302.04167648932,191889.2463786382,Industrial Cybersecurity Analyst,251522.84961072332,145501.91765662798,145501.91765662798,0.0,56634.2692449298,28171.265348185978,21215.397360979565,0.0,106020.93195409534,145501.91765662798,4028117.7000376815,8236338.052529376,18795520.286190227,310036730.45991385,0,0,0,0,18,18,0,0,0,0,0,0,0,37,19,37,19,21,18,21
2063,Manitoba,I&C to Cybersecurity,465848.74804642325,75491.18216007765,127706.13685531968,203197.31901539734,Industrial Cybersecurity Analyst,262651.4290310259,152883.52642585844,152883.52642585844,0.0,58899.64001472698,29016.403308631554,21851.859281808946,0.0,109767.90260516747,152883.52642585844,4382407.111465423,9212855.384208173,21767731.855544616,403200633.12431383,0,0,0,0,19,19,0,0,0,0,0,0,0,38,19,38,19,22,19,22
2064,Manitoba,I&C to Cybersecurity,489420.69469757227,79592.70087737757,135484.87925019884,215077.58012757642,Industrial Cybersecurity Analyst,274343.11456999584,160693.17848652607,160693.17848652607,0.0,61255.625615316065,29886.895407890504,22507.41506026322,0.0,113649.93608346979,160693.17848652607,4762220.645525221,10294834.101115517,25193584.81236283,524321516.24009454,0,0,0,0,20,20,0,0,0,0,0,0,0,39,19,39,19,23,20,23
2065,Manitoba,I&C to Cybersecurity,514185.3818492694,83901.75644177287,143657.2260102589,227558.98245203175,Industrial Cybersecurity Analyst,286626.39939723763,168954.4089751106,168954.4089751106,0.0,63705.850639928714,30783.502270127217,23182.637512071116,0.0,117671.99042212704,168954.4089751106,5169286.086776593,11493271.92020218,29141576.943192363,681786925.521098,0,0,0,0,21,21,0,0,0,0,0,0,0,40,19,40,19,24,21,24
2066,Manitoba,I&C to Cybersecurity,540203.1621708424,88428.85021772658,152243.093516378,240671.94373410457,Industrial Cybersecurity Analyst,299531.21843673784,177692.0097955477,177692.0097955477,0.0,66254.08466552586,31707.007338231033,23878.11663743325,0.0,121839.20864119014,177692.0097955477,5605442.40091097,12820291.122017948,33690505.49446677,886500695.187223,0,0,0,0,22,22,0,0,0,0,0,0,0,41,19,41,19,25,22,25
2067,Manitoba,I&C to Cybersecurity,567537.4421766871,93185.01493874354,161263.40591830673,254448.42085705028,Industrial Cybersecurity Analyst,313089.0213196368,186932.09557255567,186932.09557255567,0.0,68904.2480521469,32658.217558377968,24594.46013655625,0.0,126156.92574708111,186932.09557255567,6072646.616529074,14289252.3297923,38931013.41420933,1152637835.8389623,0,0,0,0,23,23,0,0,0,0,0,0,0,42,19,42,19,26,23,26
2068,Manitoba,I&C to Cybersecurity,596254.8367508274,98181.84159464396,170740.14612777304,268921.987722417,Industrial Cybersecurity Analyst,327332.8490284104,196702.17302839537,196702.17302839537,0.0,71660.41797423278,33637.96408512931,25332.293940652933,0.0,130630.67600001502,196702.17302839537,6572981.120383923,15914879.735799925,44967367.599369116,1498625888.7636795,0,0,0,0,24,24,0,0,0,0,0,0,0,43,19,43,19,27,24,27
2069,Manitoba,I&C to Cybersecurity,626425.3314904192,103431.50767933294,180696.40939183836,284127.9170711713,Industrial Cybersecurity Analyst,342297.41441924794,207031.21395949012,207031.21395949012,0.0,74526.8346932021,34647.10300768319,26092.262758872526,0.0,135266.20045975782,207031.21395949012,7108661.390362609,17713398.923339408,51919503.95323397,1948420686.6067429,0,0,0,0,25,25,0,0,0,0,0,0,0,44,19,44,19,28,25,28
2070,Manitoba,I&C to Cybersecurity,658122.4532638345,108946.80686790719,191156.45957706537,300103.26644497254,Industrial Cybersecurity Analyst,358019.1868188619,217949.73199837934,217949.73199837934,0.0,77507.90808093018,35686.516097913685,26875.030641638703,0.0,140069.45482048258,217949.73199837934,7682044.19187912,19702688.54767173,59925379.27821744,2533164842.320764,0,0,0,0,26,26,0,0,0,0,0,0,0,45,19,45,19,29,26,29
2071,Manitoba,I&C to Cybersecurity,691423.4493989843,114741.18019542327,202145.7883016648,316886.96849708806,Industrial Cybersecurity Analyst,374536.48090189626,229489.86335598992,229489.86335598992,0.0,80608.22440416738,36757.111580851095,27681.28156088786,0.0,145046.61754590634,229489.86335598992,8295636.264829066,21902447.265794896,69143676.03330605,3293343784.8803496,0,0,0,0,27,27,0,0,0,0,0,0,0,46,19,46,19,30,27,30
2072,Manitoba,I&C to Cybersecurity,726409.4759385731,120828.74881331171,213691.17705972912,334519.9258730408,Industrial Cybersecurity Analyst,391889.5500655323,241685.4517492071,241685.4517492071,0.0,83832.55338033408,37859.824928276634,28511.720007714495,0.0,150204.09831632522,241685.4517492071,8952103.529819727,24334377.444123592,79756912.89005116,4281588605.796204,0,0,0,0,28,28,0,0,0,0,0,0,0,47,19,47,19,31,28,31
2073,Manitoba,I&C to Cybersecurity,763165.7954210648,127224.34840326528,225820.76248895138,353045.1108922167,Industrial Cybersecurity Analyst,410120.68452884816,254572.13772922984,254572.13772922984,0.0,87185.85551554746,38995.61967612493,29367.071607945934,0.0,155548.5467996183,254572.13772922984,9654280.844039943,27022387.326265186,91975021.96128805,5566319759.672795,0,0,0,0,29,29,0,0,0,0,0,0,0,48,19,48,19,32,29,32
2074,Manitoba,I&C to Cybersecurity,801781.9846693706,133943.56533247046,238564.1049408923,372507.6702733628,Industrial Cybersecurity Analyst,429274.3143960078,268187.4526372455,268187.4526372455,0.0,90673.28973616935,40165.488266408676,30248.083756184315,0.0,161086.86175876233,268187.4526372455,10405182.338879187,29992813.51152895,106039462.70811848,7236483875.027272,0,0,0,0,30,30,0,0,0,0,0,0,0,49,19,49,19,33,30,33
2075,Manitoba,I&C to Cybersecurity,842352.1530936408,141002.7746382935,251952.26052090147,392955.03515919496,Industrial Cybersecurity Analyst,449397.11793444585,282570.9174255589,282570.9174255589,0.0,94300.22132561613,41370.452914400936,31155.526268869842,0.0,166826.20050888692,282570.9174255589,11208012.373248704,33274665.780107405,122227953.03176181,9407711608.452879,0,0,0,0,31,31,0,0,0,0,0,0,0,50,19,50,19,34,31,34
2026,Manitoba,Cybersecurity Focus with Education,40375.0,4360.5,5652.500000000001,10013.0,Masters in Cybersecurity,30362.0,-14728.0,0.0,0.0,13800.0,9720.0,7320.0,14250.0,45090.0,-14728.0,0.0,0.0,0.0,0.0,0,0,0,0,1,1,1,1,1,0,0,0,0,0,0,0,0,1,1,1
2027,Manitoba,Cybersecurity Focus with Education,40375.0,4360.5,5652.500000000001,10013.0,Masters in Cybersecurity,30362.0,-15791.199999999997,0.0,0.0,14352.0,10011.6,7539.6,14250.0,46153.2,-15791.199999999997,0.0,0.0,0.0,0.0,0,0,0,0,2,2,2,2,2,0,0,0,0,0,0,0,0,2,2,2
2028,Manitoba,Cybersecurity Focus with Education,40375.0,4360.5,5652.500000000001,10013.0,Masters in Cybersecurity,30362.0,-16891.816000000006,0.0,0.0,14926.080000000002,10311.948,7765.7880000000005,14250.0,47253.816000000006,-16891.816000000006,0.0,0.0,0.0,0.0,0,0,0,0,3,3,3,3,3,0,0,0,0,0,0,0,0,3,3,3
2029,Manitoba,Cybersecurity Focus with Education,26125.0,2821.5,3657.5000000000005,6479.0,PhD in Cybersecurity,19646.0,-25184.69128,0.0,0.0,15523.123200000002,10621.30644,7998.761640000001,10687.5,44830.69128,-25184.69128,0.0,0.0,0.0,0.0,1,0,0,0,4,4,4,4,4,0,0,0,0,0,0,0,0,4,4,4
2030,Manitoba,Cybersecurity Focus with Education,26125.0,2821.5,3657.5000000000005,6479.0,PhD in Cybersecurity,19646.0,-26364.21825040001,0.0,0.0,16144.048128000002,10939.9456332,8238.724489200002,10687.5,46010.21825040001,-26364.21825040001,0.0,0.0,0.0,0.0,2,0,0,0,5,5,5,5,5,0,0,0,0,0,0,0,0,5,5,5
2031,Manitoba,Cybersecurity Focus with Education,26125.0,2821.5,3657.5000000000005,6479.0,PhD in Cybersecurity,19646.0,-27585.340279192,0.0,0.0,16789.81005312,11268.144002196,8485.886223876001,10687.5,47231.340279192,-27585.340279192,0.0,0.0,0.0,0.0,3,0,0,0,6,6,6,6,6,0,0,0,0,0,0,0,0,6,6,6
2032,Manitoba,Cybersecurity Focus with Education,61856.05385739435,6970.1468668177795,8876.496040765842,15846.64290758362,SOC Level 1 Analyst,46009.41094981073,8201.357361711758,8201.357361711758,0.0,17461.402455244806,11606.188322261882,8740.46281059228,0.0,37808.05358809897,8201.357361711758,8201.357361711758,8201.357361711758,8201.357361711758,8201.357361711758,3,0,0,0,7,7,7,7,7,0,0,0,0,0,0,0,0,6,6,6
2033,Manitoba,Cybersecurity Focus with Education,64985.970182578494,7369.211198278757,9518.128887428593,16887.34008570735,SOC Level 1 Analyst,48098.630096871144,8981.720876576765,8981.720876576765,0.0,18159.858553454593,11954.373971929737,9002.67669491005,0.0,39116.90922029438,8981.720876576765,17593.14610637411,18003.2139744597,18413.281842545286,19643.48544680205,3,0,0,0,8,8,8,8,8,0,0,0,0,0,0,0,0,6,6,6
2034,Manitoba,Cybersecurity Focus with Education,68274.26027381697,7788.468184911663,10192.228356132478,17980.69654104414,SOC Level 1 Analyst,50293.563732772825,9821.54865033507,9821.54865033507,0.0,18886.252895592777,12313.00519108763,9272.75699575735,0.0,40472.015082437756,9821.54865033507,28294.352062027887,29625.084022240742,30996.822769262148,35358.079731177735,3,0,0,0,9,9,9,9,9,0,0,0,0,0,0,0,0,6,6,6
2035,Manitoba,Cybersecurity Focus with Education,71728.9378436721,8228.939575068192,10900.43725795278,19129.37683302097,SOC Level 1 Analyst,52599.56101065113,10724.522946784302,10724.522946784302,0.0,19641.70301141649,12682.395346820262,9550.939705630073,0.0,41875.03806386683,10724.522946784302,40433.592611913584,43312.11537124912,46370.86913143577,56690.02659731536,3,0,0,0,10,10,10,10,10,0,0,0,0,0,0,0,0,6,6,6
2036,Manitoba,Cybersecurity Focus with Education,106484.7268784027,12961.84247684207,18025.374010072555,30987.216486914625,SOC Level 2 Analyst,75497.51039148807,32169.804155591075,32169.804155591075,0.0,20427.37113187315,13062.86720722487,9837.467896798975,0.0,43327.706235897,32169.804155591075,74625.07639810034,79813.13106396512,85496.30365674221,105866.83873210104,4,0,0,0,11,11,11,11,11,0,0,0,0,0,0,0,0,6,6,6
2037,Manitoba,Cybersecurity Focus with Education,111872.85405844987,13899.376606170277,19129.940081982226,33029.3166881525,SOC Level 2 Analyst,78843.53737029736,34011.72623600472,34011.72623600472,0.0,21244.46597714808,13454.753223441614,10132.591933702945,0.0,44831.81113429264,34011.72623600472,112368.05645401007,121806.17040636635,132332.47544125826,171638.61658773606,5,0,0,0,12,12,12,12,12,0,0,0,0,0,0,0,0,6,6,6
2038,Manitoba,Cybersecurity Focus with Education,117533.62047380743,14884.349962442493,20317.271323189932,35201.62128563243,SOC Level 2 Analyst,82331.999188175,35942.789060082105,35942.789060082105,0.0,22094.244616234006,13858.395820144862,10436.569691714032,0.0,46389.2101280929,35942.789060082105,153929.2483367927,169929.57650708512,188125.13581752908,259072.990624139,6,0,0,0,13,13,13,13,13,0,0,0,0,0,0,0,0,6,6,6
2039,Manitoba,Cybersecurity Focus with Education,123480.82166978209,15919.162970542084,21863.54363414334,37782.70660468542,SOC Level 2 Analyst,85698.11506509667,37696.286186998645,37696.286186998645,0.0,22978.014400883367,14274.147694749208,10749.666782465454,0.0,48001.82887809803,37696.286186998645,199321.99694063098,224618.8203447923,254040.19237715707,374491.1739983794,7,0,0,0,14,14,14,14,14,0,0,0,0,0,0,0,0,6,6,6
2040,Manitoba,Cybersecurity Focus with Education,129728.95124627306,17006.337516851512,23488.057324030997,40494.39484088251,SOC Level 2 Analyst,89234.55640539055,39562.892516940745,39562.892516940745,0.0,23897.1349769187,14702.372125591686,11072.15678593942,0.0,49671.66388844981,39562.892516940745,248850.98930460328,286643.59489621234,331709.1137506714,526401.4187148339,8,0,0,0,15,15,15,15,15,0,0,0,0,0,0,0,0,6,6,6
2041,Manitoba,Cybersecurity Focus with Education,136293.2361793345,18148.5230952042,25194.77140662697,43343.29450183117,SOC Level 2 Analyst,92949.94167750332,41549.15652263083,41549.15652263083,0.0,24853.020375995446,15143.443289359438,11404.3214895176,0.0,51400.78515487249,41549.15652263083,302842.6952924643,356857.1109084644,423014.6373359029,725871.000851915,9,0,0,0,16,16,16,16,16,0,0,0,0,0,0,0,0,6,6,6
2042,Manitoba,Cybersecurity Focus with Education,143189.6739300088,19348.503263821534,26987.84522180229,46336.34848562382,SOC Level 2 Analyst,96853.32544438499,43661.98653110636,43661.98653110636,0.0,25847.14119103527,15597.746588040223,11746.45113420313,0.0,53191.338913278625,43661.98653110636,361646.8165881939,436204.8085304172,530128.8194673946,987294.2876385959,10,0,0,0,17,17,17,17,17,0,0,0,0,0,0,0,0,6,6,6
2043,Manitoba,Cybersecurity Focus with Education,173578.92857407758,24636.233571889497,34889.05142926017,59525.28500114967,Industrial Cybersecurity Analyst,114053.64357292792,59008.09308034059,59008.09308034059,0.0,26881.026838676677,16065.678985681428,12098.844668229223,0.0,55045.550492587325,59008.09308034059,438737.2504979442,538833.3824637996,668656.2354678444,1342490.6670105155,10,0,0,0,18,18,17,17,17,0,0,0,0,1,0,1,0,7,7,7
2044,Manitoba,Cybersecurity Focus with Education,182362.0223599259,26164.491890627105,37200.31648437851,63364.80837500562,Industrial Cybersecurity Analyst,118997.2139849203,62031.486709168574,62031.486709168574,0.0,27956.267912223746,16547.649355251873,12461.810008276101,0.0,56965.72727575172,62031.486709168574,522705.59973201,654748.2074193481,830986.1574971896,1807269.3538228387,10,0,0,0,19,19,17,17,17,0,0,0,0,2,0,2,0,8,8,8
2045,Manitoba,Cybersecurity Focus with Education,191589.54069133816,27770.08008029284,39876.29680048807,67646.37688078091,Industrial Cybersecurity Analyst,123943.16381055725,64988.902037410735,64988.902037410735,0.0,29074.5186287127,17044.07883590943,12835.664308524383,0.0,58954.261773146514,64988.902037410735,613829.7817560213,785211.9301986936,1020622.9831591788,2414439.062007101,10,0,0,0,20,20,17,17,17,0,0,0,0,3,0,3,0,9,9,9
2046,Manitoba,Cybersecurity Focus with Education,201283.97145031986,29456.911032355656,42687.68172059276,72144.59275294842,Industrial Cybersecurity Analyst,129139.37869737145,68125.74388474341,68125.74388474341,0.0,30237.499373861207,17555.401200986715,13220.734237780116,0.0,61013.634812628035,68125.74388474341,712647.0147285658,931858.8671033065,1241842.174517799,3206896.524493974,10,0,0,0,21,21,17,17,17,0,0,0,0,4,0,4,0,10,10,10
2047,Manitoba,Cybersecurity Focus with Education,211468.94040570606,31229.095630592852,45641.32271765476,76870.41834824761,Industrial Cybersecurity Analyst,134598.52205745847,71452.10320671297,71452.10320671297,0.0,31446.999348815658,18082.063237016315,13617.35626491352,0.0,63146.4188507455,71452.10320671297,819731.4686717071,1096496.8570203502,1499570.6039021816,4240417.5850488795,10,0,0,0,22,22,17,17,17,0,0,0,0,5,0,5,0,11,11,11
2048,Manitoba,Cybersecurity Focus with Education,222169.26879023478,33090.95276950085,48744.417949168084,81835.37071866894,Industrial Cybersecurity Analyst,140333.89807156584,74978.61666180982,74978.61666180982,0.0,32704.879322768284,18624.5251341268,14025.876952860926,0.0,65355.28140975601,74978.61666180982,935696.6587671023,1281125.1593841952,1799484.8111493185,5587521.477225353,10,0,0,0,23,23,17,17,17,0,0,0,0,6,0,6,0,12,12,12
2049,Manitoba,Cybersecurity Focus with Education,233411.03379102063,35047.01987963759,52004.52979939598,87051.54967903357,Industrial Cybersecurity Analyst,146359.48411198705,78716.49546671068,78716.49546671068,0.0,34013.074495679015,19183.26088815061,14446.653261446754,0.0,67642.98864527637,78716.49546671068,1061197.9871721682,1487954.1707893256,2148124.028288427,7342494.41585967,10,0,0,0,24,24,17,17,17,0,0,0,0,7,0,7,0,13,13,13
2050,Manitoba,Cybersecurity Focus with Education,245221.63210084627,37102.06398554725,55429.603309245416,92531.66729479266,Industrial Cybersecurity Analyst,152689.9648060536,82677.55575646214,82677.55575646214,0.0,35373.59747550618,19758.758714795127,14880.052859290157,0.0,70012.40904959147,82677.55575646214,1196935.4422872388,1719427.1436247204,2553020.1882881527,9627920.296374034,10,0,0,0,25,25,17,17,17,0,0,0,0,8,0,8,0,14,14,14
2051,Manitoba,Cybersecurity Focus with Education,257629.8466851491,39261.093323215944,59027.98553869323,98289.07886190918,Industrial Cybersecurity Analyst,159340.7678232399,86874.25052740565,86874.25052740565,0.0,36788.54137452642,20351.52147623898,15326.454445068863,0.0,72466.51729583426,86874.25052740565,1343656.4649290065,1978244.1085145983,3022847.467058781,12603170.635813652,10,0,0,0,26,26,17,17,17,0,0,0,0,9,0,9,0,15,15,15
2052,Manitoba,Cybersecurity Focus with Education,270665.9169274176,41529.36954537066,63295.802586047816,104825.17213141848,Industrial Cybersecurity Analyst,165840.74479599914,90832.34656754458,90832.34656754458,0.0,38260.083029507485,20962.067120526153,15786.24807842093,0.0,75008.39822845456,90832.34656754458,1501671.6347430015,2266900.865933603,3567106.9336851425,16474954.173125293,10,0,0,0,27,27,17,17,17,0,0,0,0,10,0,10,0,16,16,16
2053,Manitoba,Cybersecurity Focus with Education,284361.6123239449,43912.42054436641,67815.38206690183,111727.80261126824,Industrial Cybersecurity Analyst,172633.80971267668,94992.55870707339,94992.55870707339,0.0,39790.48635068779,21590.929134141938,16259.835520773559,0.0,77641.25100560329,94992.55870707339,1671747.775187225,2588583.511234037,4197165.532444987,21512432.983769953,10,0,0,0,28,28,17,17,17,0,0,0,0,11,0,11,0,17,17,17
2054,Manitoba,Cybersecurity Focus with Education,298750.30990753655,46416.05392391136,72563.65226948707,118979.70619339842,Industrial Cybersecurity Analyst,179770.60371413812,99402.21031485987,99402.21031485987,0.0,41382.1058047153,22238.657008166196,16747.630586396765,0.0,80368.39339927825,99402.21031485987,1854737.3742614463,2946844.072672301,4926142.572626594,28065565.0892158,10,0,0,0,29,29,17,17,17,0,0,0,0,12,0,12,0,18,18,18
2055,Manitoba,Cybersecurity Focus with Education,313867.0755888579,49046.371152461266,77552.1849443231,126598.55609678436,Industrial Cybersecurity Analyst,187268.5194920735,104075.25323276976,104075.25323276976,0.0,43037.39003690391,22905.81671841118,17250.05950398867,0.0,83193.26625930375,104075.25323276976,2051549.4962072885,3345603.733172301,5769139.211753353,36589309.86921331,10,0,0,0,30,30,17,17,17,0,0,0,0,13,0,13,0,19,19,19
2056,Manitoba,Cybersecurity Focus with Education,329748.7496136541,51809.78243277581,82793.13737250585,134602.91980528168,Industrial Cybersecurity Analyst,195145.82980837242,109026.3916609205,109026.3916609205,0.0,44758.885638380074,23592.991219963515,17767.56128910833,0.0,86119.43814745192,109026.3916609205,2263153.3626785735,3789190.498150452,6743536.485177275,47675129.22163823,10,0,0,0,31,31,17,17,17,0,0,0,0,14,0,14,0,20,20,20
2057,Manitoba,Cybersecurity Focus with Education,346434.036344105,54713.02232387427,88299.28199355466,143012.30431742893,Industrial Cybersecurity Analyst,203421.7320266761,114271.12187841682,114271.12187841682,0.0,46549.24106391528,24300.780956562423,18300.588127781575,0.0,89150.61014825928,114271.12187841682,2490582.152690919,4282380.669843915,7869338.079832283,62091939.11000812,10,0,0,0,32,32,17,17,17,0,0,0,0,15,0,15,0,21,21,21
2058,Manitoba,Cybersecurity Focus with Education,363963.5985831167,57763.166153462305,94084.03753242851,151847.20368589082,Industrial Cybersecurity Analyst,212116.3948972259,119825.77403387969,119825.77403387969,0.0,48411.21070647189,25029.804385259296,18849.605771615024,0.0,92290.62086334621,119825.77403387969,2734937.034359345,4830444.510862187,9169564.565841004,80839346.61704443,10,0,0,0,33,33,17,17,17,0,0,0,0,16,0,16,0,22,22,22
2059,Manitoba,Cybersecurity Focus with Education,382380.1566714224,60967.6472608275,100161.5017015694,161129.1489623969,Industrial Cybersecurity Analyst,221251.00770902552,125707.5561127142,125707.5561127142,0.0,50347.65913473077,25780.698516817072,19415.093944763477,0.0,95543.45159631132,125707.5561127142,2997391.442190027,5439196.51806112,10670706.806829868,105216858.1582705,10,0,0,0,34,34,17,17,17,0,0,0,0,17,0,17,0,23,23,23
2060,Manitoba,Cybersecurity Focus with Education,401728.59259899636,64334.27511222536,106546.4855576688,170880.76066989417,Industrial Cybersecurity Analyst,230847.8319291022,131934.60019355422,131934.60019355422,0.0,52361.56550012001,26554.119472321585,19997.54676310638,0.0,98913.23173554798,131934.60019355422,3279195.6144930823,6115050.770060787,12403247.428047901,136913850.2059452,10,0,0,0,35,35,17,17,17,0,0,0,0,18,0,18,0,24,24,24
2061,Manitoba,Cybersecurity Focus with Education,422056.05938450556,67871.25433290396,113254.54959688683,181125.8039297908,Industrial Cybersecurity Analyst,240930.25545471476,138526.01111209916,138526.01111209916,0.0,54456.0281201248,27350.743056491236,20597.473165999574,0.0,102404.24434261561,138526.01111209916,3581681.4063298358,6865081.858178966,14402260.553367184,178126531.27884084,10,0,0,0,36,36,17,17,17,0,0,0,0,19,0,19,0,25,25,25
2062,Manitoba,Cybersecurity Focus with Education,443412.0959893615,71587.2047021489,120302.04167648932,191889.2463786382,Industrial Cybersecurity Analyst,251522.84961072332,145501.91765662798,145501.91765662798,0.0,56634.2692449298,28171.265348185978,21215.397360979565,0.0,106020.93195409534,145501.91765662798,3906267.394302956,7697091.9616534915,16708101.55402889,231709992.58014974,10,0,0,0,37,37,17,17,17,0,0,0,0,20,0,20,0,26,26,26
2063,Manitoba,Cybersecurity Focus with Education,465848.74804642325,75491.18216007765,127706.13685531968,203197.31901539734,Industrial Cybersecurity Analyst,262651.4290310259,152883.52642585844,152883.52642585844,0.0,58899.64001472698,29016.403308631554,21851.859281808946,0.0,109767.90260516747,152883.52642585844,4254464.290443962,8619684.6842447,19367200.313559078,301375873.88062054,10,0,0,0,38,38,17,17,17,0,0,0,0,21,0,21,0,27,27,27
2064,Manitoba,Cybersecurity Focus with Education,489420.69469757227,79592.70087737757,135484.87925019884,215077.58012757642,Industrial Cybersecurity Analyst,274343.11456999584,160693.17848652607,160693.17848652607,0.0,61255.625615316065,29886.895407890504,22507.41506026322,0.0,113649.93608346979,160693.17848652607,4627880.683452687,9642346.331155697,22432973.539079465,391949329.22329324,10,0,0,0,39,39,17,17,17,0,0,0,0,22,0,22,0,28,28,28
2065,Manitoba,Cybersecurity Focus with Education,514185.3818492694,83901.75644177287,143657.2260102589,227558.98245203175,Industrial Cybersecurity Analyst,286626.39939723763,168954.4089751106,168954.4089751106,0.0,63705.850639928714,30783.502270127217,23182.637512071116,0.0,117671.99042212704,168954.4089751106,5028229.126600432,10775535.37324638,25966873.978916492,509703082.39925635,10,0,0,0,40,40,17,17,17,0,0,0,0,23,0,23,0,29,29,29
2066,Manitoba,Cybersecurity Focus with Education,540203.1621708424,88428.85021772658,152243.093516378,240671.94373410457,Industrial Cybersecurity Analyst,299531.21843673784,177692.0097955477,177692.0097955477,0.0,66254.08466552586,31707.007338231033,23878.11663743325,0.0,121839.20864119014,177692.0097955477,5457332.5927260015,12030780.920366567,30039597.08554951,662791699.1288288,10,0,0,0,41,41,17,17,17,0,0,0,0,24,0,24,0,30,30,30
2067,Manitoba,Cybersecurity Focus with Education,567537.4421766871,93185.01493874354,161263.40591830673,254448.42085705028,Industrial Cybersecurity Analyst,313089.0213196368,186932.09557255567,186932.09557255567,0.0,68904.2480521469,32658.217558377968,24594.46013655625,0.0,126156.92574708111,186932.09557255567,5917131.317934858,13420791.10797578,34732468.74395449,861816140.96305,10,0,0,0,42,42,17,17,17,0,0,0,0,25,0,25,0,31,31,31
2068,Manitoba,Cybersecurity Focus with Education,596254.8367508274,98181.84159464396,170740.14612777304,268921.987722417,Industrial Cybersecurity Analyst,327332.8490284104,196702.17302839537,196702.17302839537,0.0,71660.41797423278,33637.96408512931,25332.293940652933,0.0,130630.67600001502,196702.17302839537,6409690.056859996,14959572.391801752,40139041.22857605,1120557685.4249935,10,0,0,0,43,43,17,17,17,0,0,0,0,26,0,26,0,32,32,32
2069,Manitoba,Cybersecurity Focus with Education,626425.3314904192,103431.50767933294,180696.40939183836,284127.9170711713,Industrial Cybersecurity Analyst,342297.41441924794,207031.21395949012,207031.21395949012,0.0,74526.8346932021,34647.10300768319,26092.262758872526,0.0,135266.20045975782,207031.21395949012,6937205.773662486,16662560.84494142,46366928.62682194,1456932022.2664511,10,0,0,0,44,44,17,17,17,0,0,0,0,27,0,27,0,33,33,33
2070,Manitoba,Cybersecurity Focus with Education,658122.4532638345,108946.80686790719,191156.45957706537,300103.26644497254,Industrial Cybersecurity Analyst,358019.1868188619,217949.73199837934,217949.73199837934,0.0,77507.90808093018,35686.516097913685,26875.030641638703,0.0,140069.45482048258,217949.73199837934,7502015.79434399,18546766.661433943,53539917.65284361,1894229578.678385,10,0,0,0,45,45,17,17,17,0,0,0,0,28,0,28,0,34,34,34
2071,Manitoba,Cybersecurity Focus with Education,691423.4493989843,114741.18019542327,202145.7883016648,316886.96849708806,Industrial Cybersecurity Analyst,374536.48090189626,229489.86335598992,229489.86335598992,0.0,80608.22440416738,36757.111580851095,27681.28156088786,0.0,145046.61754590634,229489.86335598992,8106606.44741718,20630933.190933328,61800395.164126135,2462727942.1452565,10,0,0,0,46,46,17,17,17,0,0,0,0,29,0,29,0,35,35,35
2072,Manitoba,Cybersecurity Focus with Education,726409.4759385731,120828.74881331171,213691.17705972912,334519.9258730408,Industrial Cybersecurity Analyst,391889.5500655323,241685.4517492071,241685.4517492071,0.0,83832.55338033408,37859.824928276634,28511.720007714495,0.0,150204.09831632522,241685.4517492071,8753622.221537247,22935711.96177587,71312139.89049426,3201788010.240583,10,0,0,0,47,47,17,17,17,0,0,0,0,30,0,30,0,36,36,36
2073,Manitoba,Cybersecurity Focus with Education,763165.7954210648,127224.34840326528,225820.76248895138,353045.1108922167,Industrial Cybersecurity Analyst,410120.68452884816,254572.13772922984,254572.13772922984,0.0,87185.85551554746,38995.61967612493,29367.071607945934,0.0,155548.5467996183,254572.13772922984,9445875.47034334,25483855.29568269,82263533.01179762,4162578985.450487,10,0,0,0,48,48,17,17,17,0,0,0,0,31,0,31,0,37,37,37
2074,Manitoba,Cybersecurity Focus with Education,801781.9846693706,133943.56533247046,238564.1049408923,372507.6702733628,Industrial Cybersecurity Analyst,429274.3143960078,268187.4526372455,268187.4526372455,0.0,90673.28973616935,40165.488266408676,30248.083756184315,0.0,161086.86175876233,268187.4526372455,10186356.696497753,28300428.277888205,94871250.4162045,5411620868.538271,10,0,0,0,49,49,17,17,17,0,0,0,0,32,0,32,0,38,38,38
2075,Manitoba,Cybersecurity Focus with Education,842352.1530936408,141002.7746382935,251952.26052090147,392955.03515919496,Industrial Cybersecurity Analyst,449397.11793444585,282570.9174255589,282570.9174255589,0.0,94300.22132561613,41370.452914400936,31155.526268869842,0.0,166826.20050888692,282570.9174255589,10978245.448748201,31413042.023102585,109384508.89606072,7035389700.017178,10,0,0,0,50,50,17,17,17,0,0,0,0,33,0,33,0,39,39,39
2026,New Brunswick,Cybersecurity Focus,44000.0,4136.0,6160.000000000001,10296.0,SOC Level 1 Analyst,33704.0,5384.0,5384.0,0.0,12000.0,9360.0,6960.0,0.0,28320.0,5384.0,5384.0,5384.0,5384.0,5384.0,0,0,0,0,1,1,1,1,1,0,0,0,0,0,0,0,0,0,0,0
2027,New Brunswick,Cybersecurity Focus,46226.4,4345.2816,6471.696000000001,10816.977600000002,SOC Level 1 Analyst,35409.422399999996,6059.822399999997,6059.822399999997,0.0,12540.0,9640.8,7168.799999999999,0.0,29349.6,6059.822399999997,11713.022399999998,11982.222399999999,12251.422399999996,13059.022399999998,0,0,0,0,2,2,2,2,2,0,0,0,0,0,0,0,0,0,0,0
2028,New Brunswick,Cybersecurity Focus,48565.455839999995,4565.15284896,6799.1638176,11364.31666656,SOC Level 1 Analyst,37201.139173439995,6782.951173439997,6782.951173439997,0.0,13104.3,9930.024,7383.864,0.0,30418.188,6782.951173439997,19081.624693439997,19963.395813439995,20872.08693343999,23759.680293439993,0,0,0,0,3,3,3,3,3,0,0,0,0,0,0,0,0,0,0,0
2029,New Brunswick,Cybersecurity Focus,51022.867905504,4796.149583117376,7143.201506770561,11939.351089887936,SOC Level 1 Analyst,39083.516815616065,7556.21867561607,7556.21867561607,0.0,13693.993499999997,10227.924719999999,7605.379919999999,0.0,31527.298139999995,7556.21867561607,27591.924603728068,29515.954070400065,31559.118649072057,38443.803057088066,0,0,0,0,4,4,4,4,4,0,0,0,0,0,0,0,0,0,0,0
2030,New Brunswick,Cybersecurity Focus,75533.78980305443,8167.41257242762,11680.431909626159,19847.844482053777,SOC Level 2 Analyst,55685.945321000654,23007.418334300655,23007.418334300655,0.0,14310.223207499996,10534.762461600001,7833.541317600001,0.0,32678.5269867,23007.418334300655,51978.93916821513,55474.96781174073,59300.404780733516,72984.36230851515,1,0,0,0,5,5,5,5,5,0,0,0,0,0,0,0,0,0,0,0
2031,New Brunswick,Cybersecurity Focus,79355.79956708898,8702.493939392458,12463.943911253242,21166.4378506457,SOC Level 2 Analyst,58189.36171644328,24315.82557202979,24315.82557202979,0.0,14954.183251837494,10850.805335448,8068.547557128,0.0,33873.53614441349,24315.82557202979,78893.71169865568,85338.2901649446,92511.29106987333,119195.49657309949,2,0,0,0,6,6,6,6,6,0,0,0,0,0,0,0,0,0,0,0
2032,New Brunswick,Cybersecurity Focus,83371.20302518368,9264.650423525716,13287.101620162655,22551.75204368837,SOC Level 2 Analyst,60819.45098149531,25705.396003971844,25705.396003971844,0.0,15627.121498170183,11176.329495511442,8310.60398384184,0.0,35114.05497752347,25705.396003971844,108543.79328756031,119577.51518541091,132093.38073432617,180659.54154900118,3,0,0,0,7,7,7,7,7,0,0,0,0,0,0,0,0,0,0,0
2033,New Brunswick,Cybersecurity Focus,87589.78589825798,9855.252025756117,14151.911109142886,24007.163134899005,SOC Level 2 Analyst,63582.62276335897,27180.73931403725,27180.73931403725,0.0,16330.341965587839,11511.619380376786,8559.922103357096,0.0,36401.88344932172,27180.73931403725,141151.72226597558,158716.00601798928,179088.12715851233,262038.1433277388,4,0,0,0,8,8,8,8,8,0,0,0,0,0,0,0,0,0,0,0
2034,New Brunswick,Cybersecurity Focus,92021.82906470983,10475.738069059378,15060.479958265518,25536.218027324896,SOC Level 2 Analyst,66485.61103738494,28746.715955099746,28746.715955099746,0.0,17065.20735403929,11856.96796178809,8816.719766457809,0.0,37738.89508228519,28746.715955099746,176956.02433437412,203334.32257488795,234698.0621873889,369396.3022811602,5,0,0,0,9,9,9,9,9,0,0,0,0,0,0,0,0,0,0,0
2035,New Brunswick,Cybersecurity Focus,96678.13361538414,11127.620706153779,16015.02239115375,27142.64309730753,SOC Level 2 Analyst,69535.4905180766,30408.45047301227,30408.45047301227,0.0,17833.141684971055,12212.677000641732,9081.221359451545,0.0,39127.040045064336,30408.45047301227,216212.2760241051,254076.205305389,300311.22198850947,510623.64343852055,6,0,0,0,10,10,10,10,10,0,0,0,0,0,0,0,0,0,0,0
2036,New Brunswick,Cybersecurity Focus,101570.04717632258,11812.48860468516,17017.86467114613,28830.35327583129,SOC Level 2 Analyst,72739.69390049129,32171.345528800462,32171.345528800462,0.0,18635.633060794753,12579.057310660983,9353.65800023509,0.0,40568.34837169082,32171.345528800462,259194.23535411083,311655.17136472836,377529.2508155863,695982.0819988772,7,0,0,0,11,11,11,11,11,0,0,0,0,0,0,0,0,0,0,0
2037,New Brunswick,Cybersecurity Focus,123920.69988012909,15326.673980820655,21977.911968833563,37304.58594965422,Industrial Cybersecurity Analyst,86616.11393047488,44551.18061172141,44551.18061172141,0.0,19474.236548530516,12956.429029980813,9634.267740242143,0.0,42064.93331875347,44551.18061172141,316705.1277335378,387371.86911292264,478709.8190496456,949327.8872102618,7,0,0,0,12,12,11,11,11,0,0,0,0,1,0,1,0,1,1,1
2038,New Brunswick,Cybersecurity Focus,130191.08729406362,16329.93596705018,23608.21269645654,39938.14866350672,Industrial Cybersecurity Analyst,90252.93863055689,46633.94376401286,46633.94376401286,0.0,20350.577193214387,13345.121900880236,9923.295772449408,0.0,43618.99486654403,46633.94376401286,379174.3278842276,472742.99978822784,597150.2356711053,1280760.197137353,7,0,0,0,13,13,11,11,11,0,0,0,0,2,0,2,0,2,2,2
2039,New Brunswick,Cybersecurity Focus,136778.75631114325,17383.96300978292,25321.006640897245,42704.96965068017,Industrial Cybersecurity Analyst,94073.78666046308,48840.96329002451,48840.96329002451,0.0,21266.35316690903,13745.475557906648,10220.994645622892,0.0,45232.82337043857,48840.96329002451,446974.0075684635,568858.2630570752,735563.7343117957,1713829.2195685834,7,0,0,0,14,14,11,11,11,0,0,0,0,3,0,3,0,3,3,3
2040,New Brunswick,Cybersecurity Focus,143699.7613804871,18491.323820877937,27120.467958926645,45611.79177980458,Industrial Cybersecurity Analyst,98087.96960068251,51179.16623162715,51179.16623162715,0.0,22223.339059419937,14157.839824643848,10527.624484991578,0.0,46908.803369055364,51179.16623162715,520501.8741785139,676923.2555944099,897077.4606901921,2279157.1516707856,7,0,0,0,15,15,11,11,11,0,0,0,0,4,0,4,0,4,4,4
2041,New Brunswick,Cybersecurity Focus,150970.96930633974,19654.71708901436,29010.982019648334,48665.699108662695,Industrial Cybersecurity Analyst,102305.27019767705,53655.852641658734,53655.852641658734,0.0,23223.38931709383,14582.575019383159,10843.453219541325,0.0,48649.417556018314,53655.852641658734,600182.8205290984,798271.4337955096,1085294.9324353794,3016560.1498136804,7,0,0,0,16,16,11,11,11,0,0,0,0,5,0,5,0,5,5,5
2042,New Brunswick,Cybersecurity Focus,158610.1003532405,20876.97805651848,30997.15609184253,51874.134148361016,Industrial Cybersecurity Analyst,106735.96620487949,56278.71528242421,56278.71528242421,0.0,24268.441836363054,15020.052269964657,11168.756816127567,0.0,50457.25092245528,56278.71528242421,686470.6768379776,934377.2924574849,1304367.8875831102,3977806.910040209,7,0,0,0,17,17,11,11,11,0,0,0,0,6,0,6,0,6,6,6
2043,New Brunswick,Cybersecurity Focus,166635.7714311145,22161.08542897832,33083.83057208977,55244.91600106809,Industrial Cybersecurity Analyst,111390.8554300464,59055.86035237202,59055.86035237202,0.0,25360.521718999393,15470.653838063596,11503.819520611392,0.0,52334.99507767438,59055.86035237202,779850.0710322486,1086870.8820556055,1559078.9310729487,5230204.843404644,7,0,0,0,18,18,11,11,11,0,0,0,0,7,0,7,0,7,7,7
2044,New Brunswick,Cybersecurity Focus,175067.54146552886,23510.168634484617,35276.09078103751,58786.25941552212,Industrial Cybersecurity Analyst,116281.28205000673,61995.829294217125,61995.829294217125,0.0,26501.745196354364,15934.773453205506,11848.934106229735,0.0,54285.45275578961,61995.829294217125,880838.4038780782,1257553.7995553832,1854936.6000281079,6861262.125720254,7,0,0,0,19,19,11,11,11,0,0,0,0,8,0,8,0,8,8,8
2045,New Brunswick,Cybersecurity Focus,183925.95906368463,24927.51545018954,37653.85812846854,62581.37357865808,Industrial Cybersecurity Analyst,121344.58548502655,65033.04296861794,65033.04296861794,0.0,27694.323730190306,16412.81665680167,12204.402129416627,0.0,56311.542516408605,65033.04296861794,989913.3670406002,1448342.2224795395,2198210.1330009415,8984673.806404948,7,0,0,0,20,20,11,11,11,0,0,0,0,9,0,9,0,9,9,9
2046,New Brunswick,Cybersecurity Focus,193232.61259230706,26416.580014769133,40352.787651769046,66769.36766653818,Industrial Cybersecurity Analyst,126463.24492576889,68046.94127791518,68046.94127791518,0.0,28940.56829804887,16905.201156505722,12570.534193299125,0.0,58416.30364785372,68046.94127791518,1107455.9766705455,1661223.3860054086,2595988.594228998,11748122.889604349,7,0,0,0,21,21,11,11,11,0,0,0,0,10,0,10,0,10,10,10
2047,New Brunswick,Cybersecurity Focus,203010.1827894778,28301.212643948176,43188.283008948565,71489.49565289675,Industrial Cybersecurity Analyst,131520.68713658105,70917.78585482099,70917.78585482099,0.0,30242.893871461063,17412.357191200892,12947.650219098101,0.0,60602.90128176006,70917.78585482099,1233746.561358894,1898263.5104607707,3056304.6692181686,15343477.542340474,7,0,0,0,22,22,11,11,11,0,0,0,0,11,0,11,0,11,11,11
2048,New Brunswick,Cybersecurity Focus,213282.49803862537,30304.31411753195,46167.254431201356,76471.56854873331,Industrial Cybersecurity Analyst,136810.92948989206,73936.29776160727,73936.29776160727,0.0,31603.824095676813,17934.72790693692,13336.079725671045,0.0,62874.63172828478,73936.29776160727,1369370.187188446,2162026.159268455,3588686.667362501,20020457.102804225,7,0,0,0,23,23,11,11,11,0,0,0,0,12,0,12,0,12,12,12
2049,New Brunswick,Cybersecurity Focus,224074.5924393798,32408.772525679065,49296.96180742014,81705.73433309922,Industrial Cybersecurity Analyst,142368.8581062806,77133.93006471213,77133.93006471213,0.0,33025.99617998226,18472.76974414503,13736.162117441178,0.0,65234.92804156847,77133.93006471213,1514972.6266125806,2455362.705260013,4204123.597531588,26103728.163710207,7,0,0,0,24,24,11,11,11,0,0,0,0,13,0,13,0,13,13,13
2050,New Brunswick,Cybersecurity Focus,235412.76681681242,34619.71652927843,52585.0323768756,87204.74890615403,Industrial Cybersecurity Analyst,148208.01791065838,80520.65208514313,80520.65208514313,0.0,34512.16600808146,19026.95283646938,14148.246980964414,0.0,67687.36582551525,80520.65208514313,1671241.9100283529,2781419.627871158,4915262.789246469,34015367.26490841,7,0,0,0,25,25,11,11,11,0,0,0,0,14,0,14,0,14,14,14
2051,New Brunswick,Cybersecurity Focus,247324.65281774313,36942.53429945991,56039.47931714551,92982.01361660543,Industrial Cybersecurity Analyst,154342.6392011377,84106.96991073577,84106.96991073577,0.0,36065.21347844513,19597.76142156346,14572.694390393342,0.0,70235.66929040193,84106.96991073577,1838910.9754405064,3143668.5605690097,5736659.177544175,44304084.41429167,7,0,0,0,26,26,11,11,11,0,0,0,0,15,0,15,0,15,15,15
2052,New Brunswick,Cybersecurity Focus,259839.2802503209,39382.88664881258,59723.012482605904,99105.89913141848,Industrial Cybersecurity Analyst,160733.3811189024,87849.66354761175,87849.66354761175,0.0,37688.14808497515,20185.694264210368,15009.875222105144,0.0,72883.71757129066,87849.66354761175,2018706.1877601435,3545885.0801735227,6685007.717723412,57683159.40212679,7,0,0,0,27,27,11,11,11,0,0,0,0,16,0,16,0,16,16,16
2053,New Brunswick,Cybersecurity Focus,272987.1478309872,41946.7208270425,64061.80878422577,106008.52961126827,Industrial Cybersecurity Analyst,166978.61821971892,91343.0669000149,91343.0669000149,0.0,39384.11474879904,20791.26509213668,15460.171478768301,0.0,75635.55131970401,91343.0669000149,2210984.5640481655,3991816.6550908904,7779101.942281938,75079450.28966485,7,0,0,0,28,28,11,11,11,0,0,0,0,17,0,17,0,17,17,17
2054,New Brunswick,Cybersecurity Focus,286800.2975112351,44640.285014690846,68620.14817870759,113260.43319339844,Industrial Cybersecurity Analyst,173539.86431783668,95044.48473730957,95044.48473730957,0.0,41156.399912494984,21415.00304490078,15923.976623131352,0.0,78495.37958052711,95044.48473730957,2416578.2769878833,4486042.805337289,9041011.718361536,97698329.86130162,7,0,0,0,29,29,11,11,11,0,0,0,0,18,0,18,0,18,18,18
2055,New Brunswick,Cybersecurity Focus,301312.3925653036,47470.14355023421,73409.13954655018,120879.28309678439,Industrial Cybersecurity Analyst,180433.10946851922,98965.52250188886,98965.52250188886,0.0,43008.437908557265,22057.453136247805,16401.69592182529,0.0,81467.58696663036,98965.52250188886,2636372.7133391663,5033612.608372907,10496128.998617655,127106794.34219399,7,0,0,0,30,30,11,11,11,0,0,0,0,19,0,19,0,19,19,19
2056,New Brunswick,Cybersecurity Focus,316558.79962910793,50443.19292767605,78440.45387760561,128883.64680528166,Industrial Cybersecurity Analyst,187675.15282382627,103118.41167956864,103118.41167956864,0.0,44943.817614442334,22719.17673033524,16893.74679948005,0.0,84556.74114425763,103118.41167956864,2871309.7606856935,5640092.280889767,12173666.76008987,165341951.05653176,7,0,0,0,31,31,11,11,11,0,0,0,0,20,0,20,0,20,20,20
2057,New Brunswick,Cybersecurity Focus,332576.67489034083,53566.67860361647,83726.35271381248,137293.03131742895,Industrial Cybersecurity Analyst,195283.64357291188,107516.0429301099,107516.0429301099,0.0,46966.289407092234,23400.752032245295,17400.55920346445,0.0,87767.60064280198,107516.0429301099,3122391.291650088,6311617.551908854,14107232.81703346,215052052.41642138,7,0,0,0,32,32,11,11,11,0,0,0,0,21,0,21,0,21,21,21
2058,New Brunswick,Cybersecurity Focus,349405.05463979207,56848.21265475945,89279.71803113139,146127.93068589084,Industrial Cybersecurity Analyst,203277.12395390123,112172.00095070881,112172.00095070881,0.0,49079.77243041139,24102.774593212656,17922.575979568384,0.0,91105.12300319242,112172.00095070881,3390682.8571833014,7054951.308050449,16335489.740539188,279679840.1422985,7,0,0,0,33,33,11,11,11,0,0,0,0,22,0,22,0,22,22,22
2059,New Brunswick,Cybersecurity Focus,367084.95040456555,60295.79232889029,95114.08363350664,155409.87596239694,Industrial Cybersecurity Analyst,211675.0744421686,117100.60116242424,117100.60116242424,0.0,51288.362189779895,24825.857831009034,18460.25325895544,0.0,94574.47327974437,117100.60116242424,3677317.6012048908,7877547.040017919,18902913.802782487,363700892.7861505,7,0,0,0,34,34,11,11,11,0,0,0,0,23,0,23,0,23,23,23
2060,New Brunswick,Cybersecurity Focus,385659.44889503653,63917.81953453213,101243.66813536207,165161.48766989418,Industrial Cybersecurity Analyst,220497.96122514235,122316.92831415895,122316.92831415895,0.0,53596.33848831999,25570.633565939308,19014.0608567241,0.0,98181.0329109834,122316.92831415895,3983500.4095792947,8787618.67233387,21860667.80151402,472933477.55030984,7,0,0,0,35,35,11,11,11,0,0,0,0,24,0,24,0,24,24,24
2061,New Brunswick,Cybersecurity Focus,405173.81700912537,67723.12131677945,107683.40961301138,175406.5309297908,Industrial Cybersecurity Analyst,229767.28607933456,127836.87710369687,127836.87710369687,0.0,56008.17372029438,26337.75257291749,19584.482682425827,0.0,101930.40897563769,127836.87710369687,4310512.307161956,9794217.416670956,25267604.848844815,614941357.6925066,7,0,0,0,36,36,11,11,11,0,0,0,0,25,0,25,0,25,25,25
2062,New Brunswick,Cybersecurity Focus,425675.6121497871,71720.97136920848,114449.00200942974,186169.9733786382,Industrial Cybersecurity Analyst,239505.63877114886,133677.19492043764,133677.19492043764,0.0,58528.54153770762,27127.885150105012,20172.0171628986,0.0,105828.44385071124,133677.19492043764,4659715.117440492,10907316.353258489,29191422.771091975,799557442.195179,7,0,0,0,37,37,11,11,11,0,0,0,0,26,0,26,0,26,26,26
2063,New Brunswick,Cybersecurity Focus,447214.7981245663,75921.11263429045,121556.9333811069,197478.04601539735,Industrial Cybersecurity Analyst,249736.75210916897,139855.52681987078,139855.52681987078,0.0,61162.32590690447,27941.721704608164,20777.177677785556,0.0,109881.22528929819,139855.52681987078,5032556.400132388,12137903.515404208,33709991.71357564,1039564530.3805525,7,0,0,0,38,38,11,11,11,0,0,0,0,27,0,27,0,27,27,27
2064,New Brunswick,Cybersecurity Focus,469843.86690966936,80333.78104738554,129024.52608019089,209358.30712757644,Industrial Cybersecurity Analyst,260485.55978209293,146390.46284551223,146390.46284551223,0.0,63914.63057271516,28779.973355746413,21400.493008119127,0.0,114095.0969365807,146390.46284551223,5430574.68298452,13498084.329790141,38912880.933457494,1351580279.9575639,7,0,0,0,39,39,11,11,11,0,0,0,0,28,0,28,0,28,28,28
2065,New Brunswick,Cybersecurity Focus,493617.9665752986,84969.73048218322,136869.97896984854,221839.70945203176,Industrial Cybersecurity Analyst,271778.2571232668,153301.58781999798,153301.58781999798,0.0,66790.78894848734,29643.372556418803,22042.507798362698,0.0,118476.66930326885,153301.58781999798,5855405.004953744,15001194.350589154,44903114.661296114,1757207665.532653,7,0,0,0,40,40,11,11,11,0,0,0,0,29,0,29,0,29,29,29
2066,New Brunswick,Cybersecurity Focus,518595.03568400873,89840.25895838172,145112.41177572287,234952.67073410458,Industrial Cybersecurity Analyst,283642.36494990415,160609.53373330995,160609.53373330995,0.0,69796.37445116926,30532.673733111365,22703.783032313582,0.0,123032.8312165942,160609.53373330995,6308784.788934741,16661923.31938138,51799191.39422384,2284530574.7261825,7,0,0,0,41,41,11,11,11,0,0,0,0,30,0,30,0,30,30,30
2067,New Brunswick,Cybersecurity Focus,544835.9444896196,94957.23617547582,153771.91168157448,248729.1478570503,Industrial Cybersecurity Analyst,296106.7966325693,168336.03486270973,168336.03486270973,0.0,72937.21130147186,31448.653945104714,23384.896523282987,0.0,127770.76176985956,168336.03486270973,6792560.063244189,18496451.686182227,59737406.138220124,2970058083.1789,7,0,0,0,42,42,11,11,11,0,0,0,0,31,0,31,0,31,31,31
2068,New Brunswick,Cybersecurity Focus,572404.6432807943,100333.13243975489,162869.5822826621,263202.714722417,Industrial Cybersecurity Analyst,309201.92855837726,176503.98576589982,176503.98576589982,0.0,76219.3858100381,32392.113563457853,24086.44341898148,0.0,132697.94279247744,176503.98576589982,7308692.052172299,20522600.840566352,68874521.04471904,3861252012.1183357,7,0,0,0,43,43,11,11,11,0,0,0,0,32,0,32,0,32,32,32
2069,New Brunswick,Cybersecurity Focus,601368.3182308024,105981.04905500649,172427.59501616482,278408.6440711713,Industrial Cybersecurity Analyst,322959.67415963113,185137.5022962288,185137.5022962288,0.0,79649.25817148981,33363.87697036159,24809.036721550925,0.0,137822.17186340233,185137.5022962288,7859264.157077143,22759998.42691922,79390836.70372312,5019812753.256133,7,0,0,0,44,44,11,11,11,0,0,0,0,33,0,33,0,33,33,33
2070,New Brunswick,Cybersecurity Focus,631797.555133281,111914.7502509898,182469.24319398275,294383.99344497256,Industrial Cybersecurity Analyst,337413.5616883085,194261.98579643175,194261.98579643175,0.0,83233.47478920684,34364.79327947244,25553.307823197458,0.0,143151.57589187674,194261.98579643175,8446489.350727431,25230260.255407576,91493724.19507802,6525950841.218769,7,0,0,0,45,45,11,11,11,0,0,0,0,34,0,34,0,34,34,34
2071,New Brunswick,Cybersecurity Focus,663766.511423025,118148.69672748989,193018.99876959826,311167.69549708813,Industrial Cybersecurity Analyst,352598.8159259369,203904.19063546578,203904.19063546578,0.0,86978.98115472114,35395.73707785661,26319.907057893375,0.0,148694.62529047113,203904.19063546578,9072718.008899268,27957190.471583802,105421687.01497518,8483939997.775036,7,0,0,0,46,46,11,11,11,0,0,0,0,35,0,35,0,35,35,35
2072,New Brunswick,Cybersecurity Focus,697353.0969010302,124698.08089570088,204102.57197733998,328800.6528730409,Industrial Cybersecurity Analyst,368552.4440279893,214092.2952614832,214092.2952614832,0.0,90893.0353066836,36457.60919019231,27109.504269630183,0.0,154460.14876650608,214092.2952614832,9740446.204605715,30967001.81400367,121449032.36248294,11029336089.40281,7,0,0,0,47,47,11,11,11,0,0,0,0,36,0,36,0,36,36,36
2073,New Brunswick,Cybersecurity Focus,732639.1636042222,131578.86390282336,215746.97398939333,347325.8378922167,Industrial Cybersecurity Analyst,385313.32571200555,224855.97695290405,224855.97695290405,0.0,94983.22189548434,37551.337465898076,27922.789397719083,0.0,160457.3487591015,224855.97695290405,10452324.491788907,34288557.97235694,139891243.1938083,14338361772.200605,7,0,0,0,48,48,11,11,11,0,0,0,0,37,0,37,0,37,37,37
2074,New Brunswick,Cybersecurity Focus,769710.7052825958,138807.8145301062,227980.58274325664,366788.39727336285,Industrial Cybersecurity Analyst,402922.308009233,236226.49045892616,236226.49045892616,0.0,99257.46688078114,38677.877589875025,28760.473079650656,0.0,166695.81755030682,236226.49045892616,11211167.20683728,37953640.26005156,161111156.16333845,18640106530.351246,7,0,0,0,49,49,11,11,11,0,0,0,0,38,0,38,0,38,38,38
2075,New Brunswick,Cybersecurity Focus,808658.0669698953,146402.5500591296,240833.21210006543,387235.76215919503,Industrial Cybersecurity Analyst,421422.30481070024,248236.7507306725,248236.7507306725,0.0,103724.05289041628,39838.21391757127,29623.28727204018,0.0,173185.55408002774,248236.7507306725,12019962.317909816,41997241.03678739,185526066.33856988,24232386726.20735,7,0,0,0,50,50,11,11,11,0,0,0,0,39,0,39,0,39,39,39
2026,New Brunswick,I&C to Cybersecurity,15000.0,1410.0,2100.0,3510.0,I&C Engineering Diploma,11490.0,-22830.0,0.0,0.0,12000.0,9360.0,6960.0,6000.0,34320.0,-22830.0,0.0,0.0,0.0,0.0,0,0,0,0,0,0,0,0,0,0,0,0,0,1,1,1,1,1,0,1
2027,New Brunswick,I&C to Cybersecurity,15000.0,1410.0,2100.0,3510.0,I&C Engineering Diploma,11490.0,-23859.6,0.0,0.0,12540.0,9640.8,7168.799999999999,6000.0,35349.6,-23859.6,0.0,0.0,0.0,0.0,0,0,0,0,0,0,0,0,0,0,0,0,0,2,2,2,2,2,0,2
2028,New Brunswick,I&C to Cybersecurity,15000.0,1410.0,2100.0,3510.0,I&C Engineering Diploma,11490.0,-24928.187999999995,0.0,0.0,13104.3,9930.024,7383.864,6000.0,36418.187999999995,-24928.187999999995,0.0,0.0,0.0,0.0,0,0,0,0,0,0,0,0,0,0,0,0,0,3,3,3,3,3,0,3
2029,New Brunswick,I&C to Cybersecurity,46554.872352768,4376.158001160192,6517.68212938752,10893.840130547713,Instrumentation & Control Tech (Apprentice),35661.03222222028,4133.734082220286,4133.734082220286,0.0,13693.993499999997,10227.924719999999,7605.379919999999,0.0,31527.298139999995,4133.734082220286,4133.734082220286,4133.734082220286,4133.734082220286,4133.734082220286,0,0,0,0,0,0,0,0,0,0,0,0,0,4,4,4,4,3,0,3
2030,New Brunswick,I&C to Cybersecurity,49385.40859181629,4642.228407630731,6913.957202854281,11556.185610485012,Instrumentation & Control Tech (Apprentice),37829.22298133127,5150.6959946312745,5150.6959946312745,0.0,14310.223207499996,10534.762461600001,7833.541317600001,0.0,32678.5269867,5150.6959946312745,9491.116780962575,9697.80348507359,9904.490189184602,10524.550301517647,0,0,0,0,0,0,0,0,0,0,0,0,0,5,5,5,5,3,0,3
2031,New Brunswick,I&C to Cybersecurity,52388.04143419872,4927.00780078782,7334.325800787821,12261.333601575641,Instrumentation & Control Tech (Apprentice),40126.70783262308,6253.171688209586,6253.171688209586,0.0,14954.183251837494,10850.805335448,8068.547557128,0.0,33873.53614441349,6253.171688209586,16218.84430822029,16920.755521790536,17643.335405771875,19935.08708018253,0,0,0,0,0,0,0,0,0,0,0,0,0,6,6,6,6,3,0,3
2032,New Brunswick,I&C to Cybersecurity,55573.234353397995,5372.934809475719,7780.25280947572,13153.187618951439,Instrumentation & Control Tech (Apprentice),42420.04673444656,7305.991756923089,7305.991756923089,0.0,15627.121498170183,11176.329495511442,8310.60398384184,0.0,35114.05497752347,7305.991756923089,24335.778280554394,25918.82283089268,27595.827473560745,33221.60496116038,0,0,0,0,0,0,0,0,0,0,0,0,0,7,7,7,7,3,0,3
2033,New Brunswick,I&C to Cybersecurity,58952.0870020846,5845.974180291843,8281.182835427344,14127.157015719187,Instrumentation & Control Tech (Apprentice),44824.92998636541,8423.046537043687,8423.046537043687,0.0,16330.341965587839,11511.619380376786,8559.922103357096,0.0,36401.88344932172,8423.046537043687,33975.6137316258,36933.75165102564,40158.24813163854,51611.132986552184,0,0,0,0,0,0,0,0,0,0,0,0,0,8,8,8,8,3,0,3
2034,New Brunswick,I&C to Cybersecurity,97073.61656013287,11182.988318418602,16096.096394827238,27279.08471324584,Instrumentation & Control Tech (Red Seal),69794.53184688702,32055.636764601833,32055.636764601833,0.0,17065.20735403929,11856.96796178809,8816.719766457809,0.0,37738.89508228519,32055.636764601833,67730.03118280892,72682.76358073004,78237.62211598616,99150.10964711968,0,0,0,0,0,0,0,0,0,0,0,0,0,9,9,9,9,3,0,3
2035,New Brunswick,I&C to Cybersecurity,101490.4661136189,11801.347255906647,17001.550553291876,28802.897809198523,Instrumentation & Control Tech (Red Seal),72687.56830442038,33560.52825935604,33560.52825935604,0.0,17833.141684971055,12212.677000641732,9081.221359451545,0.0,39127.040045064336,33560.52825935604,104677.06100130541,113511.56819815909,123533.79369274012,162455.6708006116,0,0,0,0,0,0,0,0,0,0,0,0,0,10,10,10,10,3,0,3
2036,New Brunswick,I&C to Cybersecurity,106108.28232178855,12476.687171486168,17948.20287596665,30424.89004745282,Instrumentation & Control Tech (Red Seal),75683.39227433573,35115.0439026449,35115.0439026449,0.0,18635.633060794753,12579.057310660983,9353.65800023509,0.0,40568.34837169082,35115.0439026449,145025.95795401558,159977.7689206199,177178.906649296,246307.41594344,0,0,0,0,0,0,0,0,0,0,0,0,0,11,11,11,11,3,0,3
2037,New Brunswick,I&C to Cybersecurity,110936.2091674299,13249.155466788785,18937.927879323128,32187.08334611191,Instrumentation & Control Tech (Red Seal),78749.12582131798,36684.19250256451,36684.19250256451,0.0,19474.236548530516,12956.429029980813,9634.267740242143,0.0,42064.93331875347,36684.19250256451,188961.44835428087,212659.73831524645,240439.9351492549,356883.83322903654,0,0,0,0,0,0,0,0,0,0,0,0,0,12,12,12,12,3,0,3
2038,New Brunswick,I&C to Cybersecurity,115983.80668454796,14056.771069527675,19972.685370332332,34029.456439860005,Instrumentation & Control Tech (Red Seal),81954.35024468796,38335.355378143926,38335.355378143926,0.0,20350.577193214387,13345.121900880236,9923.295772449408,0.0,43618.99486654403,38335.355378143926,236744.87615013885,272261.06752491504,314841.280799787,502284.33857589145,0,0,0,0,0,0,0,0,0,0,0,0,0,13,13,13,13,3,0,3
2039,New Brunswick,I&C to Cybersecurity,121261.06988869488,14901.13318219118,21286.40817106067,36187.54135325185,Instrumentation & Control Tech (Red Seal),85073.52853544304,39840.70516500447,39840.70516500447,0.0,21266.35316690903,13745.475557906648,10220.994645622892,0.0,45232.82337043857,39840.70516500447,288422.82512265025,339327.87944241107,401908.1780847595,692810.3453136634,0,0,0,0,0,0,0,0,0,0,0,0,0,14,14,14,14,3,0,3
2040,New Brunswick,I&C to Cybersecurity,126778.44856863047,15783.913770980875,22720.92662784392,38504.840398824796,Instrumentation & Control Tech (Red Seal),88273.60816980567,41364.8048007503,41364.8048007503,0.0,22223.339059419937,14157.839824643848,10527.624484991578,0.0,46908.803369055364,41364.8048007503,344208.77117953304,414625.4721874025,503559.2095982237,942018.2537085128,0,0,0,0,0,0,0,0,0,0,0,0,0,15,15,15,15,3,0,3
2041,New Brunswick,I&C to Cybersecurity,132546.86797850314,16706.860876560502,24220.715674410818,40927.576550971324,Instrumentation & Control Tech (Red Seal),91619.29142753182,42969.873871513504,42969.873871513504,0.0,23223.38931709383,14582.575019383159,10843.453219541325,0.0,48649.417556018314,42969.873871513504,404389.08361002326,499057.8932776563,622062.9649094708,1267593.60369258,0,0,0,0,0,0,0,0,0,0,0,0,0,16,16,16,16,3,0,3
2042,New Brunswick,I&C to Cybersecurity,138577.750471525,17671.802075444,25788.7451225965,43460.5471980405,Instrumentation & Control Tech (Red Seal),95117.20327348451,44659.952351029235,44659.952351029235,0.0,24268.441836363054,15020.052269964657,11168.756816127567,0.0,50457.25092245528,44659.952351029235,469268.4901415537,593623.6349564512,760032.3619969205,1692531.6371513833,0,0,0,0,0,0,0,0,0,0,0,0,0,17,17,17,17,3,0,3
2043,New Brunswick,I&C to Cybersecurity,144883.0381179794,18680.648098876703,27428.119910674643,46108.76800955135,Instrumentation & Control Tech (Red Seal),98774.27010842804,46439.27503075366,46439.27503075366,0.0,25360.521718999393,15470.653838063596,11503.819520611392,0.0,52334.99507767438,46439.27503075366,539171.189679385,699425.2734828502,920476.4913272123,2246730.403327552,0,0,0,0,0,0,0,0,0,0,0,0,0,18,18,18,18,3,0,3
2044,New Brunswick,I&C to Cybersecurity,151475.21635234746,19735.396616375594,29142.086251610337,48877.482867985935,Instrumentation & Control Tech (Red Seal),102597.73348436152,48312.28072857192,48312.28072857192,0.0,26501.745196354364,15934.773453205506,11848.934106229735,0.0,54285.45275578961,48312.28072857192,614442.0298919262,817680.0815597072,1106860.245754866,2969061.80505439,0,0,0,0,0,0,0,0,0,0,0,0,0,19,19,19,19,3,0,3
2045,New Brunswick,I&C to Cybersecurity,183925.95906368463,24927.51545018954,37653.85812846854,62581.37357865808,Industrial Cybersecurity Analyst,121344.58548502655,65033.04296861794,65033.04296861794,0.0,27694.323730190306,16412.81665680167,12204.402129416627,0.0,56311.542516408605,65033.04296861794,710197.1743551405,964481.132684296,1337922.3255867136,3924813.3895393247,0,0,0,0,1,1,0,0,0,0,0,0,0,20,19,20,19,4,1,4
2046,New Brunswick,I&C to Cybersecurity,193232.61259230706,26416.580014769133,40352.787651769046,66769.36766653818,Industrial Cybersecurity Analyst,126463.24492576889,68046.94127791518,68046.94127791518,0.0,28940.56829804887,16905.201156505722,12570.534193299125,0.0,58416.30364785372,68046.94127791518,813753.9743508127,1128976.1872306408,1606657.6157026356,5170304.347679038,0,0,0,0,2,2,0,0,0,0,0,0,0,21,19,21,19,5,2,5
2047,New Brunswick,I&C to Cybersecurity,203010.1827894778,28301.212643948176,43188.283008948565,71489.49565289675,Industrial Cybersecurity Analyst,131520.68713658105,70917.78585482099,70917.78585482099,0.0,30242.893871461063,17412.357191200892,12947.650219098101,0.0,60602.90128176006,70917.78585482099,925359.4589231744,1312791.591808526,1918574.043912852,6792313.43783757,0,0,0,0,3,3,0,0,0,0,0,0,0,22,19,22,19,6,3,6
2048,New Brunswick,I&C to Cybersecurity,213282.49803862537,30304.31411753195,46167.254431201356,76471.56854873331,Industrial Cybersecurity Analyst,136810.92948989206,73936.29776160727,73936.29776160727,0.0,31603.824095676813,17934.72790693692,13336.079725671045,0.0,62874.63172828478,73936.29776160727,1045563.7296309404,1518007.048750986,2280296.448261387,8903943.766950449,0,0,0,0,4,4,0,0,0,0,0,0,0,23,19,23,19,7,4,7
2049,New Brunswick,I&C to Cybersecurity,224074.5924393798,32408.772525679065,49296.96180742014,81705.73433309922,Industrial Cybersecurity Analyst,142368.8581062806,77133.93006471213,77133.93006471213,0.0,33025.99617998226,18472.76974414503,13736.162117441178,0.0,65234.92804156847,77133.93006471213,1174975.8461771996,1746941.683690797,2699474.8455653074,11652260.827100296,0,0,0,0,5,5,0,0,0,0,0,0,0,24,19,24,19,8,5,8
2050,New Brunswick,I&C to Cybersecurity,235412.76681681242,34619.71652927843,52585.0323768756,87204.74890615403,Industrial Cybersecurity Analyst,148208.01791065838,80520.65208514313,80520.65208514313,0.0,34512.16600808146,19026.95283646938,14148.246980964414,0.0,67687.36582551525,80520.65208514313,1314245.2905712028,2002156.5041450202,3184916.7244852465,15228459.727315526,0,0,0,0,6,6,0,0,0,0,0,0,0,25,19,25,19,9,6,9
2051,New Brunswick,I&C to Cybersecurity,247324.65281774313,36942.53429945991,56039.47931714551,92982.01361660543,Industrial Cybersecurity Analyst,154342.6392011377,84106.96991073577,84106.96991073577,0.0,36065.21347844513,19597.76142156346,14572.694390393342,0.0,70235.66929040193,84106.96991073577,1464064.5250104987,2286479.124470258,3746761.203068769,19881104.615420923,0,0,0,0,7,7,0,0,0,0,0,0,0,26,19,26,19,10,7,10
2052,New Brunswick,I&C to Cybersecurity,259839.2802503209,39382.88664881258,59723.012482605904,99105.89913141848,Industrial Cybersecurity Analyst,160733.3811189024,87849.66354761175,87849.66354761175,0.0,37688.14808497515,20185.694264210368,15009.875222105144,0.0,72883.71757129066,87849.66354761175,1625117.4148086356,2602976.700464896,4396625.047076696,25933285.663594812,0,0,0,0,8,8,0,0,0,0,0,0,0,27,19,27,19,11,8,11
2053,New Brunswick,I&C to Cybersecurity,272987.1478309872,41946.7208270425,64061.80878422577,106008.52961126827,Industrial Cybersecurity Analyst,166978.61821971892,91343.0669000149,91343.0669000149,0.0,39384.11474879904,20791.26509213668,15460.171478768301,0.0,75635.55131970401,91343.0669000149,1797716.3524490823,2954617.4374114005,5147461.871038214,33804614.429573275,0,0,0,0,9,9,0,0,0,0,0,0,0,28,19,28,19,12,9,12
2054,New Brunswick,I&C to Cybersecurity,286800.2975112351,44640.285014690846,68620.14817870759,113260.43319339844,Industrial Cybersecurity Analyst,173539.86431783668,95044.48473730957,95044.48473730957,0.0,41156.399912494984,21415.00304490078,15923.976623131352,0.0,78495.37958052711,95044.48473730957,1982646.654808846,3345123.6658898504,6014625.636431255,44041043.24318257,0,0,0,0,10,10,0,0,0,0,0,0,0,29,19,29,19,13,10,13
2055,New Brunswick,I&C to Cybersecurity,301312.3925653036,47470.14355023421,73409.13954655018,120879.28309678439,Industrial Cybersecurity Analyst,180433.10946851922,98965.52250188886,98965.52250188886,0.0,43008.437908557265,22057.453136247805,16401.69592182529,0.0,81467.58696663036,98965.52250188886,2180744.5100511773,3778601.5549807246,7015785.004397832,57352321.73863923,0,0,0,0,11,11,0,0,0,0,0,0,0,30,19,30,19,14,11,14
2056,New Brunswick,I&C to Cybersecurity,316558.79962910793,50443.19292767605,78440.45387760561,128883.64680528166,Industrial Cybersecurity Analyst,187675.15282382627,103118.41167956864,103118.41167956864,0.0,44943.817614442334,22719.17673033524,16893.74679948005,0.0,84556.74114425763,103118.41167956864,2392900.147233305,4259580.122158366,8171271.166737075,74661136.67191057,0,0,0,0,12,12,0,0,0,0,0,0,0,31,19,31,19,15,12,15
2057,New Brunswick,I&C to Cybersecurity,332576.67489034083,53566.67860361647,83726.35271381248,137293.03131742895,Industrial Cybersecurity Analyst,195283.64357291188,107516.0429301099,107516.0429301099,0.0,46966.289407092234,23400.752032245295,17400.55920346445,0.0,87767.60064280198,107516.0429301099,2620061.1975250803,4793054.1773043135,9504477.884677745,97166993.71641386,0,0,0,0,13,13,0,0,0,0,0,0,0,32,19,32,19,16,13,16
2058,New Brunswick,I&C to Cybersecurity,349405.05463979207,56848.21265475945,89279.71803113139,146127.93068589084,Industrial Cybersecurity Analyst,203277.12395390123,112172.00095070881,112172.00095070881,0.0,49079.77243041139,24102.774593212656,17922.575979568384,0.0,91105.12300319242,112172.00095070881,2863236.2583520436,5384531.5959854545,11042321.568330115,126429263.83228873,0,0,0,0,14,14,0,0,0,0,0,0,0,33,19,33,19,17,14,17
2059,New Brunswick,I&C to Cybersecurity,367084.95040456555,60295.79232889029,95114.08363350664,155409.87596239694,Industrial Cybersecurity Analyst,211675.0744421686,117100.60116242424,117100.60116242424,0.0,51288.362189779895,24825.857831009034,18460.25325895544,0.0,94574.47327974437,117100.60116242424,3123498.67243207,6040085.356746425,12815770.404742055,164475143.58313778,0,0,0,0,15,15,0,0,0,0,0,0,0,34,19,34,19,18,15,18
2060,New Brunswick,I&C to Cybersecurity,385659.44889503653,63917.81953453213,101243.66813536207,165161.48766989418,Industrial Cybersecurity Analyst,220497.96122514235,122316.92831415895,122316.92831415895,0.0,53596.33848831999,25570.633565939308,19014.0608567241,0.0,98181.0329109834,122316.92831415895,3401990.534367833,6766410.820735226,14860452.89376752,213940003.58639327,0,0,0,0,16,16,0,0,0,0,0,0,0,35,19,35,19,19,16,19
2061,New Brunswick,I&C to Cybersecurity,405173.81700912537,67723.12131677945,107683.40961301138,175406.5309297908,Industrial Cybersecurity Analyst,229767.28607933456,127836.87710369687,127836.87710369687,0.0,56008.17372029438,26337.75257291749,19584.482682425827,0.0,101930.40897563769,127836.87710369687,3699926.9381899214,7570888.779912447,17217357.704936344,278249841.53941494,0,0,0,0,17,17,0,0,0,0,0,0,0,36,19,36,19,20,17,20
2062,New Brunswick,I&C to Cybersecurity,425675.6121497871,71720.97136920848,114449.00200942974,186169.9733786382,Industrial Cybersecurity Analyst,239505.63877114886,133677.19492043764,133677.19492043764,0.0,58528.54153770762,27127.885150105012,20172.0171628986,0.0,105828.44385071124,133677.19492043764,4018600.4800198553,8461654.85282413,19933638.555597235,361858471.19615984,0,0,0,0,18,18,0,0,0,0,0,0,0,37,19,37,19,21,18,21
2063,New Brunswick,I&C to Cybersecurity,447214.7981245663,75921.11263429045,121556.9333811069,197478.04601539735,Industrial Cybersecurity Analyst,249736.75210916897,139855.52681987078,139855.52681987078,0.0,61162.32590690447,27941.721704608164,20777.177677785556,0.0,109881.22528929819,139855.52681987078,4359386.030840719,9447675.864926413,23063539.865756687,470555868.0818277,0,0,0,0,19,19,0,0,0,0,0,0,0,38,19,38,19,22,19,22
2064,New Brunswick,I&C to Cybersecurity,469843.86690966936,80333.78104738554,129024.52608019089,209358.30712757644,Industrial Cybersecurity Analyst,260485.55978209293,146390.46284551223,146390.46284551223,0.0,63914.63057271516,28779.973355746413,21400.493008119127,0.0,114095.0969365807,146390.46284551223,4723745.795228268,10538833.914264567,26669461.3084657,611869018.9692216,0,0,0,0,20,20,0,0,0,0,0,0,0,39,19,39,19,23,20,23
2065,New Brunswick,I&C to Cybersecurity,493617.9665752986,84969.73048218322,136869.97896984854,221839.70945203176,Industrial Cybersecurity Analyst,271778.2571232668,153301.58781999798,153301.58781999798,0.0,66790.78894848734,29643.372556418803,22042.507798362698,0.0,118476.66930326885,153301.58781999798,5113234.67280968,11746018.893511022,30823182.09255555,795583026.2478081,0,0,0,0,21,21,0,0,0,0,0,0,0,40,19,40,19,24,21,24
2066,New Brunswick,I&C to Cybersecurity,518595.03568400873,89840.25895838172,145112.41177572287,234952.67073410458,Industrial Cybersecurity Analyst,283642.36494990415,160609.53373330995,160609.53373330995,0.0,69796.37445116926,30532.673733111365,22703.783032313582,0.0,123032.8312165942,160609.53373330995,5529505.940183475,13081230.316595435,35607268.94017219,1034418543.6558839,0,0,0,0,22,22,0,0,0,0,0,0,0,41,19,41,19,25,22,25
2067,New Brunswick,I&C to Cybersecurity,544835.9444896196,94957.23617547582,153771.91168157448,248729.1478570503,Industrial Cybersecurity Analyst,296106.7966325693,168336.03486270973,168336.03486270973,0.0,72937.21130147186,31448.653945104714,23384.896523282987,0.0,127770.76176985956,168336.03486270973,5974317.272055359,14557689.38311769,41116695.31606072,1344912442.7875118,0,0,0,0,23,23,0,0,0,0,0,0,0,42,19,42,19,26,23,26
2068,New Brunswick,I&C to Cybersecurity,572404.6432807943,100333.13243975489,162869.5822826621,263202.714722417,Industrial Cybersecurity Analyst,309201.92855837726,176503.98576589982,176503.98576589982,0.0,76219.3858100381,32392.113563457853,24086.44341898148,0.0,132697.94279247744,176503.98576589982,6449537.121424027,16189962.307195362,47460703.59923572,1748562679.6095314,0,0,0,0,24,24,0,0,0,0,0,0,0,43,19,43,19,27,24,27
2069,New Brunswick,I&C to Cybersecurity,601368.3182308024,105981.04905500649,172427.59501616482,278408.6440711713,Industrial Cybersecurity Analyst,322959.67415963113,185137.5022962288,185137.5022962288,0.0,79649.25817148981,33363.87697036159,24809.036721550925,0.0,137822.17186340233,185137.5022962288,6957151.479791458,17994096.040211126,54764946.64141731,2273316620.9946876,0,0,0,0,25,25,0,0,0,0,0,0,0,44,19,44,19,28,25,28
2070,New Brunswick,I&C to Cybersecurity,631797.555133281,111914.7502509898,182469.24319398275,294383.99344497256,Industrial Cybersecurity Analyst,337413.5616883085,194261.98579643175,194261.98579643175,0.0,83233.47478920684,34364.79327947244,25553.307823197458,0.0,143151.57589187674,194261.98579643175,7499271.039577463,19987767.630028673,63173950.62342633,2955505869.2788906,0,0,0,0,26,26,0,0,0,0,0,0,0,45,19,45,19,29,26,29
2071,New Brunswick,I&C to Cybersecurity,663766.511423025,118148.69672748989,193018.99876959826,311167.69549708813,Industrial Cybersecurity Analyst,352598.8159259369,203904.19063546578,203904.19063546578,0.0,86978.98115472114,35395.73707785661,26319.907057893375,0.0,148694.62529047113,203904.19063546578,8078138.782191802,22190448.583667006,72853947.40757576,3842361534.2531934,0,0,0,0,27,27,0,0,0,0,0,0,0,46,19,46,19,30,27,30
2072,New Brunswick,I&C to Cybersecurity,697353.0969010302,124698.08089570088,204102.57197733998,328800.6528730409,Industrial Cybersecurity Analyst,368552.4440279893,214092.2952614832,214092.2952614832,0.0,90893.0353066836,36457.60919019231,27109.504269630183,0.0,154460.14876650608,214092.2952614832,8696138.016562875,24623585.73729519,83996131.8139736,4995284086.824413,0,0,0,0,28,28,0,0,0,0,0,0,0,47,19,47,19,31,28,31
2073,New Brunswick,I&C to Cybersecurity,732639.1636042222,131578.86390282336,215746.97398939333,347325.8378922167,Industrial Cybersecurity Analyst,385313.32571200555,224855.97695290405,224855.97695290405,0.0,94983.22189548434,37551.337465898076,27922.789397719083,0.0,160457.3487591015,224855.97695290405,9355800.894343924,27310800.287977617,96820407.56302255,6494094168.84869,0,0,0,0,29,29,0,0,0,0,0,0,0,48,19,48,19,32,29,32
2074,New Brunswick,I&C to Cybersecurity,769710.7052825958,138807.8145301062,227980.58274325664,366788.39727336285,Industrial Cybersecurity Analyst,402922.308009233,236226.49045892616,236226.49045892616,0.0,99257.46688078114,38677.877589875025,28760.473079650656,0.0,166695.81755030682,236226.49045892616,10059817.429520046,30278106.807234306,111579695.18793485,8442558645.993756,0,0,0,0,30,30,0,0,0,0,0,0,0,49,19,49,19,33,30,33
2075,New Brunswick,I&C to Cybersecurity,808658.0669698953,146402.5500591296,240833.21210006543,387235.76215919503,Industrial Cybersecurity Analyst,421422.30481070024,248236.7507306725,248236.7507306725,0.0,103724.05289041628,39838.21391757127,29623.28727204018,0.0,173185.55408002774,248236.7507306725,10811045.051726721,33554154.23868841,128564886.21685573,10975574476.542614,0,0,0,0,31,31,0,0,0,0,0,0,0,50,19,50,19,34,31,34
2026,New Brunswick,Cybersecurity Focus with Education,38250.0,3595.5,5355.000000000001,8950.5,Masters in Cybersecurity,29299.5,-12520.5,0.0,0.0,12000.0,9360.0,6960.0,13500.0,41820.0,-12520.5,0.0,0.0,0.0,0.0,0,0,0,0,1,1,1,1,1,0,0,0,0,0,0,0,0,1,1,1
2027,New Brunswick,Cybersecurity Focus with Education,38250.0,3595.5,5355.000000000001,8950.5,Masters in Cybersecurity,29299.5,-13550.099999999999,0.0,0.0,12540.0,9640.8,7168.799999999999,13500.0,42849.6,-13550.099999999999,0.0,0.0,0.0,0.0,0,0,0,0,2,2,2,2,2,0,0,0,0,0,0,0,0,2,2,2
2028,New Brunswick,Cybersecurity Focus with Education,38250.0,3595.5,5355.000000000001,8950.5,Masters in Cybersecurity,29299.5,-14618.687999999995,0.0,0.0,13104.3,9930.024,7383.864,13500.0,43918.187999999995,-14618.687999999995,0.0,0.0,0.0,0.0,0,0,0,0,3,3,3,3,3,0,0,0,0,0,0,0,0,3,3,3
2029,New Brunswick,Cybersecurity Focus with Education,24750.0,2326.5,3465.0000000000005,5791.5,PhD in Cybersecurity,18958.5,-22693.79814,0.0,0.0,13693.993499999997,10227.924719999999,7605.379919999999,10125.0,41652.29814,-22693.79814,0.0,0.0,0.0,0.0,1,0,0,0,4,4,4,4,4,0,0,0,0,0,0,0,0,4,4,4
2030,New Brunswick,Cybersecurity Focus with Education,24750.0,2326.5,3465.0000000000005,5791.5,PhD in Cybersecurity,18958.5,-23845.026986700002,0.0,0.0,14310.223207499996,10534.762461600001,7833.541317600001,10125.0,42803.5269867,-23845.026986700002,0.0,0.0,0.0,0.0,2,0,0,0,5,5,5,5,5,0,0,0,0,0,0,0,0,5,5,5
2031,New Brunswick,Cybersecurity Focus with Education,24750.0,2326.5,3465.0000000000005,5791.5,PhD in Cybersecurity,18958.5,-25040.03614441349,0.0,0.0,14954.183251837494,10850.805335448,8068.547557128,10125.0,43998.53614441349,-25040.03614441349,0.0,0.0,0.0,0.0,3,0,0,0,6,6,6,6,6,0,0,0,0,0,0,0,0,6,6,6
2032,New Brunswick,Cybersecurity Focus with Education,59166.66021142068,5876.014429598896,8325.17034334124,14201.184772940136,SOC Level 1 Analyst,44965.47543848055,9851.42046095708,9851.42046095708,0.0,15627.121498170183,11176.329495511442,8310.60398384184,0.0,35114.05497752347,9851.42046095708,9851.42046095708,9851.42046095708,9851.42046095708,9851.42046095708,3,0,0,0,7,7,7,7,7,0,0,0,0,0,0,0,0,6,6,6
2033,New Brunswick,Cybersecurity Focus with Education,62160.493218118565,6295.151050536599,8938.906109714308,15234.057160250906,SOC Level 1 Analyst,46926.43605786766,10524.552608545935,10524.552608545935,0.0,16330.341965587839,11511.619380376786,8559.922103357096,0.0,36401.88344932172,10524.552608545935,20868.54409255087,21361.115115598725,21853.686138646575,23331.399207790142,3,0,0,0,8,8,8,8,8,0,0,0,0,0,0,0,0,6,6,6
2034,New Brunswick,Cybersecurity Focus with Education,65305.81417495536,6735.49598449375,9583.69690586585,16319.192890359602,SOC Level 1 Analyst,48986.62128459576,11247.726202310572,11247.726202310572,0.0,17065.20735403929,11856.96796178809,8816.719766457809,0.0,37738.89508228519,11247.726202310572,33159.69749948899,34744.95282946917,36379.46526175413,41578.545172437756,3,0,0,0,9,9,9,9,9,0,0,0,0,0,0,0,0,6,6,6
2035,New Brunswick,Cybersecurity Focus with Education,68610.2883722081,7198.122372109134,10261.114116302662,17459.236488411796,SOC Level 1 Analyst,51151.0518837963,12024.011838731967,12024.011838731967,0.0,17833.141684971055,12212.677000641732,9081.221359451545,0.0,39127.040045064336,12024.011838731967,46841.694213195406,50243.459951148056,53860.39688974921,66076.12056290105,3,0,0,0,10,10,10,10,10,0,0,0,0,0,0,0,0,6,6,6
2036,New Brunswick,Cybersecurity Focus with Education,101570.04717632258,11812.48860468516,17017.86467114613,28830.35327583129,SOC Level 2 Analyst,72739.69390049129,32171.345528800462,32171.345528800462,0.0,18635.633060794753,12579.057310660983,9353.65800023509,0.0,40568.34837169082,32171.345528800462,81355.12445265564,87439.15147506332,94110.80195201206,118070.30226057183,4,0,0,0,11,11,11,11,11,0,0,0,0,0,0,0,0,6,6,6
2037,New Brunswick,Cybersecurity Focus with Education,106709.49156344449,12572.880650151119,18071.45077050612,30644.33142065724,SOC Level 2 Analyst,76065.16014278725,34000.22682403378,34000.22682403378,0.0,19474.236548530516,12956.429029980813,9634.267740242143,0.0,42064.93331875347,34000.22682403378,119423.10749932221,130183.29344660343,142227.64906884765,187491.61976277715,5,0,0,0,12,12,12,12,12,0,0,0,0,0,0,0,0,6,6,6
2038,New Brunswick,Cybersecurity Focus with Education,112108.99183655478,13436.800693848765,19178.34832649373,32615.1490203425,SOC Level 2 Analyst,79493.84281621227,35874.84794966824,35874.84794966824,0.0,20350.577193214387,13345.121900880236,9923.295772449408,0.0,43618.99486654403,35874.84794966824,161269.11082395655,179076.47074093204,199436.64437884302,279613.95364127855,6,0,0,0,13,13,13,13,13,0,0,0,0,0,0,0,0,6,6,6
2039,New Brunswick,Cybersecurity Focus with Education,117781.70682348446,14344.435091757514,20381.77377410596,34726.208865863475,SOC Level 2 Analyst,83055.49795762099,37822.67458718242,37822.67458718242,0.0,21266.35316690903,13745.475557906648,10220.994645622892,0.0,45232.82337043857,37822.67458718242,207155.24095233678,234806.79240220768,267174.8156228519,401320.81432084454,7,0,0,0,14,14,14,14,14,0,0,0,0,0,0,0,0,6,6,6
2040,New Brunswick,Cybersecurity Focus with Education,123741.46118875277,15297.995790200444,21931.30990907572,37229.30569927616,SOC Level 2 Analyst,86512.1554894766,39603.35212042124,39603.35212042124,0.0,22223.339059419937,14157.839824643848,10527.624484991578,0.0,46908.803369055364,39603.35212042124,257116.35512037488,297890.8237628497,346854.3900867009,561320.4107375192,8,0,0,0,15,15,15,15,15,0,0,0,0,0,0,0,0,6,6,6
2041,New Brunswick,Cybersecurity Focus with Education,130002.77912490367,16299.806659984588,23559.252572474954,39859.05923245954,SOC Level 2 Analyst,90143.71989244412,41494.302336425804,41494.302336425804,0.0,23223.38931709383,14582.575019383159,10843.453219541325,0.0,48649.417556018314,41494.302336425804,311466.47521281947,369174.2084755605,440376.85093613184,771210.8362952006,9,0,0,0,16,16,16,16,16,0,0,0,0,0,0,0,0,6,6,6
2042,New Brunswick,Cybersecurity Focus with Education,136580.91974862377,17352.309159779805,25269.56913464218,42621.878294421986,SOC Level 2 Analyst,93959.04145420178,43501.790531746505,43501.790531746505,0.0,24268.441836363054,15020.052269964657,11168.756816127567,0.0,50457.25092245528,43501.790531746505,370541.58950520697,449593.4198548631,549935.169108298,1046075.8777155073,10,0,0,0,17,17,17,17,17,0,0,0,0,0,0,0,0,6,6,6
2043,New Brunswick,Cybersecurity Focus with Education,166635.7714311145,22161.08542897832,33083.83057208977,55244.91600106809,Industrial Cybersecurity Analyst,111390.8554300464,59055.86035237202,59055.86035237202,0.0,25360.521718999393,15470.653838063596,11503.819520611392,0.0,52334.99507767438,59055.86035237202,448124.5293328393,553608.6221927215,691481.3048269147,1418954.5013825316,10,0,0,0,18,18,17,17,17,0,0,0,0,1,0,1,0,7,7,7
2044,New Brunswick,Cybersecurity Focus with Education,175067.54146552886,23510.168634484617,35276.09078103751,58786.25941552212,Industrial Cybersecurity Analyst,116281.28205000673,61995.829294217125,61995.829294217125,0.0,26501.745196354364,15934.773453205506,11848.934106229735,0.0,54285.45275578961,61995.829294217125,532526.5850936985,670965.3137062108,857199.329845169,1906636.6810915081,10,0,0,0,19,19,17,17,17,0,0,0,0,2,0,2,0,8,8,8
2045,New Brunswick,Cybersecurity Focus with Education,183925.95906368463,24927.51545018954,37653.85812846854,62581.37357865808,Industrial Cybersecurity Analyst,121344.58548502655,65033.04296861794,65033.04296861794,0.0,27694.323730190306,16412.81665680167,12204.402129416627,0.0,56311.542516408605,65033.04296861794,624185.9573170014,803094.88804545,1050812.2722905623,2543660.7283875784,10,0,0,0,20,20,17,17,17,0,0,0,0,3,0,3,0,9,9,9
2046,New Brunswick,Cybersecurity Focus with Education,193232.61259230706,26416.580014769133,40352.787651769046,66769.36766653818,Industrial Cybersecurity Analyst,126463.24492576889,68046.94127791518,68046.94127791518,0.0,28940.56829804887,16905.201156505722,12570.534193299125,0.0,58416.30364785372,68046.94127791518,723442.1964607667,951451.3181279101,1276481.0544120616,3374805.888181767,10,0,0,0,21,21,17,17,17,0,0,0,0,4,0,4,0,10,10,10
2047,New Brunswick,Cybersecurity Focus with Education,203010.1827894778,28301.212643948176,43188.283008948565,71489.49565289675,Industrial Cybersecurity Analyst,131520.68713658105,70917.78585482099,70917.78585482099,0.0,30242.893871461063,17412.357191200892,12947.650219098101,0.0,60602.90128176006,70917.78585482099,830532.092138626,1117514.2357955223,1538870.9984286919,4458165.4404911185,10,0,0,0,22,22,17,17,17,0,0,0,0,5,0,5,0,11,11,11
2048,New Brunswick,Cybersecurity Focus with Education,213282.49803862537,30304.31411753195,46167.254431201356,76471.56854873331,Industrial Cybersecurity Analyst,136810.92948989206,73936.29776160727,73936.29776160727,0.0,31603.824095676813,17934.72790693692,13336.079725671045,0.0,62874.63172828478,73936.29776160727,945994.9945071647,1303201.957136682,1843637.9459546027,5869551.370400061,10,0,0,0,23,23,17,17,17,0,0,0,0,6,0,6,0,12,12,12
2049,New Brunswick,Cybersecurity Focus with Education,224074.5924393798,32408.772525679065,49296.96180742014,81705.73433309922,Industrial Cybersecurity Analyst,142368.8581062806,77133.93006471213,77133.93006471213,0.0,33025.99617998226,18472.76974414503,13736.162117441178,0.0,65234.92804156847,77133.93006471213,1070428.6742972352,1510656.0829150626,2197317.567912505,7707550.711584792,10,0,0,0,24,24,17,17,17,0,0,0,0,7,0,7,0,13,13,13
2050,New Brunswick,Cybersecurity Focus with Education,235412.76681681242,34619.71652927843,52585.0323768756,87204.74890615403,Industrial Cybersecurity Analyst,148208.01791065838,80520.65208514313,80520.65208514313,0.0,34512.16600808146,19026.95283646938,14148.246980964414,0.0,67687.36582551525,80520.65208514313,1204470.76009724,1742242.343291712,2607435.855184524,10100336.577145372,10,0,0,0,25,25,17,17,17,0,0,0,0,8,0,8,0,14,14,14
2051,New Brunswick,Cybersecurity Focus with Education,247324.65281774313,36942.53429945991,56039.47931714551,92982.01361660543,Industrial Cybersecurity Analyst,154342.6392011377,84106.96991073577,84106.96991073577,0.0,36065.21347844513,19597.76142156346,14572.694390393342,0.0,70235.66929040193,84106.96991073577,1348801.268012838,2000573.547531619,3082658.203372938,13214544.520199718,10,0,0,0,26,26,17,17,17,0,0,0,0,9,0,9,0,15,15,15
2052,New Brunswick,Cybersecurity Focus with Education,259839.2802503209,39382.88664881258,59723.012482605904,99105.89913141848,Industrial Cybersecurity Analyst,160733.3811189024,87849.66354761175,87849.66354761175,0.0,37688.14808497515,20185.694264210368,15009.875222105144,0.0,72883.71757129066,87849.66354761175,1504090.9949610918,2288480.565832393,3632906.5974264904,17266757.539807245,10,0,0,0,27,27,17,17,17,0,0,0,0,10,0,10,0,16,16,16
2053,New Brunswick,Cybersecurity Focus with Education,272987.1478309872,41946.7208270425,64061.80878422577,106008.52961126827,Industrial Cybersecurity Analyst,166978.61821971892,91343.0669000149,91343.0669000149,0.0,39384.11474879904,20791.26509213668,15460.171478768301,0.0,75635.55131970401,91343.0669000149,1670638.6116091614,2608671.6893156474,4269185.653940478,22538127.868649434,10,0,0,0,28,28,17,17,17,0,0,0,0,11,0,11,0,17,17,17
2054,New Brunswick,Cybersecurity Focus with Education,286800.2975112351,44640.285014690846,68620.14817870759,113260.43319339844,Industrial Cybersecurity Analyst,173539.86431783668,95044.48473730957,95044.48473730957,0.0,41156.399912494984,21415.00304490078,15923.976623131352,0.0,78495.37958052711,95044.48473730957,1849215.0269269291,2964583.3429845218,5004607.986768859,29394610.713981576,10,0,0,0,29,29,17,17,17,0,0,0,0,12,0,12,0,18,18,18
2055,New Brunswick,Cybersecurity Focus with Education,301312.3925653036,47470.14355023421,73409.13954655018,120879.28309678439,Industrial Cybersecurity Analyst,180433.10946851922,98965.52250188886,98965.52250188886,0.0,43008.437908557265,22057.453136247805,16401.69592182529,0.0,81467.58696663036,98965.52250188886,2040641.3007751645,3360007.199784863,5854264.707286077,38311959.45067794,10,0,0,0,30,30,17,17,17,0,0,0,0,13,0,13,0,19,19,19
2056,New Brunswick,Cybersecurity Focus with Education,316558.79962910793,50443.19292767605,78440.45387760561,128883.64680528166,Industrial Cybersecurity Analyst,187675.15282382627,103118.41167956864,103118.41167956864,0.0,44943.817614442334,22719.17673033524,16893.74679948005,0.0,84556.74114425763,103118.41167956864,2245791.7774934913,3799126.331442918,6835522.825058556,49908665.69756089,10,0,0,0,31,31,17,17,17,0,0,0,0,14,0,14,0,20,20,20
2057,New Brunswick,Cybersecurity Focus with Education,332576.67489034083,53566.67860361647,83726.35271381248,137293.03131742895,Industrial Cybersecurity Analyst,195283.64357291188,107516.0429301099,107516.0429301099,0.0,46966.289407092234,23400.752032245295,17400.55920346445,0.0,87767.60064280198,107516.0429301099,2465597.409298276,4286555.00751732,7968367.291747449,64988781.449759275,10,0,0,0,32,32,17,17,17,0,0,0,0,15,0,15,0,21,21,21
2058,New Brunswick,Cybersecurity Focus with Education,349405.05463979207,56848.21265475945,89279.71803113139,146127.93068589084,Industrial Cybersecurity Analyst,203277.12395390123,112172.00095070881,112172.00095070881,0.0,49079.77243041139,24102.774593212656,17922.575979568384,0.0,91105.12300319242,112172.00095070881,2701049.280713899,4827382.509219762,9275794.386460274,84597587.88563778,10,0,0,0,33,33,17,17,17,0,0,0,0,16,0,16,0,22,22,22
2059,New Brunswick,Cybersecurity Focus with Education,367084.95040456555,60295.79232889029,95114.08363350664,155409.87596239694,Industrial Cybersecurity Analyst,211675.0744421686,117100.60116242424,117100.60116242424,0.0,51288.362189779895,24825.857831009034,18460.25325895544,0.0,94574.47327974437,117100.60116242424,2953202.3459120183,5427221.361304163,10784264.14559174,110093964.85249153,10,0,0,0,34,34,17,17,17,0,0,0,0,17,0,17,0,23,23,23
2060,New Brunswick,Cybersecurity Focus with Education,385659.44889503653,63917.81953453213,101243.66813536207,165161.48766989418,Industrial Cybersecurity Analyst,220497.96122514235,122316.92831415895,122316.92831415895,0.0,53596.33848831999,25570.633565939308,19014.0608567241,0.0,98181.0329109834,122316.92831415895,3223179.3915217784,6092260.425748738,12524220.695744658,143244471.23655313,10,0,0,0,35,35,17,17,17,0,0,0,0,18,0,18,0,24,24,24
2061,New Brunswick,Cybersecurity Focus with Education,405173.81700912537,67723.12131677945,107683.40961301138,175406.5309297908,Industrial Cybersecurity Analyst,229767.28607933456,127836.87710369687,127836.87710369687,0.0,56008.17372029438,26337.75257291749,19584.482682425827,0.0,101930.40897563769,127836.87710369687,3512175.2382015646,6829323.345427309,14530690.677210053,186345649.48462278,10,0,0,0,36,36,17,17,17,0,0,0,0,19,0,19,0,25,25,25
2062,New Brunswick,Cybersecurity Focus with Education,425675.6121497871,71720.97136920848,114449.00200942974,186169.9733786382,Industrial Cybersecurity Analyst,239505.63877114886,133677.19492043764,133677.19492043764,0.0,58528.54153770762,27127.885150105012,20172.0171628986,0.0,105828.44385071124,133677.19492043764,3821461.1950320806,7645932.874890478,16843971.473711997,242383021.52493006,10,0,0,0,37,37,17,17,17,0,0,0,0,20,0,20,0,26,26,26
2063,New Brunswick,Cybersecurity Focus with Education,447214.7981245663,75921.11263429045,121556.9333811069,197478.04601539735,Industrial Cybersecurity Analyst,249736.75210916897,139855.52681987078,139855.52681987078,0.0,61162.32590690447,27941.721704608164,20777.177677785556,0.0,109881.22528929819,139855.52681987078,4152389.7816035557,8550381.689199397,19510422.721588664,315237783.50922894,10,0,0,0,38,38,17,17,17,0,0,0,0,21,0,21,0,27,27,27
2064,New Brunswick,Cybersecurity Focus with Education,469843.86690966936,80333.78104738554,129024.52608019089,209358.30712757644,Industrial Cybersecurity Analyst,260485.55978209293,146390.46284551223,146390.46284551223,0.0,63914.63057271516,28779.973355746413,21400.493008119127,0.0,114095.0969365807,146390.46284551223,4506399.733529246,9551810.32096485,22583376.592672475,409955509.02484316,10,0,0,0,39,39,17,17,17,0,0,0,0,22,0,22,0,28,28,28
2065,New Brunswick,Cybersecurity Focus with Education,493617.9665752986,84969.73048218322,136869.97896984854,221839.70945203176,Industrial Cybersecurity Analyst,271778.2571232668,153301.58781999798,153301.58781999798,0.0,66790.78894848734,29643.372556418803,22042.507798362698,0.0,118476.66930326885,153301.58781999798,4885021.3080257075,10660292.940881334,26124184.669393342,533095463.3201161,10,0,0,0,40,40,17,17,17,0,0,0,0,23,0,23,0,29,29,29
2066,New Brunswick,Cybersecurity Focus with Education,518595.03568400873,89840.25895838172,145112.41177572287,234952.67073410458,Industrial Cybersecurity Analyst,283642.36494990415,160609.53373330995,160609.53373330995,0.0,69796.37445116926,30532.673733111365,22703.783032313582,0.0,123032.8312165942,160609.53373330995,5289881.907160304,11886931.768702779,30203421.90353565,693184711.8498843,10,0,0,0,41,41,17,17,17,0,0,0,0,24,0,24,0,30,30,30
2067,New Brunswick,Cybersecurity Focus with Education,544835.9444896196,94957.23617547582,153771.91168157448,248729.1478570503,Industrial Cybersecurity Analyst,296106.7966325693,168336.03486270973,168336.03486270973,0.0,72937.21130147186,31448.653945104714,23384.896523282987,0.0,127770.76176985956,168336.03486270973,5722712.037381029,13243960.980435768,34902271.223928705,901308461.4397123,10,0,0,0,42,42,17,17,17,0,0,0,0,25,0,25,0,31,31,31
2068,New Brunswick,Cybersecurity Focus with Education,572404.6432807943,100333.13243975489,162869.5822826621,263202.714722417,Industrial Cybersecurity Analyst,309201.92855837726,176503.98576589982,176503.98576589982,0.0,76219.3858100381,32392.113563457853,24086.44341898148,0.0,132697.94279247744,176503.98576589982,6185351.62501598,14744861.064245246,40314115.8932839,1171877503.8573918,10,0,0,0,43,43,17,17,17,0,0,0,0,26,0,26,0,32,32,32
2069,New Brunswick,Cybersecurity Focus with Education,601368.3182308024,105981.04905500649,172427.59501616482,278408.6440711713,Industrial Cybersecurity Analyst,322959.67415963113,185137.5022962288,185137.5022962288,0.0,79649.25817148981,33363.87697036159,24809.036721550925,0.0,137822.17186340233,185137.5022962288,6679756.708563007,16404484.672966,46546370.77957272,1523625892.5169055,10,0,0,0,44,44,17,17,17,0,0,0,0,27,0,27,0,33,33,33
2070,New Brunswick,Cybersecurity Focus with Education,631797.555133281,111914.7502509898,182469.24319398275,294383.99344497256,Industrial Cybersecurity Analyst,337413.5616883085,194261.98579643175,194261.98579643175,0.0,83233.47478920684,34364.79327947244,25553.307823197458,0.0,143151.57589187674,194261.98579643175,7208006.52978759,18239195.126059033,53722588.38230505,1980907922.2577736,10,0,0,0,45,45,17,17,17,0,0,0,0,28,0,28,0,34,34,34
2071,New Brunswick,Cybersecurity Focus with Education,663766.511423025,118148.69672748989,193018.99876959826,311167.69549708813,Industrial Cybersecurity Analyst,352598.8159259369,203904.19063546578,203904.19063546578,0.0,86978.98115472114,35395.73707785661,26319.907057893375,0.0,148694.62529047113,203904.19063546578,7772311.046912435,20267018.829300404,61984880.830286264,2575384203.1257415,10,0,0,0,46,46,17,17,17,0,0,0,0,29,0,29,0,35,35,35
2072,New Brunswick,Cybersecurity Focus with Education,697353.0969010302,124698.08089570088,204102.57197733998,328800.6528730409,Industrial Cybersecurity Analyst,368552.4440279893,214092.2952614832,214092.2952614832,0.0,90893.0353066836,36457.60919019231,27109.504269630183,0.0,154460.14876650608,214092.2952614832,8375018.894519541,22507813.007491928,71496705.25009069,3348213556.3587255,10,0,0,0,47,47,17,17,17,0,0,0,0,30,0,30,0,36,36,36
2073,New Brunswick,Cybersecurity Focus with Education,732639.1636042222,131578.86390282336,215746.97398939333,347325.8378922167,Industrial Cybersecurity Analyst,385313.32571200555,224855.97695290405,224855.97695290405,0.0,94983.22189548434,37551.337465898076,27922.789397719083,0.0,160457.3487591015,224855.97695290405,9018625.816198424,24983450.285194024,82446067.0145572,4352902479.243296,10,0,0,0,48,48,17,17,17,0,0,0,0,31,0,31,0,37,37,37
2074,New Brunswick,Cybersecurity Focus with Education,769710.7052825958,138807.8145301062,227980.58274325664,366788.39727336285,Industrial Cybersecurity Analyst,402922.308009233,236226.49045892616,236226.49045892616,0.0,99257.46688078114,38677.877589875025,28760.473079650656,0.0,166695.81755030682,236226.49045892616,9705783.597467272,27718021.804172352,95049203.55719969,5659009449.506743,10,0,0,0,49,49,17,17,17,0,0,0,0,32,0,32,0,38,38,38
2075,New Brunswick,Cybersecurity Focus with Education,808658.0669698953,146402.5500591296,240833.21210006543,387235.76215919503,Industrial Cybersecurity Analyst,421422.30481070024,248236.7507306725,248236.7507306725,0.0,103724.05289041628,39838.21391757127,29623.28727204018,0.0,173185.55408002774,248236.7507306725,10439309.528071309,30738060.73532026,109554820.84151031,7356960521.109497,10,0,0,0,50,50,17,17,17,0,0,0,0,33,0,33,0,39,39,39
2026,Newfoundland and Labrador,Cybersecurity Focus,44000.0,3827.9999999999995,6160.000000000001,9988.0,SOC Level 1 Analyst,34012.0,5092.0,5092.0,0.0,12600.0,9480.0,6840.0,0.0,28920.0,5092.0,5092.0,5092.0,5092.0,5092.0,0,0,0,0,1,1,1,1,1,0,0,0,0,0,0,0,0,0,0,0
2027,Newfoundland and Labrador,Cybersecurity Focus,46226.4,4111.504,6471.696000000001,10583.2,SOC Level 1 Analyst,35643.2,5666.599999999995,5666.599999999995,0.0,13167.0,9764.400000000001,7045.200000000001,0.0,29976.600000000002,5666.599999999995,11013.199999999995,11267.799999999996,11522.399999999994,12286.199999999995,0,0,0,0,2,2,2,2,2,0,0,0,0,0,0,0,0,0,0,0
2028,Newfoundland and Labrador,Cybersecurity Focus,48565.455839999995,4450.667096799999,6799.1638176,11249.830914399998,SOC Level 1 Analyst,37315.6249256,6242.221925600003,6242.221925600003,0.0,13759.514999999998,10057.332,7256.556,0.0,31073.403,6242.221925600003,17806.081925599996,18636.801925599997,19492.981925599997,22214.281925599997,0,0,0,0,3,3,3,3,3,0,0,0,0,0,0,0,0,0,0,0
2029,Newfoundland and Labrador,Cybersecurity Focus,51022.867905504,4806.9918462980795,7143.201506770561,11950.19335306864,SOC Level 1 Analyst,39072.67455243536,6860.676737435366,6860.676737435366,0.0,14378.693174999997,10359.05196,7474.25268,0.0,32211.997814999995,6860.676737435366,25557.062759315362,27361.158855595364,29277.60595187536,35739.24324071536,0,0,0,0,4,4,4,4,4,0,0,0,0,0,0,0,0,0,0,0
2030,Newfoundland and Labrador,Cybersecurity Focus,75533.78980305443,8361.075521442892,11680.431909626159,20041.50743106905,SOC Level 2 Analyst,55492.28237198538,22098.244224910377,22098.244224910377,0.0,15025.734367874997,10669.8235188,7698.4802604000015,0.0,33394.038147075,22098.244224910377,48933.160122191504,52195.51896606528,55767.49106956704,68559.26043784035,1,0,0,0,5,5,5,5,5,0,0,0,0,0,0,0,0,0,0,0
2031,Newfoundland and Labrador,Cybersecurity Focus,79355.79956708898,8915.266937227902,12463.943911253242,21379.210848481143,SOC Level 2 Analyst,57976.58871860783,23355.34341160246,23355.34341160246,0.0,15701.89241442937,10989.918224364,7929.434668211999,0.0,34621.245307005374,23355.34341160246,74735.16153990354,80770.41427427428,87487.95814160455,112482.38198079492,2,0,0,0,6,6,6,6,6,0,0,0,0,0,0,0,0,0,0,0
2032,Newfoundland and Labrador,Cybersecurity Focus,83371.20302518368,9497.500438651634,13287.101620162655,22784.60205881429,SOC Level 2 Analyst,60586.6009663694,24691.18991393743,24691.18991393743,0.0,16408.47757307869,11319.615771094921,8167.317708258361,0.0,35895.41105243197,24691.18991393743,103163.10953083614,113538.64561563915,125302.34177678266,170918.2864889708,3,0,0,0,7,7,7,7,7,0,0,0,0,0,0,0,0,0,0,0
2033,Newfoundland and Labrador,Cybersecurity Focus,87589.78589825798,10109.194955247407,14151.911109142886,24261.106064390293,SOC Level 2 Analyst,63328.67983386769,26110.279286266574,26110.279286266574,0.0,17146.859063867232,11659.204244227769,8412.337239506112,0.0,37218.400547601115,26110.279286266574,134431.54429364452,151002.78946346964,170207.9723295666,248304.0517219286,4,0,0,0,8,8,8,8,8,0,0,0,0,0,0,0,0,0,0,0
2034,Newfoundland and Labrador,Cybersecurity Focus,92021.82906470983,10786.522992224152,15060.479958265518,25847.00295048967,SOC Level 2 Analyst,66174.82611422017,27582.670664233017,27582.670664233017,0.0,17918.467721741254,12008.980371554602,8664.707356691295,0.0,38592.15544998715,27582.670664233017,168735.79217255977,193685.73907404963,223321.83884323458,350377.93790274026,5,0,0,0,9,9,9,9,9,0,0,0,0,0,0,0,0,0,0,0
2035,Newfoundland and Labrador,Cybersecurity Focus,96678.13361538414,11522.219111230694,16015.02239115375,27537.241502384444,SOC Level 2 Analyst,69140.89211299969,29122.1949836868,29122.1949836868,0.0,18724.79876921961,12369.249782701241,8924.648577392036,0.0,40018.69712931289,29122.1949836868,206294.77676487458,242176.50796514144,285942.30965340656,484613.51425724913,6,0,0,0,10,10,10,10,10,0,0,0,0,0,0,0,0,0,0,0
2036,Newfoundland and Labrador,Cybersecurity Focus,101570.04717632258,12295.141453858967,17017.86467114613,29313.006125005097,SOC Level 2 Analyst,72257.04105131749,30756.911026586917,30756.911026586917,0.0,19567.414713834492,12740.32727618228,9192.388034713797,0.0,41500.13002473057,30756.911026586917,247366.42662970524,297151.0697882425,359590.5671280044,660754.4795610108,7,0,0,0,11,11,11,11,11,0,0,0,0,0,0,0,0,0,0,0
2037,Newfoundland and Labrador,Cybersecurity Focus,123920.69988012909,15826.544581060396,21977.911968833563,37804.45654989396,Industrial Cybersecurity Analyst,86116.24333023513,43077.598184055125,43077.598184055125,0.0,20447.948375957043,13122.537094467745,9468.15967575521,0.0,43038.64514618,43077.598184055125,302812.3461452456,369943.77495112194,456606.7503812601,902058.4216133691,7,0,0,0,12,12,11,11,11,0,0,0,0,1,0,1,0,1,1,1
2038,Newfoundland and Labrador,Cybersecurity Focus,130191.08729406362,16817.26579246205,23608.21269645654,40425.47848891859,Industrial Cybersecurity Analyst,89765.60880514502,45129.085078940276,45129.085078940276,0.0,21368.106052875104,13516.213207301778,9752.204466027866,0.0,44636.523726204745,45129.085078940276,363082.0485314482,452067.23752517445,570226.8480173893,1217805.0331763201,7,0,0,0,13,13,11,11,11,0,0,0,0,2,0,2,0,2,2,2
2039,Newfoundland and Labrador,Cybersecurity Focus,136778.75631114325,17858.117497160634,25321.006640897245,43179.12413805788,Industrial Cybersecurity Analyst,93599.63217308538,47303.491144301355,47303.491144301355,0.0,22329.670825254485,13921.699603520834,10044.770600008704,0.0,46296.141028784026,47303.491144301355,428539.64210232196,544577.4524219933,703064.366364299,1630450.0342735176,7,0,0,0,14,14,11,11,11,0,0,0,0,3,0,3,0,3,3,3
2040,Newfoundland and Labrador,Cybersecurity Focus,143699.7613804871,18951.63629811696,27120.467958926645,46072.104257043604,Industrial Cybersecurity Analyst,97627.6571234435,49607.686801417134,49607.686801417134,0.0,23334.506012390935,14339.350591626462,10346.113718008964,0.0,48019.97032202636,49607.686801417134,499574.31100885523,648642.8844656098,858131.7081203609,2169192.73135699,7,0,0,0,15,15,11,11,11,0,0,0,0,4,0,4,0,4,4,4
2041,Newfoundland and Labrador,Cybersecurity Focus,150970.96930633974,20100.487150401677,29010.982019648334,49111.46917005001,Industrial Cybersecurity Analyst,101859.50013628973,52048.91311441672,52048.91311441672,0.0,24384.558782948527,14769.531109375253,10656.497129549232,0.0,49810.58702187301,52048.91311441672,576601.9396737148,765556.0860265876,1038900.3774528317,2871999.463878504,7,0,0,0,16,16,11,11,11,0,0,0,0,5,0,5,0,5,5,5
2042,Newfoundland and Labrador,Cybersecurity Focus,158610.1003532405,21307.469855812,30997.15609184253,52304.62594765453,Industrial Cybersecurity Analyst,106305.47440558596,54634.80139131253,54634.80139131253,0.0,25481.863928181207,15212.617042656513,10976.192043435713,0.0,51670.67301427343,54634.80139131253,660066.838048713,896746.496020559,1249370.235462069,3788234.1044333675,7,0,0,0,17,17,11,11,11,0,0,0,0,6,0,6,0,6,6,6
2043,Newfoundland and Labrador,Cybersecurity Focus,166635.7714311145,22717.68131473838,33083.83057208977,55801.51188682815,Industrial Cybersecurity Analyst,110834.25954428635,57231.23838066201,57231.23838066201,0.0,26628.547804949354,15668.995553936205,11305.477804738783,0.0,53603.02116362434,57231.23838066201,750301.4183318107,1043652.384003277,1494007.0091620411,4981935.57414404,7,0,0,0,18,18,11,11,11,0,0,0,0,7,0,7,0,7,7,7
2044,Newfoundland and Labrador,Cybersecurity Focus,175067.54146552886,24218.536380864138,35276.09078103751,59494.62716190165,Industrial Cybersecurity Analyst,115572.91430362721,59962.37428801989,59962.37428801989,0.0,27826.83245617208,16139.065420554296,11644.642138880947,0.0,55610.54001560732,59962.37428801989,847778.8635364211,1207979.9966916249,1778070.434824367,6536478.620675272,7,0,0,0,19,19,11,11,11,0,0,0,0,8,0,8,0,8,8,8
2045,Newfoundland and Labrador,Cybersecurity Focus,183925.95906368463,25795.334713335862,37653.85812846854,63449.192841804404,Industrial Cybersecurity Analyst,120476.76622188021,62780.5075189621,62780.5075189621,0.0,29079.039916699818,16623.237383170923,11993.981403047375,0.0,57696.258702918116,62780.5075189621,952948.3142322043,1391558.5038797494,2107561.5075669843,8560202.714396816,7,0,0,0,20,20,11,11,11,0,0,0,0,9,0,9,0,9,9,9
2046,Newfoundland and Labrador,Cybersecurity Focus,193232.61259230706,27451.919041430658,40352.787651769046,67804.7066931997,Industrial Cybersecurity Analyst,125427.90589910737,65564.5738363512,65564.5738363512,0.0,30387.596712951316,17121.934504666053,12353.800845138798,0.0,59863.33206275616,65564.5738363512,1066160.3037801657,1596278.9281040758,2489260.307538383,11193828.10255221,7,0,0,0,21,21,11,11,11,0,0,0,0,10,0,10,0,10,10,10
2047,Newfoundland and Labrador,Cybersecurity Focus,203010.1827894778,29192.32653652705,43188.283008948565,72380.60954547561,Industrial Cybersecurity Analyst,130629.5732440022,68514.52726866907,68514.52726866907,0.0,31755.03856503412,17635.592539806035,12724.414870492961,0.0,62115.045975333116,68514.52726866907,1187982.8462378432,1824421.3481831527,2931163.8809378096,14620491.060586544,7,0,0,0,22,22,11,11,11,0,0,0,0,11,0,11,0,11,11,11
2048,Newfoundland and Labrador,Cybersecurity Focus,213282.49803862537,31020.798650875317,46167.254431201356,77188.05308207667,Industrial Cybersecurity Analyst,136094.4449565487,71639.62202348007,71639.62202348007,0.0,33184.015300460655,18164.660316000216,13106.147316607749,0.0,64454.822933068615,71639.62202348007,1319021.6105732154,2078503.1050249483,3442478.0851019607,19078278.000785988,7,0,0,0,23,23,11,11,11,0,0,0,0,12,0,12,0,12,12,12
2049,Newfoundland and Labrador,Cybersecurity Focus,224074.5924393798,32956.4833029972,49296.96180742014,82253.44511041735,Industrial Cybersecurity Analyst,141821.14732896246,74934.91947839486,74934.91947839486,0.0,34677.29598898138,18709.600125480225,13499.331736105984,0.0,66886.2278505676,74934.91947839486,1459907.610580271,2361288.3350058384,4033784.7173456494,24876696.32050018,7,0,0,0,24,24,11,11,11,0,0,0,0,13,0,13,0,13,13,13
2050,Newfoundland and Labrador,Cybersecurity Focus,235412.76681681242,35201.44182972886,52585.0323768756,87786.47420660446,Industrial Cybersecurity Analyst,147626.29261020798,78213.31848428865,78213.31848428865,0.0,36237.77430848553,19270.88812924463,13904.311688189162,0.0,69412.97412591933,78213.31848428865,1611116.3095935734,2675630.486990711,4717065.743431785,32417918.535134524,7,0,0,0,25,25,11,11,11,0,0,0,0,14,0,14,0,14,14,14
2051,Newfoundland and Labrador,Cybersecurity Focus,247324.65281774313,37559.99525791314,56039.47931714551,93599.47457505864,Industrial Cybersecurity Analyst,153725.1782426845,81686.24827836029,81686.24827836029,0.0,37868.47415236739,19849.01477312197,14321.441038834837,0.0,72038.9299643242,81686.24827836029,1773358.3733516126,3024879.7839681427,5506311.853224913,42224980.34395324,7,0,0,0,26,26,11,11,11,0,0,0,0,15,0,15,0,15,15,15
2052,Newfoundland and Labrador,Cybersecurity Focus,259839.2802503209,40037.89148956354,59723.012482605904,99760.90397216944,Industrial Cybersecurity Analyst,160078.37627815147,85310.25130261204,85310.25130261204,0.0,39572.555489223916,20444.48521631563,14751.084269999885,0.0,74768.12497553942,85310.25130261204,1947336.5433218053,3412678.013667569,6417568.882511261,54977784.698441826,7,0,0,0,27,27,11,11,11,0,0,0,0,16,0,16,0,16,16,16
2053,Newfoundland and Labrador,Cybersecurity Focus,272987.1478309872,42641.16927053546,64061.80878422577,106702.97805476122,Industrial Cybersecurity Analyst,166284.16977622596,88679.412719082,88679.412719082,0.0,41353.32048623898,21057.8197728051,15193.61679809988,0.0,77604.75705714396,88679.412719082,2133382.7832069774,3842625.2277534083,7468883.627607032,71559799.52069347,7,0,0,0,28,28,11,11,11,0,0,0,0,17,0,17,0,17,17,17
2054,Newfoundland and Labrador,Cybersecurity Focus,286800.2975112351,45390.98588233691,68620.14817870759,114011.13406104449,Industrial Cybersecurity Analyst,172789.16345019062,92235.96387403875,92235.96387403875,0.0,43214.21990811974,21689.554365989254,15649.425302042877,0.0,80553.19957615188,92235.96387403875,2332287.886241365,4319123.714402787,8681452.135622123,93119975.34077555,7,0,0,0,29,29,11,11,11,0,0,0,0,18,0,18,0,18,18,18
2055,Newfoundland and Labrador,Cybersecurity Focus,301312.3925653036,48409.50165358315,73409.13954655018,121818.64120013334,Industrial Cybersecurity Analyst,179493.75136517026,95875.74250311204,95875.74250311204,0.0,45158.85980398513,22340.240996968932,16118.908061104165,0.0,83618.00886205822,95875.74250311204,2544778.0230565458,4846911.828346179,10079545.698468553,121151843.68551132,7,0,0,0,30,30,11,11,11,0,0,0,0,19,0,19,0,19,19,19
2056,Newfoundland and Labrador,Cybersecurity Focus,316558.79962910793,51580.75432285445,78440.45387760561,130021.20820046007,Industrial Cybersecurity Analyst,186537.59142864787,99733.65940366813,99733.65940366813,0.0,47191.00849516445,23010.448226877998,16602.475302937288,0.0,86803.93202497973,99733.65940366813,2771750.5836130413,5431336.670584465,11691211.212642504,157597130.4505684,7,0,0,0,31,31,11,11,11,0,0,0,0,20,0,20,0,20,20,20
2057,Newfoundland and Labrador,Cybersecurity Focus,332576.67489034083,54912.4723771909,83726.35271381248,138638.82509100338,Industrial Cybersecurity Analyst,193937.84979933745,103821.93468618086,103821.93468618086,0.0,49314.60387744685,23700.761673684337,17100.549562025408,0.0,90115.91511315659,103821.93468618086,3014160.047479874,6078292.272329094,13548714.829225058,204980091.5204251,7,0,0,0,32,32,11,11,11,0,0,0,0,21,0,21,0,21,21,21
2058,Newfoundland and Labrador,Cybersecurity Focus,349405.05463979207,58412.775365076755,89279.71803113139,147692.49339620816,Industrial Cybersecurity Analyst,201712.5612435839,108153.44961887092,108153.44961887092,0.0,51533.76105193196,24411.784523894872,17613.566048886172,0.0,93559.111624713,108153.44961887092,3273021.4994727387,6794274.949180875,15689175.503227687,266582272.42617154,7,0,0,0,33,33,11,11,11,0,0,0,0,22,0,22,0,22,22,22
2059,Newfoundland and Labrador,Cybersecurity Focus,367084.95040456555,62090.193684149635,95114.08363350664,157204.27731765626,Industrial Cybersecurity Analyst,209880.6730869093,112741.78169767593,112741.78169767593,0.0,53852.78029926889,25144.138059611716,18141.973030352754,0.0,97138.89138923335,112741.78169767593,3549414.356144052,7586444.225796639,18155293.610409513,346669695.9357207,7,0,0,0,34,34,11,11,11,0,0,0,0,23,0,23,0,23,23,23
2060,Newfoundland and Labrador,Cybersecurity Focus,385659.44889503653,65953.6893701676,101243.66813536207,167197.35750552965,Industrial Cybersecurity Analyst,218462.09138950688,117601.24155410749,117601.24155410749,0.0,56276.155412735985,25898.46220140007,18686.23222126334,0.0,100860.8498353994,117601.24155410749,3844486.315505362,8462689.88993041,20996188.893525045,450788205.957991,7,0,0,0,35,35,11,11,11,0,0,0,0,24,0,24,0,24,24,24
2061,Newfoundland and Labrador,Cybersecurity Focus,405173.81700912537,70012.67793789809,107683.40961301138,177696.08755090946,Industrial Cybersecurity Analyst,227477.7294582159,122746.91179656351,122746.91179656351,0.0,58808.58240630909,26675.41606744207,19246.81918790124,0.0,104730.8176616524,122746.91179656351,4159457.5430771937,9431705.790720016,24268364.139350362,586147414.6571848,7,0,0,0,36,36,11,11,11,0,0,0,0,25,0,25,0,25,25,25
2062,Newfoundland and Labrador,Cybersecurity Focus,425675.6121497871,74277.05132715571,114449.00200942974,188726.05333658546,Industrial Cybersecurity Analyst,236949.5588132016,128194.687885605,128194.687885605,0.0,61454.968614593,27475.678549465338,19824.223763538277,0.0,108754.87092759661,128194.687885605,4495625.108116658,10503071.057677623,28036813.44813852,762119833.742226,7,0,0,0,37,37,11,11,11,0,0,0,0,26,0,26,0,26,26,26
2063,Newfoundland and Labrador,Cybersecurity Focus,447214.7981245663,78757.2020099098,121556.9333811069,200314.1353910167,Industrial Cybersecurity Analyst,246900.66273354963,133961.32114890622,133961.32114890622,0.0,64220.44220224969,28299.94890594929,20418.95047644443,0.0,112939.3415846434,133961.32114890622,4854367.684671397,11687339.484594293,32376296.786508203,990889745.1860427,7,0,0,0,38,38,11,11,11,0,0,0,0,27,0,27,0,27,27,27
2064,Newfoundland and Labrador,Cybersecurity Focus,469843.86690966936,83464.04831721123,129024.52608019089,212488.57439740212,Industrial Cybersecurity Analyst,257355.29251226725,140064.4640470508,140064.4640470508,0.0,67110.36210135091,29148.947373127776,21031.518990737764,0.0,117290.82846521644,140064.4640470508,5237150.532952018,12996137.897100773,37372805.76853148,1288296733.2059026,7,0,0,0,39,39,11,11,11,0,0,0,0,28,0,28,0,28,28,28
2065,Newfoundland and Labrador,Cybersecurity Focus,493617.9665752986,88409.06104766211,136869.97896984854,225279.04001751065,Industrial Cybersecurity Analyst,268338.9265577879,146522.71780709474,146522.71780709474,0.0,70130.3283959117,30023.41579432161,21662.464560459895,0.0,121816.2087506932,146522.71780709474,5645530.777406714,14442274.404617947,43125249.35161829,1674932275.8854804,7,0,0,0,40,40,11,11,11,0,0,0,0,29,0,29,0,29,29,29
2066,Newfoundland and Labrador,Cybersecurity Focus,518595.03568400873,93604.29142227382,145112.41177572287,238716.70319799669,Industrial Cybersecurity Analyst,279878.332486012,153355.68254685935,153355.68254685935,0.0,73286.19317372772,30924.11826815126,22312.33849727369,0.0,126522.64993915267,153355.68254685935,6081162.998823909,16039857.527626602,49747392.43690789,2177565314.3336716,7,0,0,0,41,41,11,11,11,0,0,0,0,30,0,30,0,30,30,30
2067,Newfoundland and Labrador,Cybersecurity Focus,544835.9444896196,99062.40045384088,153771.91168157448,252834.31213541536,Industrial Cybersecurity Analyst,292001.6323542042,160584.01001927102,160584.01001927102,0.0,76584.07186654546,31851.841816195796,22981.708652191905,0.0,131417.62233493317,160584.01001927102,6545805.1587843755,17804427.290408537,57370085.312463336,2830995492.6437926,7,0,0,0,42,42,11,11,11,0,0,0,0,31,0,31,0,31,31,31
2068,Newfoundland and Labrador,Cybersecurity Focus,572404.6432807943,104429.228,162869.5822826621,267298.8102826621,Industrial Cybersecurity Analyst,305105.83299813216,168596.92091515282,168596.92091515282,0.0,80030.35510054001,32807.397070681676,23671.159911757662,0.0,136508.91208297934,168596.92091515282,7041692.337638748,19753466.940364543,66144195.03024798,3680462737.357846,7,0,0,0,43,43,11,11,11,0,0,0,0,32,0,32,0,32,32,32
2069,Newfoundland and Labrador,Cybersecurity Focus,601368.3182308024,104429.228,172427.59501616482,276856.8230161648,Industrial Cybersecurity Analyst,324511.4952146376,182706.86044266078,182706.86044266078,0.0,83631.72108006431,33791.61898280212,24381.294709110392,0.0,141804.63477197682,182706.86044266078,7576483.814963346,21911520.49484366,76248531.14522783,4784784265.425643,7,0,0,0,44,44,11,11,11,0,0,0,0,33,0,33,0,33,33,33
2070,Newfoundland and Labrador,Cybersecurity Focus,631797.555133281,104429.228,182469.24319398275,286898.47119398275,Industrial Cybersecurity Analyst,344899.0839392983,197585.83430796122,197585.83430796122,0.0,87395.14852866718,34805.36755228619,25112.733550383702,0.0,147313.24963133706,197585.83430796122,8152893.840019475,24300258.37863599,87883396.65131997,6220417130.887644,7,0,0,0,45,45,11,11,11,0,0,0,0,34,0,34,0,34,34,34
2071,Newfoundland and Labrador,Cybersecurity Focus,663766.511423025,104429.228,193018.99876959826,297448.22676959826,Industrial Cybersecurity Analyst,366318.2846534268,213274.7103052196,213274.7103052196,0.0,91327.9302124572,35849.52857885477,25866.115556895216,0.0,153043.57434820718,213274.7103052196,8773813.24232567,26943558.926804814,101279180.85932317,8086755544.864243,7,0,0,0,46,46,11,11,11,0,0,0,0,35,0,35,0,35,35,35
2072,Newfoundland and Labrador,Cybersecurity Focus,697353.0969010302,104429.228,204102.57197733998,308531.79997734,Industrial Cybersecurity Analyst,388821.2969236902,229816.4963918499,229816.4963918499,0.0,95437.68707201778,36925.014436220416,26642.099023602073,0.0,159004.80053184027,229816.4963918499,9442320.400833802,29867731.31587715,116700874.4846135,10513012024.819906,7,0,0,0,47,47,11,11,11,0,0,0,0,36,0,36,0,36,36,36
2073,Newfoundland and Labrador,Cybersecurity Focus,732639.1636042222,104429.228,215746.97398939333,320176.20198939333,Industrial Cybersecurity Analyst,412462.9616148289,247256.45176095318,247256.45176095318,0.0,99732.38299025857,38032.76486930703,27441.36199431013,0.0,165206.50985387573,247256.45176095318,10161692.872636447,33101760.89922582,134453262.10906646,13667162888.71764,7,0,0,0,48,48,11,11,11,0,0,0,0,37,0,37,0,37,37,37
2074,Newfoundland and Labrador,Cybersecurity Focus,769710.7052825958,104429.228,227980.58274325664,332409.81074325665,Industrial Cybersecurity Analyst,437300.8945393392,265642.2036449933,265642.2036449933,0.0,104220.34022482019,39173.74781538624,28264.60285413944,0.0,171658.69089434587,265642.2036449933,10935419.719913263,36677579.1927934,154886893.6290714,17767577397.536575,7,0,0,0,49,49,11,11,11,0,0,0,0,38,0,38,0,38,38,38
2075,Newfoundland and Labrador,Cybersecurity Focus,808658.0669698953,104429.228,240833.21210006543,345262.44010006543,Industrial Cybersecurity Analyst,463395.62686982984,285023.87014528125,285023.87014528125,0.0,108910.25553493711,40348.960249847834,29112.540939763625,0.0,178371.75672454858,285023.87014528125,11767214.576054208,40630360.98221803,178404951.5435774,23098135640.667694,7,0,0,0,50,50,11,11,11,0,0,0,0,39,0,39,0,39,39,39
2026,Newfoundland and Labrador,I&C to Cybersecurity,15000.0,1305.0,2100.0,3405.0,I&C Engineering Diploma,11595.0,-23325.0,0.0,0.0,12600.0,9480.0,6840.0,6000.0,34920.0,-23325.0,0.0,0.0,0.0,0.0,0,0,0,0,0,0,0,0,0,0,0,0,0,1,1,1,1,1,0,1
2027,Newfoundland and Labrador,I&C to Cybersecurity,15000.0,1305.0,2100.0,3405.0,I&C Engineering Diploma,11595.0,-24381.600000000006,0.0,0.0,13167.0,9764.400000000001,7045.200000000001,6000.0,35976.600000000006,-24381.600000000006,0.0,0.0,0.0,0.0,0,0,0,0,0,0,0,0,0,0,0,0,0,2,2,2,2,2,0,2
2028,Newfoundland and Labrador,I&C to Cybersecurity,15000.0,1305.0,2100.0,3405.0,I&C Engineering Diploma,11595.0,-25478.403,0.0,0.0,13759.514999999998,10057.332,7256.556,6000.0,37073.403,-25478.403,0.0,0.0,0.0,0.0,0,0,0,0,0,0,0,0,0,0,0,0,0,3,3,3,3,3,0,3
2029,Newfoundland and Labrador,I&C to Cybersecurity,46554.872352768,4159.132491151359,6517.68212938752,10676.81462053888,Instrumentation & Control Tech (Apprentice),35878.05773222912,3666.059917229126,3666.059917229126,0.0,14378.693174999997,10359.05196,7474.25268,0.0,32211.997814999995,3666.059917229126,3666.059917229126,3666.059917229126,3666.059917229126,3666.059917229126,0,0,0,0,0,0,0,0,0,0,0,0,0,4,4,4,4,3,0,3
2030,Newfoundland and Labrador,I&C to Cybersecurity,49385.40859181629,4569.560245813362,6913.957202854281,11483.517448667642,Instrumentation & Control Tech (Apprentice),37901.89114314865,4507.852996073649,4507.852996073649,0.0,15025.734367874997,10669.8235188,7698.4802604000015,0.0,33394.038147075,4507.852996073649,8357.215909164232,8540.518905025689,8723.821900887142,9273.730888471513,0,0,0,0,0,0,0,0,0,0,0,0,0,5,5,5,5,3,0,3
2031,Newfoundland and Labrador,I&C to Cybersecurity,52388.04143419872,5004.942007958814,7334.325800787821,12339.267808746636,Instrumentation & Control Tech (Apprentice),40048.773625452086,5427.528318446712,5427.528318446712,0.0,15701.89241442937,10989.918224364,7929.434668211999,0.0,34621.245307005374,5427.528318446712,14202.605023069154,14822.09911397497,15459.923504466924,17483.378473459677,0,0,0,0,0,0,0,0,0,0,0,0,0,6,6,6,6,3,0,3
2032,Newfoundland and Labrador,I&C to Cybersecurity,55573.234353397995,5466.794981242709,7780.25280947572,13247.047790718429,Instrumentation & Control Tech (Apprentice),42326.18656267956,6430.775510247593,6430.775510247593,0.0,16408.47757307869,11319.615771094921,8167.317708258361,0.0,35895.41105243197,6430.775510247593,21343.510784470207,22735.08453562006,24209.687540384555,29159.167525745175,0,0,0,0,0,0,0,0,0,0,0,0,0,7,7,7,7,3,0,3
2033,Newfoundland and Labrador,I&C to Cybersecurity,58952.0870020846,5956.728615302267,8281.182835427344,14237.91145072961,Instrumentation & Control Tech (Apprentice),44714.17555135499,7495.775003753872,7495.775003753872,0.0,17146.859063867232,11659.204244227769,8412.337239506112,0.0,37218.400547601115,7495.775003753872,29906.46132744759,32504.36799293594,35336.91567519611,45402.6927872226,0,0,0,0,0,0,0,0,0,0,0,0,0,8,8,8,8,3,0,3
2034,Newfoundland and Labrador,I&C to Cybersecurity,97073.61656013287,11584.705416500992,16096.096394827238,27680.80181132823,Instrumentation & Control Tech (Red Seal),69392.81474880464,30800.65929881749,30800.65929881749,0.0,17918.467721741254,12008.980371554602,8664.707356691295,0.0,38592.15544998715,30800.65929881749,62202.44369263746,66555.46409104703,71438.11232529301,89824.15992220686,0,0,0,0,0,0,0,0,0,0,0,0,0,9,9,9,9,3,0,3
2035,Newfoundland and Labrador,I&C to Cybersecurity,101490.4661136189,12282.567645951785,17001.550553291876,29284.11819924366,Instrumentation & Control Tech (Red Seal),72206.34791437523,32187.650785062346,32187.650785062346,0.0,18724.79876921961,12369.249782701241,8924.648577392036,0.0,40018.69712931289,32187.650785062346,97500.21666233169,105398.66128521408,114341.4799591493,148959.05868393127,0,0,0,0,0,0,0,0,0,0,0,0,0,10,10,10,10,3,0,3
2036,Newfoundland and Labrador,I&C to Cybersecurity,106108.28232178855,13012.182606842589,17948.20287596665,30960.385482809237,Instrumentation & Control Tech (Red Seal),75147.8968389793,33647.76681424873,33647.76681424873,0.0,19567.414713834492,12740.32727618228,9192.388034713797,0.0,41500.13002473057,33647.76681424873,136022.994309697,149586.29422798424,165140.46876727042,227294.54310335938,0,0,0,0,0,0,0,0,0,0,0,0,0,11,11,11,11,3,0,3
2037,Newfoundland and Labrador,I&C to Cybersecurity,110936.2091674299,13774.995048453924,18937.927879323128,32712.92292777705,Instrumentation & Control Tech (Red Seal),78223.28623965285,35184.64109347285,35184.64109347285,0.0,20447.948375957043,13122.537094467745,9468.15967575521,0.0,43038.64514618,35184.64109347285,178008.78511865472,199729.5647442555,225096.1801758338,330667.54712784005,0,0,0,0,0,0,0,0,0,0,0,0,0,12,12,12,12,3,0,3
2038,Newfoundland and Labrador,I&C to Cybersecurity,115983.80668454796,14572.515456158577,19972.685370332332,34545.20082649091,Instrumentation & Control Tech (Red Seal),81438.60585805705,36802.08213185231,36802.08213185231,0.0,21368.106052875104,13516.213207301778,9752.204466027866,0.0,44636.523726204745,36802.08213185231,223711.30650643978,256504.60335053338,295662.6893340612,466669.8933980444,0,0,0,0,0,0,0,0,0,0,0,0,0,13,13,13,13,3,0,3
2039,Newfoundland and Labrador,I&C to Cybersecurity,121261.06988869488,15406.323042413791,21286.40817106067,36692.73121347446,Instrumentation & Control Tech (Red Seal),84568.33867522042,38272.1976464364,38272.1976464364,0.0,22329.670825254485,13921.699603520834,10044.770600008704,0.0,46296.141028784026,38272.1976464364,273169.0694781982,320427.26133202313,378284.2903806067,644943.0590638941,0,0,0,0,0,0,0,0,0,0,0,0,0,14,14,14,14,3,0,3
2040,Newfoundland and Labrador,I&C to Cybersecurity,126778.44856863047,16278.068873843615,22720.92662784392,38998.99550168753,Instrumentation & Control Tech (Red Seal),87779.45306694294,39759.482744916575,39759.482744916575,0.0,23334.506012390935,14339.350591626462,10346.113718008964,0.0,48019.97032202636,39759.482744916575,326587.0056970247,392229.470210142,474786.41668261425,878185.4595279789,0,0,0,0,0,0,0,0,0,0,0,0,0,15,15,15,15,3,0,3
2041,Newfoundland and Labrador,I&C to Cybersecurity,132546.86797850314,17189.479140603496,24220.715674410818,41410.194815014314,Instrumentation & Control Tech (Red Seal),91136.67316348883,41326.086141615815,41326.086141615815,0.0,24384.558782948527,14769.531109375253,10656.497129549232,0.0,49810.58702187301,41326.086141615815,384242.4421234918,472778.5033727721,587330.4653266221,1182967.1835279884,0,0,0,0,0,0,0,0,0,0,0,0,0,16,16,16,16,3,0,3
2042,Newfoundland and Labrador,I&C to Cybersecurity,138577.750471525,18142.35857450095,25788.7451225965,43931.10369709745,Instrumentation & Control Tech (Red Seal),94646.64677442756,42975.97376015413,42975.97376015413,0.0,25481.863928181207,15212.617042656513,10976.192043435713,0.0,51670.67301427343,42975.97376015413,446430.53798982047,563032.3274702034,718406.0088857695,1580833.312346539,0,0,0,0,0,0,0,0,0,0,0,0,0,17,17,17,17,3,0,3
2043,Newfoundland and Labrador,I&C to Cybersecurity,144883.0381179794,19138.594022640744,27428.119910674643,46566.71393331539,Instrumentation & Control Tech (Red Seal),98316.324184664,44713.30302103966,44713.30302103966,0.0,26628.547804949354,15668.995553936205,11305.477804738783,0.0,53603.02116362434,44713.30302103966,513465.36791035114,664048.8632382635,870880.2132396746,2099796.6090715406,0,0,0,0,0,0,0,0,0,0,0,0,0,18,18,18,18,3,0,3
2044,Newfoundland and Labrador,I&C to Cybersecurity,151475.21635234746,20180.158183670897,29142.086251610337,49322.24443528123,Instrumentation & Control Tech (Red Seal),102152.97191706623,46542.431901458905,46542.431901458905,0.0,27826.83245617208,16139.065420554296,11644.642138880947,0.0,55610.54001560732,46542.431901458905,585681.0682073276,776996.1814635488,1048054.6771270846,2776278.023694462,0,0,0,0,0,0,0,0,0,0,0,0,0,19,19,19,19,3,0,3
2045,Newfoundland and Labrador,I&C to Cybersecurity,183925.95906368463,25795.334713335862,37653.85812846854,63449.192841804404,Industrial Cybersecurity Analyst,120476.76622188021,62780.5075189621,62780.5075189621,0.0,29079.039916699818,16623.237383170923,11993.981403047375,0.0,57696.258702918116,62780.5075189621,677745.6291366562,917476.3071288659,1268043.3862151091,3671941.9383217627,0,0,0,0,1,1,0,0,0,0,0,0,0,20,19,20,19,4,1,4
2046,Newfoundland and Labrador,I&C to Cybersecurity,193232.61259230706,27451.919041430658,40352.787651769046,67804.7066931997,Industrial Cybersecurity Analyst,125427.90589910737,65564.5738363512,65564.5738363512,0.0,30387.596712951316,17121.934504666053,12353.800845138798,0.0,59863.33206275616,65564.5738363512,777197.4844298402,1074788.5116781038,1523814.4679837266,4839089.093654643,0,0,0,0,2,2,0,0,0,0,0,0,0,21,19,21,19,5,2,5
2047,Newfoundland and Labrador,I&C to Cybersecurity,203010.1827894778,29192.32653652705,43188.283008948565,72380.60954547561,Industrial Cybersecurity Analyst,130629.5732440022,68514.52726866907,68514.52726866907,0.0,31755.03856503412,17635.592539806035,12724.414870492961,0.0,62115.045975333116,68514.52726866907,884571.8859200014,1250781.8901145833,1820901.1654499546,6359330.349019704,0,0,0,0,3,3,0,0,0,0,0,0,0,22,19,22,19,6,3,6
2048,Newfoundland and Labrador,I&C to Cybersecurity,213282.49803862537,31020.798650875317,46167.254431201356,77188.05308207667,Industrial Cybersecurity Analyst,136094.4449565487,71639.62202348007,71639.62202348007,0.0,33184.015300460655,18164.660316000216,13106.147316607749,0.0,64454.822933068615,71639.62202348007,1000440.1022394816,1447499.7011495219,2165675.962290928,8338769.075749096,0,0,0,0,4,4,0,0,0,0,0,0,0,23,19,23,19,7,4,7
2049,Newfoundland and Labrador,I&C to Cybersecurity,224074.5924393798,32956.4833029972,49296.96180742014,82253.44511041735,Industrial Cybersecurity Analyst,141821.14732896246,74934.91947839486,74934.91947839486,0.0,34677.29598898138,18709.600125480225,13499.331736105984,0.0,66886.2278505676,74934.91947839486,1125397.0268298506,1667184.590742869,2565462.2761129616,10915334.71795222,0,0,0,0,5,5,0,0,0,0,0,0,0,24,19,24,19,8,5,8
2050,Newfoundland and Labrador,I&C to Cybersecurity,235412.76681681242,35201.44182972886,52585.0323768756,87786.47420660446,Industrial Cybersecurity Analyst,147626.29261020798,78213.31848428865,78213.31848428865,0.0,36237.77430848553,19270.88812924463,13904.311688189162,0.0,69412.97412591933,78213.31848428865,1259880.1966556318,1912116.3683014447,3028494.936014194,14268148.451822177,0,0,0,0,6,6,0,0,0,0,0,0,0,25,19,25,19,9,6,9
2051,Newfoundland and Labrador,I&C to Cybersecurity,247324.65281774313,37559.99525791314,56039.47931714551,93599.47457505864,Industrial Cybersecurity Analyst,153725.1782426845,81686.24827836029,81686.24827836029,0.0,37868.47415236739,19849.01477312197,14321.441038834837,0.0,72038.9299643242,81686.24827836029,1404560.4547667739,2185014.2534099496,3564455.4246946834,18630279.23564719,0,0,0,0,7,7,0,0,0,0,0,0,0,26,19,26,19,10,7,10
2052,Newfoundland and Labrador,I&C to Cybersecurity,259839.2802503209,40037.89148956354,59723.012482605904,99760.90397216944,Industrial Cybersecurity Analyst,160078.37627815147,85310.25130261204,85310.25130261204,0.0,39572.555489223916,20444.48521631563,14751.084269999885,0.0,74768.12497553942,85310.25130261204,1560098.7288077245,2488825.930053557,4184433.989701498,24304673.25764396,0,0,0,0,8,8,0,0,0,0,0,0,0,27,19,27,19,11,8,11
2053,Newfoundland and Labrador,I&C to Cybersecurity,272987.1478309872,42641.16927053546,64061.80878422577,106702.97805476122,Industrial Cybersecurity Analyst,166284.16977622596,88679.412719082,88679.412719082,0.0,41353.32048623898,21057.8197728051,15193.61679809988,0.0,77604.75705714396,88679.412719082,1726783.077967193,2826387.935777995,4900778.500875805,31684754.647656232,0,0,0,0,9,9,0,0,0,0,0,0,0,28,19,28,19,12,9,12
2054,Newfoundland and Labrador,I&C to Cybersecurity,286800.2975112351,45390.98588233691,68620.14817870759,114011.13406104449,Industrial Cybersecurity Analyst,172789.16345019062,92235.96387403875,92235.96387403875,0.0,43214.21990811974,21689.554365989254,15649.425302042877,0.0,80553.19957615188,92235.96387403875,1905358.1957395915,3201262.693229833,5728131.239881213,41282417.005827144,0,0,0,0,10,10,0,0,0,0,0,0,0,29,19,29,19,13,10,13
2055,Newfoundland and Labrador,I&C to Cybersecurity,301312.3925653036,48409.50165358315,73409.13954655018,121818.64120013334,Industrial Cybersecurity Analyst,179493.75136517026,95875.74250311204,95875.74250311204,0.0,45158.85980398513,22340.240996968932,16118.908061104165,0.0,83618.00886205822,95875.74250311204,2096501.848029683,3617264.705055929,6683226.668366507,53763017.850078404,0,0,0,0,11,11,0,0,0,0,0,0,0,30,19,30,19,14,11,14
2056,Newfoundland and Labrador,I&C to Cybersecurity,316558.79962910793,51580.75432285445,78440.45387760561,130021.20820046007,Industrial Cybersecurity Analyst,186537.59142864787,99733.65940366813,99733.65940366813,0.0,47191.00849516445,23010.448226877998,16602.475302937288,0.0,86803.93202497973,99733.65940366813,2301060.5998348356,4078724.8349651904,7785444.32802515,69991656.86450559,0,0,0,0,12,12,0,0,0,0,0,0,0,31,19,31,19,15,12,15
2057,Newfoundland and Labrador,I&C to Cybersecurity,332576.67489034083,54912.4723771909,83726.35271381248,138638.82509100338,Industrial Cybersecurity Analyst,193937.84979933745,103821.93468618086,103821.93468618086,0.0,49314.60387744685,23700.761673684337,17100.549562025408,0.0,90115.91511315659,103821.93468618086,2519935.564512758,4590419.253147891,9057082.911915103,91092975.85854346,0,0,0,0,13,13,0,0,0,0,0,0,0,32,19,32,19,16,13,16
2058,Newfoundland and Labrador,I&C to Cybersecurity,349405.05463979207,58412.775365076755,89279.71803113139,147692.49339620816,Industrial Cybersecurity Analyst,201712.5612435839,108153.44961887092,108153.44961887092,0.0,51533.76105193196,24411.784523894872,17613.566048886172,0.0,93559.111624713,108153.44961887092,2754085.792357267,5157614.628081552,10523798.798321238,118529022.06572537,0,0,0,0,14,14,0,0,0,0,0,0,0,33,19,33,19,17,14,17
2059,Newfoundland and Labrador,I&C to Cybersecurity,367084.95040456555,62090.193684149635,95114.08363350664,157204.27731765626,Industrial Cybersecurity Analyst,209880.6730869093,112741.78169767593,112741.78169767593,0.0,53852.78029926889,25144.138059611716,18141.973030352754,0.0,97138.89138923335,112741.78169767593,3004531.8636728064,5786117.872587383,12215110.399767099,154200470.46714067,0,0,0,0,15,15,0,0,0,0,0,0,0,34,19,34,19,18,15,18
2060,Newfoundland and Labrador,I&C to Cybersecurity,385659.44889503653,65953.6893701676,101243.66813536207,167197.35750552965,Industrial Cybersecurity Analyst,218462.09138950688,117601.24155410749,117601.24155410749,0.0,56276.155412735985,25898.46220140007,18686.23222126334,0.0,100860.8498353994,117601.24155410749,3272359.6984105543,6482330.901400229,14164978.20128627,200578212.848837,0,0,0,0,16,16,0,0,0,0,0,0,0,35,19,35,19,19,16,19
2061,Newfoundland and Labrador,I&C to Cybersecurity,405173.81700912537,70012.67793789809,107683.40961301138,177696.08755090946,Industrial Cybersecurity Analyst,227477.7294582159,122746.91179656351,122746.91179656351,0.0,58808.58240630909,26675.41606744207,19246.81918790124,0.0,104730.8176616524,122746.91179656351,3558724.5951276454,7253310.903336816,16412471.843275772,260874423.61528465,0,0,0,0,17,17,0,0,0,0,0,0,0,36,19,36,19,20,17,20
2062,Newfoundland and Labrador,I&C to Cybersecurity,425675.6121497871,74277.05132715571,114449.00200942974,188726.05333658546,Industrial Cybersecurity Analyst,236949.5588132016,128194.687885605,128194.687885605,0.0,61454.968614593,27475.678549465338,19824.223763538277,0.0,108754.87092759661,128194.687885605,3864855.5127696325,8106836.681556103,19002537.30765274,339264945.38775563,0,0,0,0,18,18,0,0,0,0,0,0,0,37,19,37,19,21,18,21
2063,Newfoundland and Labrador,I&C to Cybersecurity,447214.7981245663,78757.2020099098,121556.9333811069,200314.1353910167,Industrial Cybersecurity Analyst,246900.66273354963,133961.32114890622,133961.32114890622,0.0,64220.44220224969,28299.94890594929,20418.95047644443,0.0,112939.3415846434,133961.32114890622,4192059.6095570205,9051481.67086062,21986879.224949557,441178390.32523125,0,0,0,0,19,19,0,0,0,0,0,0,0,38,19,38,19,22,19,22
2064,Newfoundland and Labrador,I&C to Cybersecurity,469843.86690966936,83464.04831721123,129024.52608019089,212488.57439740212,Industrial Cybersecurity Analyst,257355.29251226725,140064.4640470508,140064.4640470508,0.0,67110.36210135091,29148.947373127776,21031.518990737764,0.0,117290.82846521644,140064.4640470508,4541727.054081922,10096694.301993733,25424975.572739042,573671971.8868477,0,0,0,0,20,20,0,0,0,0,0,0,0,39,19,39,19,23,20,23
2065,Newfoundland and Labrador,I&C to Cybersecurity,493617.9665752986,88409.06104766211,136869.97896984854,225279.04001751065,Industrial Cybersecurity Analyst,268338.9265577879,146522.71780709474,146522.71780709474,0.0,70130.3283959117,30023.41579432161,21662.464560459895,0.0,121816.2087506932,146522.71780709474,4915336.124593114,11252886.450000202,29385244.62645699,745920086.1707091,0,0,0,0,21,21,0,0,0,0,0,0,0,40,19,40,19,24,21,24
2066,Newfoundland and Labrador,I&C to Cybersecurity,518595.03568400873,93604.29142227382,145112.41177572287,238716.70319799669,Industrial Cybersecurity Analyst,279878.332486012,153355.68254685935,153355.68254685935,0.0,73286.19317372772,30924.11826815126,22312.33849727369,0.0,126522.64993915267,153355.68254685935,5314458.613369629,12531530.777547084,33946387.0029724,969849467.7044687,0,0,0,0,22,22,0,0,0,0,0,0,0,41,19,41,19,25,22,25
2067,Newfoundland and Labrador,I&C to Cybersecurity,544835.9444896196,99062.40045384088,153771.91168157448,252834.31213541536,Industrial Cybersecurity Analyst,292001.6323542042,160584.01001927102,160584.01001927102,0.0,76584.07186654546,31851.841816195796,22981.708652191905,0.0,131417.62233493317,160584.01001927102,5740765.554057381,13945267.865321064,39198929.06343753,1260964892.0258286,0,0,0,0,23,23,0,0,0,0,0,0,0,42,19,42,19,26,23,26
2068,Newfoundland and Labrador,I&C to Cybersecurity,572404.6432807943,104429.228,162869.5822826621,267298.8102826621,Industrial Cybersecurity Analyst,305105.83299813216,168596.92091515282,168596.92091515282,0.0,80030.35510054001,32807.397070681676,23671.159911757662,0.0,136508.91208297934,168596.92091515282,6196400.752675403,15508391.572768325,45247365.3438683,1639422956.5544925,0,0,0,0,24,24,0,0,0,0,0,0,0,43,19,43,19,27,24,27
2069,Newfoundland and Labrador,I&C to Cybersecurity,601368.3182308024,104429.228,172427.59501616482,276856.8230161648,Industrial Cybersecurity Analyst,324511.4952146376,182706.86044266078,182706.86044266078,0.0,83631.72108006431,33791.61898280212,24381.294709110392,0.0,141804.63477197682,182706.86044266078,6688927.650751834,17241937.59048782,52217177.005891204,2131432550.381283,0,0,0,0,25,25,0,0,0,0,0,0,0,44,19,44,19,28,25,28
2070,Newfoundland and Labrador,I&C to Cybersecurity,631797.555133281,104429.228,182469.24319398275,286898.47119398275,Industrial Cybersecurity Analyst,344899.0839392983,197585.83430796122,197585.83430796122,0.0,87395.14852866718,34805.36755228619,25112.733550383702,0.0,147313.24963133706,197585.83430796122,7220959.867597387,19163717.183844563,60247339.39108284,2771059901.329976,0,0,0,0,26,26,0,0,0,0,0,0,0,45,19,45,19,29,26,29
2071,Newfoundland and Labrador,I&C to Cybersecurity,663766.511423025,104429.228,193018.99876959826,297448.22676959826,Industrial Cybersecurity Analyst,366318.2846534268,213274.7103052196,213274.7103052196,0.0,91327.9302124572,35849.52857885477,25866.115556895216,0.0,153043.57434820718,213274.7103052196,7795282.571282476,21293363.612534244,69497715.01005048,3602591146.4392743,0,0,0,0,27,27,0,0,0,0,0,0,0,46,19,46,19,30,27,30
2072,Newfoundland and Labrador,I&C to Cybersecurity,697353.0969010302,104429.228,204102.57197733998,308531.79997734,Industrial Cybersecurity Analyst,388821.2969236902,229816.4963918499,229816.4963918499,0.0,95437.68707201778,36925.014436220416,26642.099023602073,0.0,159004.80053184027,229816.4963918499,8414863.19623845,23652516.47017952,80152188.75794989,4683598306.867449,0,0,0,0,28,28,0,0,0,0,0,0,0,47,19,47,19,31,28,31
2073,Newfoundland and Labrador,I&C to Cybersecurity,732639.1636042222,104429.228,215746.97398939333,320176.20198939333,Industrial Cybersecurity Analyst,412462.9616148289,247256.45176095318,247256.45176095318,0.0,99732.38299025857,38032.76486930703,27441.36199431013,0.0,165206.50985387573,247256.45176095318,9082862.807811327,26265024.568958428,92422273.52340332,6088925055.379445,0,0,0,0,29,29,0,0,0,0,0,0,0,48,19,48,19,32,29,32
2074,Newfoundland and Labrador,I&C to Cybersecurity,769710.7052825958,104429.228,227980.58274325664,332409.81074325665,Industrial Cybersecurity Analyst,437300.8945393392,265642.2036449933,265642.2036449933,0.0,104220.34022482019,39173.74781538624,28264.60285413944,0.0,171658.69089434587,265642.2036449933,9802648.151846888,29157169.22949927,106551256.7555588,7915868214.196923,0,0,0,0,30,30,0,0,0,0,0,0,0,49,19,49,19,33,30,33
2075,Newfoundland and Labrador,I&C to Cybersecurity,808658.0669698953,104429.228,240833.21210006543,345262.44010006543,Industrial Cybersecurity Analyst,463395.62686982984,285023.87014528125,285023.87014528125,0.0,108910.25553493711,40348.960249847834,29112.540939763625,0.0,178371.75672454858,285023.87014528125,10577804.429584514,32357910.022594478,122818969.13903789,10290913702.326147,0,0,0,0,31,31,0,0,0,0,0,0,0,50,19,50,19,34,31,34
2026,Newfoundland and Labrador,Cybersecurity Focus with Education,38250.0,3327.7499999999995,5355.000000000001,8682.75,Masters in Cybersecurity,29567.25,-12852.75,0.0,0.0,12600.0,9480.0,6840.0,13500.0,42420.0,-12852.75,0.0,0.0,0.0,0.0,0,0,0,0,1,1,1,1,1,0,0,0,0,0,0,0,0,1,1,1
2027,Newfoundland and Labrador,Cybersecurity Focus with Education,38250.0,3327.7499999999995,5355.000000000001,8682.75,Masters in Cybersecurity,29567.25,-13909.350000000006,0.0,0.0,13167.0,9764.400000000001,7045.200000000001,13500.0,43476.600000000006,-13909.350000000006,0.0,0.0,0.0,0.0,0,0,0,0,2,2,2,2,2,0,0,0,0,0,0,0,0,2,2,2
2028,Newfoundland and Labrador,Cybersecurity Focus with Education,38250.0,3327.7499999999995,5355.000000000001,8682.75,Masters in Cybersecurity,29567.25,-15006.152999999998,0.0,0.0,13759.514999999998,10057.332,7256.556,13500.0,44573.403,-15006.152999999998,0.0,0.0,0.0,0.0,0,0,0,0,3,3,3,3,3,0,0,0,0,0,0,0,0,3,3,3
2029,Newfoundland and Labrador,Cybersecurity Focus with Education,24750.0,2153.25,3465.0000000000005,5618.25,PhD in Cybersecurity,19131.75,-23205.247814999995,0.0,0.0,14378.693174999997,10359.05196,7474.25268,10125.0,42336.997814999995,-23205.247814999995,0.0,0.0,0.0,0.0,1,0,0,0,4,4,4,4,4,0,0,0,0,0,0,0,0,4,4,4
2030,Newfoundland and Labrador,Cybersecurity Focus with Education,24750.0,2153.25,3465.0000000000005,5618.25,PhD in Cybersecurity,19131.75,-24387.288147075,0.0,0.0,15025.734367874997,10669.8235188,7698.4802604000015,10125.0,43519.038147075,-24387.288147075,0.0,0.0,0.0,0.0,2,0,0,0,5,5,5,5,5,0,0,0,0,0,0,0,0,5,5,5
2031,Newfoundland and Labrador,Cybersecurity Focus with Education,24750.0,2153.25,3465.0000000000005,5618.25,PhD in Cybersecurity,19131.75,-25614.495307005374,0.0,0.0,15701.89241442937,10989.918224364,7929.434668211999,10125.0,44746.245307005374,-25614.495307005374,0.0,0.0,0.0,0.0,3,0,0,0,6,6,6,6,6,0,0,0,0,0,0,0,0,6,6,6
2032,Newfoundland and Labrador,Cybersecurity Focus with Education,59166.66021142068,5987.841730655999,8325.17034334124,14313.012073997239,SOC Level 1 Analyst,44853.64813742344,8958.237084991473,8958.237084991473,0.0,16408.47757307869,11319.615771094921,8167.317708258361,0.0,35895.41105243197,8958.237084991473,8958.237084991473,8958.237084991473,8958.237084991473,8958.237084991473,3,0,0,0,7,7,7,7,7,0,0,0,0,0,0,0,0,6,6,6
2033,Newfoundland and Labrador,Cybersecurity Focus with Education,62160.493218118565,6421.947516627191,8938.906109714308,15360.853626341499,SOC Level 1 Analyst,46799.639591777064,9581.239044175949,9581.239044175949,0.0,17146.859063867232,11659.204244227769,8412.337239506112,0.0,37218.400547601115,9581.239044175949,18987.387983416997,19435.29983766657,19883.21169191614,21226.947254664865,3,0,0,0,8,8,8,8,8,0,0,0,0,0,0,0,0,6,6,6
2034,Newfoundland and Labrador,Cybersecurity Focus with Education,65305.81417495536,6878.019055368527,9583.69690586585,16461.71596123438,SOC Level 1 Analyst,48844.09821372098,10251.94276373383,10251.94276373383,0.0,17918.467721741254,12008.980371554602,8664.707356691295,0.0,38592.15544998715,10251.94276373383,30188.700146321677,31630.77258516706,33117.63620943739,37846.97419479815,3,0,0,0,9,9,9,9,9,0,0,0,0,0,0,0,0,6,6,6
2035,Newfoundland and Labrador,Cybersecurity Focus with Education,68610.2883722081,7357.167813970174,10261.114116302662,17618.28193027284,SOC Level 1 Analyst,50992.006441935264,10973.309312622376,10973.309312622376,0.0,18724.79876921961,12369.249782701241,8924.648577392036,0.0,40018.69712931289,10973.309312622376,42671.44446626014,45767.159156306145,49058.590953475374,60174.37576585998,3,0,0,0,10,10,10,10,10,0,0,0,0,0,0,0,0,6,6,6
2036,Newfoundland and Labrador,Cybersecurity Focus with Education,101570.04717632258,12295.141453858967,17017.86467114613,29313.006125005097,SOC Level 2 Analyst,72257.04105131749,30756.911026586917,30756.911026586917,0.0,19567.414713834492,12740.32727618228,9192.388034713797,0.0,41500.13002473057,30756.911026586917,75561.92771616006,81100.78609852368,87174.2906230836,108983.5995222049,4,0,0,0,11,11,11,11,11,0,0,0,0,0,0,0,0,6,6,6
2037,Newfoundland and Labrador,Cybersecurity Focus with Education,106709.49156344449,13107.173667024228,18071.45077050612,31178.624437530347,SOC Level 2 Analyst,75530.86712591414,32492.22197973414,32492.22197973414,0.0,20447.948375957043,13122.537094467745,9468.15967575521,0.0,43038.64514618,32492.22197973414,111832.24608170221,121703.08668811018,132742.65619628027,174170.9013586005,5,0,0,0,12,12,12,12,12,0,0,0,0,0,0,0,0,6,6,6
2038,Newfoundland and Labrador,Cybersecurity Focus with Education,112108.99183655478,13960.294710175654,19178.34832649373,33138.64303666938,SOC Level 2 Analyst,78970.3487998854,34333.82507368065,34333.82507368065,0.0,21368.106052875104,13516.213207301778,9752.204466027866,0.0,44636.523726204745,34333.82507368065,151757.68345946795,168207.22043060185,186987.87969940295,260755.99683986133,6,0,0,0,13,13,13,13,13,0,0,0,0,0,0,0,0,6,6,6
2039,Newfoundland and Labrador,Cybersecurity Focus with Education,117781.70682348446,14856.583678110544,20381.77377410596,35238.35745221651,SOC Level 2 Analyst,82543.34937126795,36247.20834248392,36247.20834248392,0.0,22329.670825254485,13921.699603520834,10044.770600008704,0.0,46296.141028784026,36247.20834248392,195592.77597492526,221275.150816146,251283.26999679732,375230.00423430366,7,0,0,0,14,14,14,14,14,0,0,0,0,0,0,0,0,6,6,6
2040,Newfoundland and Labrador,Cybersecurity Focus with Education,123741.46118875277,15798.224867822937,21931.30990907572,37729.534776898654,SOC Level 2 Analyst,86011.92641185412,37991.956089827756,37991.956089827756,0.0,23334.506012390935,14339.350591626462,10346.113718008964,0.0,48019.97032202636,37991.956089827756,243364.3708634993,281394.62198758835,326967.71658614464,525790.9615944226,8,0,0,0,15,15,15,15,15,0,0,0,0,0,0,0,0,6,6,6
2041,Newfoundland and Labrador,Cybersecurity Focus with Education,130002.77912490367,16787.513101734778,23559.252572474954,40346.76567420973,SOC Level 2 Analyst,89656.01345069394,39845.42642882092,39845.42642882092,0.0,24384.558782948527,14769.531109375253,10656.497129549232,0.0,49810.58702187301,39845.42642882092,295378.0158354952,349379.51061516814,415858.3005028872,723373.6765015703,9,0,0,0,16,16,16,16,16,0,0,0,0,0,0,0,0,6,6,6
2042,Newfoundland and Labrador,Cybersecurity Focus with Education,136580.91974862377,17826.859320282554,25269.56913464218,43096.42845492474,SOC Level 2 Analyst,93484.49129369903,41813.8182794256,41813.8182794256,0.0,25481.863928181207,15212.617042656513,10976.192043435713,0.0,51670.67301427343,41813.8182794256,351960.7349066956,426131.2799561106,520050.8638577459,982199.597731467,10,0,0,0,17,17,17,17,17,0,0,0,0,0,0,0,0,6,6,6
2043,Newfoundland and Labrador,Cybersecurity Focus with Education,166635.7714311145,22717.68131473838,33083.83057208977,55801.51188682815,Industrial Cybersecurity Analyst,110834.25954428635,57231.23838066201,57231.23838066201,0.0,26628.547804949354,15668.995553936205,11305.477804738783,0.0,53603.02116362434,57231.23838066201,426790.0100326924,525975.6463323837,655289.7318170698,1334090.7154315691,10,0,0,0,18,18,17,17,17,0,0,0,0,1,0,1,0,7,7,7
2044,Newfoundland and Labrador,Cybersecurity Focus with Education,175067.54146552886,24218.536380864138,35276.09078103751,59494.62716190165,Industrial Cybersecurity Analyst,115572.91430362721,59962.37428801989,59962.37428801989,0.0,27826.83245617208,16139.065420554296,11644.642138880947,0.0,55610.54001560732,59962.37428801989,508091.8848223469,638535.585253642,813545.56587765,1794280.30434906,10,0,0,0,19,19,17,17,17,0,0,0,0,2,0,2,0,8,8,8
2045,Newfoundland and Labrador,Cybersecurity Focus with Education,183925.95906368463,25795.334713335862,37653.85812846854,63449.192841804404,Industrial Cybersecurity Analyst,120476.76622188021,62780.5075189621,62780.5075189621,0.0,29079.039916699818,16623.237383170923,11993.981403047375,0.0,57696.258702918116,62780.5075189621,596276.9865824265,765169.6512979685,998357.9082782597,2395344.9031727402,10,0,0,0,20,20,17,17,17,0,0,0,0,3,0,3,0,9,9,9
2046,Newfoundland and Labrador,Cybersecurity Focus with Education,193232.61259230706,27451.919041430658,40352.787651769046,67804.7066931997,Industrial Cybersecurity Analyst,125427.90589910737,65564.5738363512,65564.5738363512,0.0,30387.596712951316,17121.934504666053,12353.800845138798,0.0,59863.33206275616,65564.5738363512,691655.4097478989,907251.1902641165,1213676.16835635,3179512.9479609136,10,0,0,0,21,21,17,17,17,0,0,0,0,4,0,4,0,10,10,10
2047,Newfoundland and Labrador,Cybersecurity Focus with Education,203010.1827894778,29192.32653652705,43188.283008948565,72380.60954547561,Industrial Cybersecurity Analyst,130629.5732440022,68514.52726866907,68514.52726866907,0.0,31755.03856503412,17635.592539806035,12724.414870492961,0.0,62115.045975333116,68514.52726866907,794752.707503963,1066490.8365591972,1464242.1208784713,4201881.359617856,10,0,0,0,22,22,17,17,17,0,0,0,0,5,0,5,0,11,11,11
2048,Newfoundland and Labrador,Cybersecurity Focus with Education,213282.49803862537,31020.798650875317,46167.254431201356,77188.05308207667,Industrial Cybersecurity Analyst,136094.4449565487,71639.62202348007,71639.62202348007,0.0,33184.015300460655,18164.660316000216,13106.147316607749,0.0,64454.822933068615,71639.62202348007,906129.9649026413,1244779.542238597,1755518.0610337218,5534085.389526693,10,0,0,0,23,23,17,17,17,0,0,0,0,6,0,6,0,12,12,12
2049,Newfoundland and Labrador,Cybersecurity Focus with Education,224074.5924393798,32956.4833029972,49296.96180742014,82253.44511041735,Industrial Cybersecurity Analyst,141821.14732896246,74934.91947839486,74934.91947839486,0.0,34677.29598898138,18709.600125480225,13499.331736105984,0.0,66886.2278505676,74934.91947839486,1026371.3826261683,1444192.4159408517,2093780.6896671746,7269245.9258630965,10,0,0,0,24,24,17,17,17,0,0,0,0,7,0,7,0,13,13,13
2050,Newfoundland and Labrador,Cybersecurity Focus with Education,235412.76681681242,35201.44182972886,52585.0323768756,87786.47420660446,Industrial Cybersecurity Analyst,147626.29261020798,78213.31848428865,78213.31848428865,0.0,36237.77430848553,19270.88812924463,13904.311688189162,0.0,69412.97412591933,78213.31848428865,1155903.2702417653,1666824.9760192255,2486061.1116015394,9528233.022106316,10,0,0,0,25,25,17,17,17,0,0,0,0,8,0,8,0,14,14,14
2051,Newfoundland and Labrador,Cybersecurity Focus with Education,247324.65281774313,37559.99525791314,56039.47931714551,93599.47457505864,Industrial Cybersecurity Analyst,153725.1782426845,81686.24827836029,81686.24827836029,0.0,37868.47415236739,19849.01477312197,14321.441038834837,0.0,72038.9299643242,81686.24827836029,1295384.682032214,1915193.7218995085,2940656.5266201305,12468389.177016571,10,0,0,0,26,26,17,17,17,0,0,0,0,9,0,9,0,15,15,15
2052,Newfoundland and Labrador,Cybersecurity Focus with Education,259839.2802503209,40037.89148956354,59723.012482605904,99760.90397216944,Industrial Cybersecurity Analyst,160078.37627815147,85310.25130261204,85310.25130261204,0.0,39572.555489223916,20444.48521631563,14751.084269999885,0.0,74768.12497553942,85310.25130261204,1445464.1674364367,2192023.3453920716,3467065.2569157616,16294216.181424156,10,0,0,0,27,27,17,17,17,0,0,0,0,10,0,10,0,16,16,16
2053,Newfoundland and Labrador,Cybersecurity Focus with Education,272987.1478309872,42641.16927053546,64061.80878422577,106702.97805476122,Industrial Cybersecurity Analyst,166284.16977622596,88679.412719082,88679.412719082,0.0,41353.32048623898,21057.8197728051,15193.61679809988,0.0,77604.75705714396,88679.412719082,1606416.7885273406,2499905.092650361,4075804.4581722077,21271160.448570486,10,0,0,0,28,28,17,17,17,0,0,0,0,11,0,11,0,17,17,17
2054,Newfoundland and Labrador,Cybersecurity Focus with Education,286800.2975112351,45390.98588233691,68620.14817870759,114011.13406104449,Industrial Cybersecurity Analyst,172789.16345019062,92235.96387403875,92235.96387403875,0.0,43214.21990811974,21689.554365989254,15649.425302042877,0.0,80553.19957615188,92235.96387403875,1778973.5918277465,2842131.565789436,4779411.0907720765,27744744.54701567,10,0,0,0,29,29,17,17,17,0,0,0,0,12,0,12,0,18,18,18
2055,Newfoundland and Labrador,Cybersecurity Focus with Education,301312.3925653036,48409.50165358315,73409.13954655018,121818.64120013334,Industrial Cybersecurity Analyst,179493.75136517026,95875.74250311204,95875.74250311204,0.0,45158.85980398513,22340.240996968932,16118.908061104165,0.0,83618.00886205822,95875.74250311204,1963798.013922246,3222220.4648714922,5592198.496890999,36164043.653623484,10,0,0,0,30,30,17,17,17,0,0,0,0,13,0,13,0,19,19,19
2056,Newfoundland and Labrador,Cybersecurity Focus with Education,316558.79962910793,51580.75432285445,78440.45387760561,130021.20820046007,Industrial Cybersecurity Analyst,186537.59142864787,99733.65940366813,99733.65940366813,0.0,47191.00849516445,23010.448226877998,16602.475302937288,0.0,86803.93202497973,99733.65940366813,2161721.5740220263,3644176.17076231,6530761.930828316,47112990.4091142,10,0,0,0,31,31,17,17,17,0,0,0,0,14,0,14,0,20,20,20
2057,Newfoundland and Labrador,Cybersecurity Focus with Education,332576.67489034083,54912.4723771909,83726.35271381248,138638.82509100338,Industrial Cybersecurity Analyst,193937.84979933745,103821.93468618086,103821.93468618086,0.0,49314.60387744685,23700.761673684337,17100.549562025408,0.0,90115.91511315659,103821.93468618086,2373629.587409308,4112415.7225247216,7614198.155138744,61350709.466534644,10,0,0,0,32,32,17,17,17,0,0,0,0,15,0,15,0,21,21,21
2058,Newfoundland and Labrador,Cybersecurity Focus with Education,349405.05463979207,58412.775365076755,89279.71803113139,147692.49339620816,Industrial Cybersecurity Analyst,201712.5612435839,108153.44961887092,108153.44961887092,0.0,51533.76105193196,24411.784523894872,17613.566048886172,0.0,93559.111624713,108153.44961887092,2600464.5163986445,4631810.744396065,8864481.328028426,79864075.75611392,10,0,0,0,33,33,17,17,17,0,0,0,0,16,0,16,0,22,22,22
2059,Newfoundland and Labrador,Cybersecurity Focus with Education,367084.95040456555,62090.193684149635,95114.08363350664,157204.27731765626,Industrial Cybersecurity Analyst,209880.6730869093,112741.78169767593,112741.78169767593,0.0,53852.78029926889,25144.138059611716,18141.973030352754,0.0,97138.89138923335,112741.78169767593,2843229.523916253,5207733.600533348,10306895.308930364,103936040.26464577,10,0,0,0,34,34,17,17,17,0,0,0,0,17,0,17,0,23,23,23
2060,Newfoundland and Labrador,Cybersecurity Focus with Education,385659.44889503653,65953.6893701676,101243.66813536207,167197.35750552965,Industrial Cybersecurity Analyst,218462.09138950688,117601.24155410749,117601.24155410749,0.0,56276.155412735985,25898.46220140007,18686.23222126334,0.0,100860.8498353994,117601.24155410749,3102992.241666173,5846108.20214079,11970530.846824024,135234453.5855936,10,0,0,0,35,35,17,17,17,0,0,0,0,18,0,18,0,24,24,24
2061,Newfoundland and Labrador,Cybersecurity Focus with Education,405173.81700912537,70012.67793789809,107683.40961301138,177696.08755090946,Industrial Cybersecurity Analyst,227477.7294582159,122746.91179656351,122746.91179656351,0.0,58808.58240630909,26675.41606744207,19246.81918790124,0.0,104730.8176616524,122746.91179656351,3380888.7655460453,6553465.934151433,13888857.38564419,175927536.57306826,10,0,0,0,36,36,17,17,17,0,0,0,0,19,0,19,0,25,25,25
2062,Newfoundland and Labrador,Cybersecurity Focus with Education,425675.6121497871,74277.05132715571,114449.00200942974,188726.05333658546,Industrial Cybersecurity Analyst,236949.5588132016,128194.687885605,128194.687885605,0.0,61454.968614593,27475.678549465338,19824.223763538277,0.0,108754.87092759661,128194.687885605,3678127.8917089524,7337007.215452182,16100380.681376422,228833992.23287436,10,0,0,0,37,37,17,17,17,0,0,0,0,20,0,20,0,26,26,26
2063,Newfoundland and Labrador,Cybersecurity Focus with Education,447214.7981245663,78757.2020099098,121556.9333811069,200314.1353910167,Industrial Cybersecurity Analyst,246900.66273354963,133961.32114890622,133961.32114890622,0.0,64220.44220224969,28299.94890594929,20418.95047644443,0.0,112939.3415846434,133961.32114890622,3995995.6074433066,8204669.2581463065,18649399.10473179,297618151.2238856,10,0,0,0,38,38,17,17,17,0,0,0,0,21,0,21,0,27,27,27
2064,Newfoundland and Labrador,Cybersecurity Focus with Education,469843.86690966936,83464.04831721123,129024.52608019089,212488.57439740212,Industrial Cybersecurity Analyst,257355.29251226725,140064.4640470508,140064.4640470508,0.0,67110.36210135091,29148.947373127776,21031.518990737764,0.0,117290.82846521644,140064.4640470508,4335859.851862523,9165200.648007987,21586873.43448861,387043661.05509835,10,0,0,0,39,39,17,17,17,0,0,0,0,22,0,22,0,28,28,28
2065,Newfoundland and Labrador,Cybersecurity Focus with Education,493617.9665752986,88409.06104766211,136869.97896984854,225279.04001751065,Industrial Cybersecurity Analyst,268338.9265577879,146522.71780709474,146522.71780709474,0.0,70130.3283959117,30023.41579432161,21662.464560459895,0.0,121816.2087506932,146522.71780709474,4699175.562262744,10228243.430615881,24971427.167468995,503303282.089435,10,0,0,0,40,40,17,17,17,0,0,0,0,23,0,23,0,29,29,29
2066,Newfoundland and Labrador,Cybersecurity Focus with Education,518595.03568400873,93604.29142227382,145112.41177572287,238716.70319799669,Industrial Cybersecurity Analyst,279878.332486012,153355.68254685935,153355.68254685935,0.0,73286.19317372772,30924.11826815126,22312.33849727369,0.0,126522.64993915267,153355.68254685935,5087490.02292274,11404423.45622433,28870496.9251362,654447622.3988123,10,0,0,0,41,41,17,17,17,0,0,0,0,24,0,24,0,30,30,30
2067,Newfoundland and Labrador,Cybersecurity Focus with Education,544835.9444896196,99062.40045384088,153771.91168157448,252834.31213541536,Industrial Cybersecurity Analyst,292001.6323542042,160584.01001927102,160584.01001927102,0.0,76584.07186654546,31851.841816195796,22981.708652191905,0.0,131417.62233493317,160584.01001927102,5502448.534088148,12705449.811866034,33361655.4739259,850942493.1284753,10,0,0,0,42,42,17,17,17,0,0,0,0,25,0,25,0,31,31,31
2068,Newfoundland and Labrador,Cybersecurity Focus with Education,572404.6432807943,104429.228,162869.5822826621,267298.8102826621,Industrial Cybersecurity Analyst,305105.83299813216,168596.92091515282,168596.92091515282,0.0,80030.35510054001,32807.397070681676,23671.159911757662,0.0,136508.91208297934,168596.92091515282,5946167.881707708,14144591.71396779,38534500.71592993,1106393837.9879332,10,0,0,0,43,43,17,17,17,0,0,0,0,26,0,26,0,32,32,32
2069,Newfoundland and Labrador,Cybersecurity Focus with Education,601368.3182308024,104429.228,172427.59501616482,276856.8230161648,Industrial Cybersecurity Analyst,324511.4952146376,182706.86044266078,182706.86044266078,0.0,83631.72108006431,33791.61898280212,24381.294709110392,0.0,141804.63477197682,182706.86044266078,6426183.136235755,15741757.745807232,44497382.68376208,1438494696.2447557,10,0,0,0,44,44,17,17,17,0,0,0,0,27,0,27,0,33,33,33
2070,Newfoundland and Labrador,Cybersecurity Focus with Education,631797.555133281,104429.228,182469.24319398275,286898.47119398275,Industrial Cybersecurity Analyst,344899.0839392983,197585.83430796122,197585.83430796122,0.0,87395.14852866718,34805.36755228619,25112.733550383702,0.0,147313.24963133706,197585.83430796122,6945078.127355504,17513519.35469592,51369575.92063435,1870240690.9524903,10,0,0,0,45,45,17,17,17,0,0,0,0,28,0,28,0,34,34,34
2071,Newfoundland and Labrador,Cybersecurity Focus with Education,663766.511423025,104429.228,193018.99876959826,297448.22676959826,Industrial Cybersecurity Analyst,366318.2846534268,213274.7103052196,213274.7103052196,0.0,91327.9302124572,35849.52857885477,25866.115556895216,0.0,153043.57434820718,213274.7103052196,7505606.744028498,19478146.000470735,59288287.01903472,2431526172.9485426,10,0,0,0,46,46,17,17,17,0,0,0,0,29,0,29,0,35,35,35
2072,Newfoundland and Labrador,Cybersecurity Focus with Education,697353.0969010302,104429.228,204102.57197733998,308531.79997734,Industrial Cybersecurity Analyst,388821.2969236902,229816.4963918499,229816.4963918499,0.0,95437.68707201778,36925.014436220416,26642.099023602073,0.0,159004.80053184027,229816.4963918499,8110703.577621773,21655777.09690966,68411346.56828177,3161213841.3294973,10,0,0,0,47,47,17,17,17,0,0,0,0,30,0,30,0,36,36,36
2073,Newfoundland and Labrador,Cybersecurity Focus with Education,732639.1636042222,104429.228,215746.97398939333,320176.20198939333,Industrial Cybersecurity Analyst,412462.9616148289,247256.45176095318,247256.45176095318,0.0,99732.38299025857,38032.76486930703,27441.36199431013,0.0,165206.50985387573,247256.45176095318,8763495.208263814,24068611.25836158,78920305.00528498,4109825250.1801076,10,0,0,0,48,48,17,17,17,0,0,0,0,31,0,31,0,37,37,37
2074,Newfoundland and Labrador,Cybersecurity Focus with Education,769710.7052825958,104429.228,227980.58274325664,332409.81074325665,Industrial Cybersecurity Analyst,437300.8945393392,265642.2036449933,265642.2036449933,0.0,104220.34022482019,39173.74781538624,28264.60285413944,0.0,171658.69089434587,265642.2036449933,9467312.172321998,26741114.587842736,91023992.95972271,5343038467.437785,10,0,0,0,49,49,17,17,17,0,0,0,0,32,0,32,0,38,38,38
2075,Newfoundland and Labrador,Cybersecurity Focus with Education,808658.0669698953,104429.228,240833.21210006543,345262.44010006543,Industrial Cybersecurity Analyst,463395.62686982984,285023.87014528125,285023.87014528125,0.0,108910.25553493711,40348.960249847834,29112.540939763625,0.0,178371.75672454858,285023.87014528125,10225701.65108338,29700249.91677229,104962615.77382639,6946235031.539266,10,0,0,0,50,50,17,17,17,0,0,0,0,33,0,33,0,39,39,39
2026,Nova Scotia,Cybersecurity Focus,46000.0,4967.7080000000005,6440.000000000001,11407.708000000002,SOC Level 1 Analyst,34592.292,4592.292000000001,4592.292000000001,0.0,13200.0,9600.0,7200.0,0.0,30000.0,4592.292000000001,4592.292000000001,4592.292000000001,4592.292000000001,4592.292000000001,0,0,0,0,1,1,1,1,1,0,0,0,0,0,0,0,0,0,0,0
2027,Nova Scotia,Cybersecurity Focus,48327.6,5315.6842,6765.8640000000005,12081.548200000001,SOC Level 1 Analyst,36246.0518,5082.051800000001,5082.051800000001,0.0,13860.0,9888.0,7416.0,0.0,31164.0,5082.051800000001,9903.958400000003,10133.573000000004,10363.187600000001,11052.031400000003,0,0,0,0,2,2,2,2,2,0,0,0,0,0,0,0,0,0,0,0
2028,Nova Scotia,Cybersecurity Focus,50772.976559999996,5681.26799572,7108.2167184,12789.48471412,SOC Level 1 Analyst,37983.491845879995,5607.371845879996,5607.371845879996,0.0,14553.0,10184.64,7638.48,0.0,32376.12,5607.371845879996,16006.52816588,16754.30214588,17525.037585879996,19975.01266588,0,0,0,0,3,3,3,3,3,0,0,0,0,0,0,0,0,0,0,0
2029,Nova Scotia,Cybersecurity Focus,53342.089173936,6065.350331503432,7467.892484351041,13533.242815854474,SOC Level 1 Analyst,39808.84635808153,6170.382758081527,6170.382758081527,0.0,15280.650000000001,10490.1792,7867.634400000001,0.0,33638.4636,6170.382758081527,22977.23733225553,24600.11511854953,26324.17598184352,32137.899223725526,0,0,0,0,4,4,4,4,4,0,0,0,0,0,0,0,0,0,0,0
2030,Nova Scotia,Cybersecurity Focus,79188.65059997642,10225.21085501607,12429.678372995168,22654.889228011238,SOC Level 2 Analyst,56533.761371965185,21580.530863965178,21580.530863965178,0.0,16044.682500000003,10804.884576000002,8103.663432000001,0.0,34953.23050800001,21580.530863965178,45706.63006283349,48640.65749436966,51853.333243085224,63359.79985480836,1,0,0,0,5,5,5,5,5,0,0,0,0,0,0,0,0,0,0,0
2031,Nova Scotia,Cybersecurity Focus,83195.59632033521,10893.168706599881,13251.10224566872,24144.270952268602,SOC Level 2 Analyst,59051.32536806661,22728.604294826604,22728.604294826604,0.0,16846.916625000005,11129.03111328,8346.77333496,0.0,36322.721073240005,22728.604294826604,70720.56586080177,76233.32753863324,82359.9375243746,105096.34410607748,2,0,0,0,6,6,6,6,6,0,0,0,0,0,0,0,0,0,0,0
2032,Nova Scotia,Cybersecurity Focus,87405.29349414419,11594.925225473837,14114.09016629956,25709.0153917734,SOC Level 2 Analyst,61696.278102370794,23946.937064433587,23946.937064433587,0.0,17689.262456250006,11462.902046678402,8597.1765350088,0.0,37749.34103793721,23946.937064433587,98203.53121827544,107803.59735693016,118660.86521746438,160572.1844023343,3,0,0,0,7,7,7,7,7,0,0,0,0,0,0,0,0,0,0,0
2033,Nova Scotia,Cybersecurity Focus,91828.00134494787,12332.190624202809,15020.745275714315,27352.935899917124,SOC Level 2 Analyst,64475.06544503075,25239.458926830426,25239.458926830426,0.0,18573.725579062506,11806.789108078754,8855.091831059066,0.0,39235.60651820032,25239.458926830426,128353.16670601965,143823.4160194536,161699.45392691443,233983.29864986503,4,0,0,0,8,8,8,8,8,0,0,0,0,0,0,0,0,0,0,0
2034,Nova Scotia,Cybersecurity Focus,96474.49821300224,13106.761652107474,15973.277133665459,29080.038785772933,SOC Level 2 Analyst,67394.4594272293,26610.310201901717,26610.310201901717,0.0,19502.411858015632,12160.992781321118,9120.744585990838,0.0,40784.14922532759,26610.310201901717,161381.13524322235,184816.0678233007,212564.6822178533,330788.5984467263,5,0,0,0,9,9,9,9,9,0,0,0,0,0,0,0,0,0,0,0
2035,Nova Scotia,Cybersecurity Focus,101356.10782258015,13953.220568951527,16974.00710362893,30927.227672580455,SOC Level 2 Analyst,70428.88014999969,28031.158210751964,28031.158210751964,0.0,20477.532450916413,12525.82256476075,9394.366923570564,0.0,42397.72193924773,28031.158210751964,197481.35021613544,231328.83281638275,272480.5427612832,458056.3361914961,6,0,0,0,10,10,10,10,10,0,0,0,0,0,0,0,0,0,0,0
2036,Nova Scotia,Cybersecurity Focus,106484.7268784027,14850.728903720472,18025.374010072555,32876.10291379303,SOC Level 2 Analyst,73608.62396460967,29529.41971816618,29529.41971816618,0.0,21501.409073462233,12901.597241703574,9676.19793127768,0.0,44079.204246443485,29529.41971816618,236884.8374451084,283991.13581618725,342882.04389364185,625002.6567671112,7,0,0,0,11,11,11,11,11,0,0,0,0,0,0,0,0,0,0,0
2037,Nova Scotia,Cybersecurity Focus,129084.06237513447,18805.612615648533,23320.38621753496,42125.99883318349,Industrial Cybersecurity Analyst,86958.06354195098,41126.45498664494,41126.45498664494,0.0,22576.47952713535,13288.645158954681,9966.483869216012,0.0,45831.60855530604,41126.45498664494,289855.53430400876,353516.7043844509,435440.80546433304,853629.9087838895,7,0,0,0,12,12,11,11,11,0,0,0,0,1,0,1,0,1,1,1
2038,Nova Scotia,Cybersecurity Focus,135615.71593131626,19948.651987980345,25018.616142142226,44967.26813012257,Industrial Cybersecurity Analyst,90648.44780119369,42990.36139868576,42990.36139868576,0.0,23705.303503492116,13687.30451372332,10265.478385292492,0.0,47658.08640250793,42990.36139868576,347338.672417895,431858.7362215818,543747.2876826687,1152709.242817742,7,0,0,0,13,13,11,11,11,0,0,0,0,2,0,2,0,2,2,2
2039,Nova Scotia,Cybersecurity Focus,142477.87115744088,21149.529152552153,26802.77650093463,47952.30565348678,Industrial Cybersecurity Analyst,94525.5655039541,44963.63043930108,44963.63043930108,0.0,24890.56867866673,14097.923649135024,10573.442736851266,0.0,49561.93506465302,44963.63043930108,409669.23647809087,520008.2402830411,670273.0112743699,1543485.6461023658,7,0,0,0,14,14,11,11,11,0,0,0,0,3,0,3,0,3,3,3
2040,Nova Scotia,Cybersecurity Focus,149687.25143800737,22411.17070165129,28677.215373881918,51088.386075533206,Industrial Cybersecurity Analyst,98598.86536247417,47052.26087230824,47052.26087230824,0.0,26135.09711260006,14520.861358609072,10890.646018956806,0.0,51546.60449016593,47052.26087230824,477204.9591743036,619061.3251836535,817866.2238378336,2053583.6008053839,7,0,0,0,15,15,11,11,11,0,0,0,0,4,0,4,0,4,4,4
2041,Nova Scotia,Cybersecurity Focus,157261.42636077057,23741.461235761817,30646.500853800346,54387.96208956216,Industrial Cybersecurity Analyst,102873.4642712084,49257.75970408548,49257.75970408548,0.0,27441.85196823007,14956.487199367346,11217.365399525508,0.0,53615.70456712292,49257.75970408548,550322.9668371043,730225.2174061044,989803.9171175942,2718916.4407510846,7,0,0,0,16,16,11,11,11,0,0,0,0,5,0,5,0,5,5,5
2042,Nova Scotia,Cybersecurity Focus,165218.85453462554,25412.52115227136,32715.43217900264,58127.953331274,Industrial Cybersecurity Analyst,107090.90120335153,51317.88845985032,51317.88845985032,0.0,28813.94456664157,15405.181815348365,11553.886361511275,0.0,55773.01274350121,51317.88845985032,629157.0036388099,854565.6276065652,1189592.3931450834,3585909.2614362603,7,0,0,0,17,17,11,11,11,0,0,0,0,6,0,6,0,6,6,6
2043,Nova Scotia,Cybersecurity Focus,173578.92857407758,27168.13670055629,34889.05142926017,62057.188129816466,Industrial Cybersecurity Analyst,111521.74044426112,53499.25842712204,53499.25842712204,0.0,30254.64179497365,15867.337269808817,11900.502952356612,0.0,58022.482017139075,53499.25842712204,714114.1122478724,993521.4487943439,1421530.510543968,4715181.29829426,7,0,0,0,18,18,11,11,11,0,0,0,0,7,0,7,0,7,7,7
2044,Nova Scotia,Cybersecurity Focus,182362.0223599259,29012.58639558444,37200.31648437851,66212.90287996296,Industrial Cybersecurity Analyst,116149.11947996294,55780.87016641021,55780.87016641021,0.0,31767.373884722332,16343.357387903085,12257.518040927313,0.0,60368.24931355273,55780.87016641021,805600.6880266763,1148654.4638401885,1690540.9572919733,6185516.557948948,7,0,0,0,19,19,11,11,11,0,0,0,0,8,0,8,0,8,8,8
2045,Nova Scotia,Cybersecurity Focus,191589.54069133816,30950.365245181012,39876.29680048807,70826.66204566907,Industrial Cybersecurity Analyst,120762.87864566909,57948.23437501532,57948.23437501532,0.0,33355.74257895845,16833.658109540178,12625.24358215513,0.0,62814.644270653764,57948.23437501532,903828.9568030256,1321468.1445992228,2002070.3352607845,8099119.759708648,7,0,0,0,20,20,11,11,11,0,0,0,0,9,0,9,0,9,9,9
2046,Nova Scotia,Cybersecurity Focus,201283.97145031986,32986.19570456717,42687.68172059276,75673.87742515994,Industrial Cybersecurity Analyst,125610.09402515992,60243.89557480738,60243.89557480738,0.0,35023.529707906375,17338.66785282638,13004.000889619787,0.0,65366.198450352545,60243.89557480738,1009264.3002179842,1513858.8546339527,2362624.781124709,10589099.58319605,7,0,0,0,21,21,11,11,11,0,0,0,0,10,0,10,0,10,10,10
2047,Nova Scotia,Cybersecurity Focus,211468.94040570606,35125.03918519827,45641.32271765476,80766.36190285304,Industrial Cybersecurity Analyst,130702.57850285302,62674.92350483178,62674.92350483178,0.0,36774.706193301696,17858.82788841117,13394.120916308379,0.0,68027.65499802124,62674.92350483178,1122402.4387337153,1727919.6636021798,2779693.421798247,13828504.381659696,7,0,0,0,22,22,11,11,11,0,0,0,0,11,0,11,0,11,11,11
2048,Nova Scotia,Cybersecurity Focus,222169.26879023478,37372.1081459493,48744.417949168084,86116.52609511738,Industrial Cybersecurity Analyst,136052.7426951174,65248.76392328947,65248.76392328947,0.0,38613.44150296678,18394.59272506351,13795.944543797632,0.0,70803.97877182793,65248.76392328947,1243771.3245936907,1965960.3938856875,3261896.198991273,18042304.460080896,7,0,0,0,23,23,11,11,11,0,0,0,0,12,0,12,0,12,12,12
2049,Nova Scotia,Cybersecurity Focus,233411.03379102063,39732.87879611433,52004.52979939598,91737.40859551032,Industrial Cybersecurity Analyst,141673.6251955103,67973.2582304682,67973.2582304682,0.0,40544.113578115124,18946.430506815414,14209.822880111562,0.0,73700.3669650421,67973.2582304682,1373933.1490538435,2230529.691504725,3819153.887070432,23522969.05633563,7,0,0,0,24,24,11,11,11,0,0,0,0,13,0,13,0,13,13,13
2050,Nova Scotia,Cybersecurity Focus,245221.63210084627,42213.10444117771,55429.603309245416,97642.70775042313,Industrial Cybersecurity Analyst,147578.92435042316,70856.6641048675,70856.6641048675,0.0,42571.31925702088,19514.82342201988,14636.11756651491,0.0,76722.26024555566,70856.6641048675,1513486.4706114032,2524439.3247600654,4462883.634235864,30650716.43734119,7,0,0,0,25,25,11,11,11,0,0,0,0,14,0,14,0,14,14,14
2051,Nova Scotia,Cybersecurity Focus,257629.8466851491,44818.82950388131,59027.98553869323,103846.81504257454,Industrial Cybersecurity Analyst,153783.03164257456,73907.6772045118,73907.6772045118,0.0,44699.885219871925,20100.268124680475,15075.201093510357,0.0,79875.35443806276,73907.6772045118,1663068.4713464852,2850790.934440584,5206223.8565757545,39919839.04574806,7,0,0,0,26,26,11,11,11,0,0,0,0,15,0,15,0,15,15,15
2052,Nova Scotia,Cybersecurity Focus,270665.9169274176,47556.4042547577,63295.802586047816,110852.2068408055,Industrial Cybersecurity Analyst,159813.71008661212,76648.09731101003,76648.09731101003,0.0,46934.87948086552,20703.276168420893,15527.457126315667,0.0,83165.61277560209,76648.09731101003,1822869.9922248197,3212518.1251956527,6063805.532373127,51972438.856783494,7,0,0,0,27,27,11,11,11,0,0,0,0,16,0,16,0,16,16,16
2053,Nova Scotia,Cybersecurity Focus,284361.6123239449,50432.50028802843,67815.38206690183,118247.88235493026,Industrial Cybersecurity Analyst,166113.72996901465,79514.45122052719,79514.45122052719,0.0,49281.6234549088,21324.374453473516,15993.28084010514,0.0,86599.27874848746,79514.45122052719,1993527.943056588,3613284.3889357457,7052890.813449622,67643684.96503907,7,0,0,0,28,28,11,11,11,0,0,0,0,17,0,17,0,17,17,17
2054,Nova Scotia,Cybersecurity Focus,298750.30990753655,53454.12678058267,72563.65226948707,126017.77905006974,Industrial Cybersecurity Analyst,172732.5308574668,82549.64127742653,82549.64127742653,0.0,51745.70462765425,21964.105687077725,16473.079265308294,0.0,90182.88958004027,82549.64127742653,2175753.981486844,4057162.469106747,8193374.076744491,88019340.09582824,7,0,0,0,29,29,11,11,11,0,0,0,0,18,0,18,0,18,18,18
2055,Nova Scotia,Cybersecurity Focus,313867.0755888579,56628.64757366015,77552.1849443231,134180.83251798325,Industrial Cybersecurity Analyst,179686.24307087463,85762.95271088005,85762.95271088005,0.0,54332.98985903697,22623.028857690057,16967.271643267544,0.0,93923.29035999457,85762.95271088005,2370304.6332720662,4548641.668728302,9508143.140967045,114510905.07728758,7,0,0,0,30,30,11,11,11,0,0,0,0,19,0,19,0,19,19,19
2056,Nova Scotia,Cybersecurity Focus,329748.7496136541,59963.79911886736,82793.13737250585,142756.93649137323,Industrial Cybersecurity Analyst,186991.81312228087,89164.16425430572,89164.16425430572,0.0,57049.63935198882,23301.719723420756,17476.289792565567,0.0,97827.64886797515,89164.16425430572,2577984.0291899755,5092669.999855439,11023528.776366407,148953340.76472816,7,0,0,0,31,31,11,11,11,0,0,0,0,20,0,20,0,20,20,20
2057,Nova Scotia,Cybersecurity Focus,346434.036344105,63467.70933226206,88299.28199355466,151766.99132581672,Industrial Cybersecurity Analyst,194667.0450182883,92763.57389723415,92763.57389723415,0.0,59902.121319588245,24000.771315123377,18000.578486342536,0.0,101903.47112105416,92763.57389723415,2799646.8045467087,5694700.573738217,12769821.6667186,193732106.56804386,7,0,0,0,32,32,11,11,11,0,0,0,0,21,0,21,0,21,21,21
2058,Nova Scotia,Cybersecurity Focus,363963.5985831167,67148.9174024545,94084.03753242851,161232.95493488302,Industrial Cybersecurity Analyst,202730.6436482337,96572.02596715614,96572.02596715614,0.0,62897.227385567676,24720.794454577084,18540.595840932812,0.0,106158.61768107757,96572.02596715614,3036201.1707412004,6360742.657079197,14781866.942693546,251948310.5644242,7,0,0,0,33,33,11,11,11,0,0,0,0,22,0,22,0,22,22,22
2059,Nova Scotia,Cybersecurity Focus,382380.1566714224,71016.3946009987,100161.5017015694,171177.8963025681,Industrial Cybersecurity Analyst,211202.26036885433,100600.93960963309,100600.93960963309,0.0,66042.08875484605,25462.418288214398,19096.813716160796,0.0,110601.32075922124,100600.93960963309,3288612.1688878937,7097417.86239675,17099747.92370721,327633404.6733611,7,0,0,0,34,34,11,11,11,0,0,0,0,23,0,23,0,23,23,23
2060,Nova Scotia,Cybersecurity Focus,401728.59259899636,75079.56614578923,106546.4855576688,181626.051703458,Industrial Cybersecurity Analyst,220102.54089553835,104862.33873844355,104862.33873844355,0.0,69344.19319258835,26226.290836860826,19669.718127645618,0.0,115240.2021570948,104862.33873844355,3557905.116070732,7912021.987374868,19769572.451001734,426028288.4141079,7,0,0,0,35,35,11,11,11,0,0,0,0,24,0,24,0,24,24,24
2061,Nova Scotia,Cybersecurity Focus,422056.05938450556,79348.33417074617,113254.54959688683,192602.883767633,Industrial Cybersecurity Analyst,229453.17561687256,109368.88353121313,109368.88353121313,0.0,72811.40285221778,27013.079561966653,20259.80967147499,0.0,120084.29208565943,109368.88353121313,3845169.255405482,8812593.069643568,22844377.202183206,553946143.8218715,7,0,0,0,36,36,11,11,11,0,0,0,0,25,0,25,0,25,25,25
2062,Nova Scotia,Cybersecurity Focus,443412.0959893615,83833.10185776593,120302.04167648932,204135.14353425524,Industrial Cybersecurity Analyst,239276.95245510628,114133.9035498327,114133.9035498327,0.0,76451.97299482868,27823.471948825652,20867.603961619243,0.0,125143.04890527358,114133.9035498327,4151561.621725589,9807986.28015776,26385167.686060514,720244120.8719828,7,0,0,0,37,37,11,11,11,0,0,0,0,26,0,26,0,26,26,26
2063,Nova Scotia,Cybersecurity Focus,465848.74804642325,88544.79878974888,127706.13685531968,216250.93564506856,Industrial Cybersecurity Analyst,249597.8124013547,119171.43256902634,119171.43256902634,0.0,80274.57164457011,28658.176107290426,21493.632080467818,0.0,130426.37983232836,119171.43256902634,4478311.135380895,10907956.340742564,30462114.271538615,936436528.5661467,7,0,0,0,38,38,11,11,11,0,0,0,0,27,0,27,0,27,27,27
2064,Nova Scotia,Cybersecurity Focus,489420.69469757227,93494.90758649017,135484.87925019884,228979.786836689,Industrial Cybersecurity Analyst,260440.90786088328,124496.24520069367,124496.24520069367,0.0,84288.30022679863,29517.92139050914,22138.441042881856,0.0,135944.6626601896,124496.24520069367,4826722.937350634,12123248.220017515,35155927.6574701,1217491983.3811915,7,0,0,0,39,39,11,11,11,0,0,0,0,28,0,28,0,28,28,28
2065,Nova Scotia,Cybersecurity Focus,514185.3818492694,98695.49188834657,143657.2260102589,242352.71789860545,Industrial Cybersecurity Analyst,271832.66395066393,130123.89540613265,130123.89540613265,0.0,88502.71523813855,30403.459032224415,22802.59427416831,0.0,141708.76854453128,130123.89540613265,5198182.979624298,13465696.937425401,40559440.70149674,1582869702.2909553,7,0,0,0,40,40,11,11,11,0,0,0,0,29,0,29,0,29,29,29
2066,Nova Scotia,Cybersecurity Focus,540203.1621708424,104159.2257558769,152243.093516378,256402.31927225488,Industrial Cybersecurity Analyst,283800.8428985875,136070.75699295753,136070.75699295753,0.0,92927.85100004548,31315.562803191147,23486.67210239336,0.0,147730.08590563,136070.75699295753,5594162.885598471,14948337.3881609,46779427.563714206,2057866683.735235,7,0,0,0,41,41,11,11,11,0,0,0,0,30,0,30,0,30,30,30
2067,Nova Scotia,Cybersecurity Focus,567537.4421766871,109899.42455710428,161263.40591830673,271162.830475411,Industrial Cybersecurity Analyst,296374.61170127604,142354.06619847624,142354.06619847624,0.0,97574.24355004776,32255.02968728688,24191.272265465162,0.0,154020.5455027998,142354.06619847624,6016225.096076872,16585525.193175467,53938695.76446981,2675369042.9220037,7,0,0,0,42,42,11,11,11,0,0,0,0,31,0,31,0,31,31,31
2068,Nova Scotia,Cybersecurity Focus,596254.8367508274,115930.07741767375,170740.14612777304,286670.22354544676,Industrial Cybersecurity Analyst,309584.6132053806,148991.96646649585,148991.96646649585,0.0,102452.95572755016,33222.680577905485,24917.010433429117,0.0,160592.64673888477,148991.96646649585,6466028.317347212,18393069.67895951,62178492.095606774,3478128747.7650714,7,0,0,0,43,43,11,11,11,0,0,0,0,32,0,32,0,32,32,32
2069,Nova Scotia,Cybersecurity Focus,626425.3314904192,122265.88131298803,180696.40939183836,302962.29070482636,Industrial Cybersecurity Analyst,323463.04078559286,156003.55552999055,156003.55552999055,0.0,107575.60351392766,34219.36099524265,25664.52074643199,0.0,167459.4852556023,156003.55552999055,6945333.288744563,20388380.20238545,71661269.46547778,4521723375.650123,7,0,0,0,44,44,11,11,11,0,0,0,0,33,0,33,0,33,33,33
2070,Nova Scotia,Cybersecurity Focus,658122.4532638345,128922.27688540523,191156.45957706537,320078.7364624706,Industrial Cybersecurity Analyst,338043.71680136386,163408.9349178149,163408.9349178149,0.0,112954.38368962405,35245.94182509994,26434.456368824955,0.0,174634.78188354895,163408.9349178149,7456008.888099607,22590627.157541815,82573868.82021725,5878403797.280077,7,0,0,0,45,45,11,11,11,0,0,0,0,34,0,34,0,34,34,34
2071,Nova Scotia,Cybersecurity Focus,691423.4493989843,135915.48607378668,202145.7883016648,338061.2743754515,Industrial Cybersecurity Analyst,353362.1750235328,171229.26200968493,171229.26200968493,0.0,118602.10287410527,36303.320079852936,27227.490059889697,0.0,182132.9130138479,171229.26200968493,8000038.594514273,25020919.135305684,95131178.40525952,7642096165.7261095,7,0,0,0,46,46,11,11,11,0,0,0,0,35,0,35,0,35,35,35
2072,Nova Scotia,Cybersecurity Focus,726409.4759385731,143262.55164710036,213691.17705972912,356953.7287068295,Industrial Cybersecurity Analyst,369455.74723174365,179486.80476999818,179486.80476999818,0.0,124532.20801781054,37392.419682248525,28044.314761686393,0.0,189968.94246174546,179486.80476999818,8579527.329009986,27702497.85360625,109580341.97081843,9934904502.248713,7,0,0,0,47,47,11,11,11,0,0,0,0,36,0,36,0,36,36,36
2073,Nova Scotia,Cybersecurity Focus,763165.7954210648,150981.3787384236,225820.76248895138,376802.141227375,Industrial Cybersecurity Analyst,386363.6541936898,188204.9992977358,188204.9992977358,0.0,130758.81841870106,38514.192272715976,28885.644204536984,0.0,198158.654895954,188204.9992977358,9196708.694758222,30660952.63826461,126205598.26573892,12915564057.922625,7,0,0,0,48,48,11,11,11,0,0,0,0,37,0,37,0,37,37,37
2074,Nova Scotia,Cybersecurity Focus,801781.9846693706,159090.77848056782,238564.1049408923,397654.88342146017,Industrial Cybersecurity Analyst,404127.1012479104,197408.51033670374,197408.51033670374,0.0,137296.75933963613,39669.618040897454,29752.213530673096,0.0,206718.59091120667,197408.51033670374,9853952.639832838,33924456.41242778,145333846.51593643,16790430683.809748,7,0,0,0,49,49,11,11,11,0,0,0,0,38,0,38,0,38,38,38
2075,Nova Scotia,Cybersecurity Focus,842352.1530936408,167610.51384966457,251952.26052090147,419562.774370566,Industrial Cybersecurity Analyst,422789.3787230748,207123.2948977392,207123.2948977392,0.0,144161.59730661794,40859.70658212438,30644.779936593288,0.0,215666.0838253356,207123.2948977392,10553773.566722218,37524025.348568305,167341046.7882246,21827767012.24757,7,0,0,0,50,50,11,11,11,0,0,0,0,39,0,39,0,39,39,39
2026,Nova Scotia,I&C to Cybersecurity,15333.333333333334,1347.8000000000002,2146.666666666667,3494.466666666667,I&C Engineering Diploma,11838.866666666667,-24294.466666666667,0.0,0.0,13200.0,9600.0,7200.0,6133.333333333333,36133.333333333336,-24294.466666666667,0.0,0.0,0.0,0.0,0,0,0,0,0,0,0,0,0,0,0,0,0,1,1,1,1,1,0,1
2027,Nova Scotia,I&C to Cybersecurity,15333.333333333334,1347.8000000000002,2146.666666666667,3494.466666666667,I&C Engineering Diploma,11838.866666666667,-25458.466666666667,0.0,0.0,13860.0,9888.0,7416.0,6133.333333333333,37297.333333333336,-25458.466666666667,0.0,0.0,0.0,0.0,0,0,0,0,0,0,0,0,0,0,0,0,0,2,2,2,2,2,0,2
2028,Nova Scotia,I&C to Cybersecurity,15333.333333333334,1347.8000000000002,2146.666666666667,3494.466666666667,I&C Engineering Diploma,11838.866666666667,-26670.586666666662,0.0,0.0,14553.0,10184.64,7638.48,6133.333333333333,38509.45333333333,-26670.586666666662,0.0,0.0,0.0,0.0,0,0,0,0,0,0,0,0,0,0,0,0,0,3,3,3,3,3,0,3
2029,Nova Scotia,I&C to Cybersecurity,47748.58702848,5229.12176075776,6684.8021839872,11913.92394474496,Instrumentation & Control Tech (Apprentice),35834.66308373504,2196.1994837350358,2196.1994837350358,0.0,15280.650000000001,10490.1792,7867.634400000001,0.0,33638.4636,2196.1994837350358,2196.1994837350358,2196.1994837350358,2196.1994837350358,2196.1994837350358,0,0,0,0,0,0,0,0,0,0,0,0,0,4,4,4,4,3,0,3
2030,Nova Scotia,I&C to Cybersecurity,50651.70111981158,5663.137317411831,7091.238156773622,12754.375474185454,Instrumentation & Control Tech (Apprentice),37897.32564562613,2944.095137626122,2944.095137626122,0.0,16044.682500000003,10804.884576000002,8103.663432000001,0.0,34953.23050800001,2944.095137626122,5250.104595547909,5359.914569734661,5469.724543921413,5799.154466481668,0,0,0,0,0,0,0,0,0,0,0,0,0,5,5,5,5,3,0,3
2031,Nova Scotia,I&C to Cybersecurity,53731.324547896125,6123.541019910471,7522.385436705458,13645.926456615929,Instrumentation & Control Tech (Apprentice),40085.39809128019,3762.6770180401872,3762.6770180401872,0.0,16846.916625000005,11129.03111328,8346.77333496,0.0,36322.721073240005,3762.6770180401872,9275.286843365491,9658.583044748315,10052.86024354981,11301.577824466356,0,0,0,0,0,0,0,0,0,0,0,0,0,6,6,6,6,3,0,3
2032,Nova Scotia,I&C to Cybersecurity,56998.1890804082,6611.937267521025,7979.746471257149,14591.683738778174,Instrumentation & Control Tech (Apprentice),42406.50534163002,4657.164303692814,4657.164303692814,0.0,17689.262456250006,11462.902046678402,8597.1765350088,0.0,37749.34103793721,4657.164303692814,14396.21548922658,15281.605652915961,16217.953583775095,19349.215475499077,0,0,0,0,0,0,0,0,0,0,0,0,0,7,7,7,7,3,0,3
2033,Nova Scotia,I&C to Cybersecurity,60463.67897649702,7130.028006986305,8591.059190181892,15721.087197168195,Instrumentation & Control Tech (Apprentice),44742.591779328824,5506.985261128502,5506.985261128502,0.0,18573.725579062506,11806.789108078754,8855.091831059066,0.0,39235.60651820032,5506.985261128502,20623.011524816415,22316.75147933606,24157.63188246986,30660.965379277302,0,0,0,0,0,0,0,0,0,0,0,0,0,8,8,8,8,3,0,3
2034,Nova Scotia,I&C to Cybersecurity,99928.72292954853,13703.428212670993,16681.39320055745,30384.82141322844,Instrumentation & Control Tech (Red Seal),69543.9015163201,28759.75229099251,28759.75229099251,0.0,19502.411858015632,12160.992781321118,9120.744585990838,0.0,40784.14922532759,28759.75229099251,50413.914392049744,53308.17891826218,56541.02895583285,68619.007284053,0,0,0,0,0,0,0,0,0,0,0,0,0,9,9,9,9,3,0,3
2035,Nova Scotia,I&C to Cybersecurity,104475.47982284299,14499.110668997524,17613.478363682814,32112.58903268034,Instrumentation & Control Tech (Red Seal),72362.89079016265,29965.168850914924,29965.168850914924,0.0,20477.532450916413,12525.82256476075,9394.366923570564,0.0,42397.72193924773,29965.168850914924,82899.77896256716,88604.16566100332,94987.3521501227,119169.87832018384,0,0,0,0,0,0,0,0,0,0,0,0,0,10,10,10,10,3,0,3
2036,Nova Scotia,I&C to Cybersecurity,109229.11415478232,15330.996677086907,18587.973401730378,33918.970078817285,Instrumentation & Control Tech (Red Seal),75310.14407596504,31230.939829521558,31230.939829521558,0.0,21501.409073462233,12901.597241703574,9676.19793127768,0.0,44079.204246443485,31230.939829521558,118275.70774021707,128695.52205662522,140466.39480216266,186151.78164576055,0,0,0,0,0,0,0,0,0,0,0,0,0,11,11,11,11,3,0,3
2037,Nova Scotia,I&C to Cybersecurity,114199.0388488249,16200.733498544358,19606.807964009105,35807.54146255346,Instrumentation & Control Tech (Red Seal),78391.49738627144,32559.8888309654,32559.8888309654,0.0,22576.47952713535,13288.645158954681,9966.483869216012,0.0,45831.60855530604,32559.8888309654,156749.38195819332,174124.96309325314,194096.24285345245,274557.2049704541,0,0,0,0,0,0,0,0,0,0,0,0,0,12,12,12,12,3,0,3
2038,Nova Scotia,I&C to Cybersecurity,119395.09511644642,17110.043345378122,20801.25473027607,37911.298075654195,Instrumentation & Control Tech (Red Seal),81483.79704079223,33825.7106382843,33825.7106382843,0.0,23705.303503492116,13687.30451372332,10265.478385292492,0.0,47658.08640250793,33825.7106382843,198412.5616943873,225363.17004086278,257036.3899197546,390750.0770998746,0,0,0,0,0,0,0,0,0,0,0,0,0,13,13,13,13,3,0,3
2039,Nova Scotia,I&C to Cybersecurity,124827.57194424473,18060.72679024283,22213.69870550363,40274.42549574646,Instrumentation & Control Tech (Red Seal),84553.14644849827,34991.21138384525,34991.21138384525,0.0,24890.56867866673,14097.923649135024,10573.442736851266,0.0,49561.93506465302,34991.21138384525,243324.40116295192,282890.69842879433,330583.059791563,542966.3116136822,0,0,0,0,0,0,0,0,0,0,0,0,0,14,14,14,14,3,0,3
2040,Nova Scotia,I&C to Cybersecurity,130507.22646770783,19054.66633184887,23690.40888160404,42745.07521345291,Instrumentation & Control Tech (Red Seal),87762.15125425492,36215.546764088984,36215.546764088984,0.0,26135.09711260006,14520.861358609072,10890.646018956806,0.0,51546.60449016593,36215.546764088984,291706.16798518854,347395.3150357628,416386.0655243864,742071.7518618759,0,0,0,0,0,0,0,0,0,0,0,0,0,15,15,15,15,3,0,3
2041,Nova Scotia,I&C to Cybersecurity,136445.30527198853,20093.830122597992,25234.30937071702,45328.139493315015,Instrumentation & Control Tech (Red Seal),91117.16577867352,37501.461211550595,37501.461211550595,0.0,27441.85196823007,14956.487199367346,11217.365399525508,0.0,53615.70456712292,37501.461211550595,343792.9375959986,419636.3077508897,516345.4365645949,1002194.7386319893,0,0,0,0,0,0,0,0,0,0,0,0,0,16,16,16,16,3,0,3
2042,Nova Scotia,I&C to Cybersecurity,142653.566661864,21180.2758658262,26848.45733208464,48028.73319791084,Instrumentation & Control Tech (Red Seal),94624.83346395315,38851.82072045194,38851.82072045194,0.0,28813.94456664157,15405.181815348365,11553.886361511275,0.0,55773.01274350121,38851.82072045194,399834.4051962505,500451.75924643065,632649.0727697359,1341704.9809420381,0,0,0,0,0,0,0,0,0,0,0,0,0,17,17,17,17,3,0,3
2043,Nova Scotia,I&C to Cybersecurity,149144.3039449788,22316.15489037129,28536.04902569449,50852.20391606578,Instrumentation & Control Tech (Red Seal),98292.10002891303,40269.61801177396,40269.61801177396,0.0,30254.64179497365,15867.337269808817,11900.502952356612,0.0,58022.482017139075,40269.61801177396,460095.743467837,590766.5531828477,767816.0516969702,1784486.0932364236,0,0,0,0,0,0,0,0,0,0,0,0,0,18,18,18,18,3,0,3
2044,Nova Scotia,I&C to Cybersecurity,155930.36977447532,23503.71641053318,30300.426141363583,53804.14255189676,Instrumentation & Control Tech (Red Seal),102126.22722257856,41757.97790902582,41757.97790902582,0.0,31767.373884722332,16343.357387903085,12257.518040927313,0.0,60368.24931355273,41757.97790902582,524858.5085502546,691601.1864101584,924746.4373605415,2361589.8991163764,0,0,0,0,0,0,0,0,0,0,0,0,0,19,19,19,19,3,0,3
2045,Nova Scotia,I&C to Cybersecurity,191589.54069133816,30950.365245181012,39876.29680048807,70826.66204566907,Industrial Cybersecurity Analyst,120762.87864566909,57948.23437501532,57948.23437501532,0.0,33355.74257895845,16833.658109540178,12625.24358215513,0.0,62814.644270653764,57948.23437501532,609049.6683527827,818709.5394261897,1121406.637339638,3128015.103226305,0,0,0,0,1,1,0,0,0,0,0,0,0,20,19,20,19,4,1,4
2046,Nova Scotia,I&C to Cybersecurity,201283.97145031986,32986.19570456717,42687.68172059276,75673.87742515994,Industrial Cybersecurity Analyst,125610.09402515992,60243.89557480738,60243.89557480738,0.0,35023.529707906375,17338.66785282638,13004.000889619787,0.0,65366.198450352545,60243.89557480738,699746.0473452293,960824.3889436162,1349861.528515391,4126663.529769004,0,0,0,0,2,2,0,0,0,0,0,0,0,21,19,21,19,5,2,5
2047,Nova Scotia,I&C to Cybersecurity,211468.94040570606,35125.03918519827,45641.32271765476,80766.36190285304,Industrial Cybersecurity Analyst,130702.57850285302,62674.92350483178,62674.92350483178,0.0,36774.706193301696,17858.82788841117,13394.120916308379,0.0,68027.65499802124,62674.92350483178,797408.2732173225,1119581.7513428095,1615015.6812975314,5427337.512204537,0,0,0,0,3,3,0,0,0,0,0,0,0,22,19,22,19,6,3,6
2048,Nova Scotia,I&C to Cybersecurity,222169.26879023478,37372.1081459493,48744.417949168084,86116.52609511738,Industrial Cybersecurity Analyst,136052.7426951174,65248.76392328947,65248.76392328947,0.0,38613.44150296678,18394.59272506351,13795.944543797632,0.0,70803.97877182793,65248.76392328947,902527.4508014782,1296788.6904003802,1922516.7974154504,7120787.529789188,0,0,0,0,4,4,0,0,0,0,0,0,0,23,19,23,19,7,4,7
2049,Nova Scotia,I&C to Cybersecurity,233411.03379102063,39732.87879611433,52004.52979939598,91737.40859551032,Industrial Cybersecurity Analyst,141673.6251955103,67973.2582304682,67973.2582304682,0.0,40544.113578115124,18946.430506815414,14209.822880111562,0.0,73700.3669650421,67973.2582304682,1015627.0815720204,1494440.8176708866,2278867.575258236,9324997.046956412,0,0,0,0,5,5,0,0,0,0,0,0,0,24,19,24,19,8,5,8
2050,Nova Scotia,I&C to Cybersecurity,245221.63210084627,42213.10444117771,55429.603309245416,97642.70775042313,Industrial Cybersecurity Analyst,147578.92435042316,70856.6641048675,70856.6641048675,0.0,42571.31925702088,19514.82342201988,14636.11756651491,0.0,76722.26024555566,70856.6641048675,1137265.099755489,1714741.5635428429,2691554.3756518383,12193352.825148204,0,0,0,0,6,6,0,0,0,0,0,0,0,25,19,25,19,9,6,9
2051,Nova Scotia,I&C to Cybersecurity,257629.8466851491,44818.82950388131,59027.98553869323,103846.81504257454,Industrial Cybersecurity Analyst,153783.03164257456,73907.6772045118,73907.6772045118,0.0,44699.885219871925,20100.268124680475,15075.201093510357,0.0,79875.35443806276,73907.6772045118,1268036.0319477753,1960123.397101639,3169195.209204125,15925266.349897178,0,0,0,0,7,7,0,0,0,0,0,0,0,26,19,26,19,10,7,10
2052,Nova Scotia,I&C to Cybersecurity,270665.9169274176,47556.4042547577,63295.802586047816,110852.2068408055,Industrial Cybersecurity Analyst,159813.71008661212,76648.09731101003,76648.09731101003,0.0,46934.87948086552,20703.276168420893,15527.457126315667,0.0,83165.61277560209,76648.09731101003,1408085.9308561743,2232783.8341228133,3721222.587895754,20779494.35217734,0,0,0,0,8,8,0,0,0,0,0,0,0,27,19,27,19,11,8,11
2053,Nova Scotia,I&C to Cybersecurity,284361.6123239449,50432.50028802843,67815.38206690183,118247.88235493026,Industrial Cybersecurity Analyst,166113.72996901465,79514.45122052719,79514.45122052719,0.0,49281.6234549088,21324.374453473516,15993.28084010514,0.0,86599.27874848746,79514.45122052719,1558004.6786195105,2535576.668755622,4358920.427300644,27092857.10905107,0,0,0,0,9,9,0,0,0,0,0,0,0,28,19,28,19,12,9,12
2054,Nova Scotia,I&C to Cybersecurity,298750.30990753655,53454.12678058267,72563.65226948707,126017.77905006974,Industrial Cybersecurity Analyst,172732.5308574668,82549.64127742653,82549.64127742653,0.0,51745.70462765425,21964.105687077725,16473.079265308294,0.0,90182.88958004027,82549.64127742653,1718454.5538279128,2871683.976908611,5095308.132673168,35303263.88304382,0,0,0,0,10,10,0,0,0,0,0,0,0,29,19,29,19,13,10,13
2055,Nova Scotia,I&C to Cybersecurity,313867.0755888579,56628.64757366015,77552.1849443231,134180.83251798325,Industrial Cybersecurity Analyst,179686.24307087463,85762.95271088005,85762.95271088005,0.0,54332.98985903697,22623.028857690057,16967.271643267544,0.0,93923.29035999457,85762.95271088005,1890140.2342301884,3244615.3273103526,5945367.305285023,45980006.00066785,0,0,0,0,11,11,0,0,0,0,0,0,0,30,19,30,19,14,11,14
2056,Nova Scotia,I&C to Cybersecurity,329748.7496136541,59963.79911886736,82793.13737250585,142756.93649137323,Industrial Cybersecurity Analyst,186991.81312228087,89164.16425430572,89164.16425430572,0.0,57049.63935198882,23301.719723420756,17476.289792565567,0.0,97827.64886797515,89164.16425430572,2073811.4101960035,3658241.024295694,6926336.565332081,59863171.96512251,0,0,0,0,12,12,0,0,0,0,0,0,0,31,19,31,19,15,12,15
2057,Nova Scotia,I&C to Cybersecurity,346434.036344105,63467.70933226206,88299.28199355466,151766.99132581672,Industrial Cybersecurity Analyst,194667.0450182883,92763.57389723415,92763.57389723415,0.0,59902.121319588245,24000.771315123377,18000.578486342536,0.0,101903.47112105416,92763.57389723415,2270265.554603038,4116828.700622498,8058050.624029127,77914887.1285565,0,0,0,0,13,13,0,0,0,0,0,0,0,32,19,32,19,16,13,16
2058,Nova Scotia,I&C to Cybersecurity,363963.5985831167,67148.9174024545,94084.03753242851,161232.95493488302,Industrial Cybersecurity Analyst,202730.6436482337,96572.02596715614,96572.02596715614,0.0,62897.227385567676,24720.794454577084,18540.595840932812,0.0,106158.61768107757,96572.02596715614,2480350.858300346,4625083.596651904,9363330.243600652,101385925.29309061,0,0,0,0,14,14,0,0,0,0,0,0,0,33,19,33,19,17,14,17
2059,Nova Scotia,I&C to Cybersecurity,382380.1566714224,71016.3946009987,100161.5017015694,171177.8963025681,Industrial Cybersecurity Analyst,211202.26036885433,100600.93960963309,100600.93960963309,0.0,66042.08875484605,25462.418288214398,19096.813716160796,0.0,110601.32075922124,100600.93960963309,2704969.3408249966,5188192.895926728,10868430.719750382,131902303.82062744,0,0,0,0,15,15,0,0,0,0,0,0,0,34,19,34,19,18,15,18
2060,Nova Scotia,I&C to Cybersecurity,401728.59259899636,75079.56614578923,106546.4855576688,181626.051703458,Industrial Cybersecurity Analyst,220102.54089553835,104862.33873844355,104862.33873844355,0.0,69344.19319258835,26226.290836860826,19669.718127645618,0.0,115240.2021570948,104862.33873844355,2945080.14660469,5811874.524257844,12603557.666451382,171577857.30555412,0,0,0,0,16,16,0,0,0,0,0,0,0,35,19,35,19,19,16,19
2061,Nova Scotia,I&C to Cybersecurity,422056.05938450556,79348.33417074617,113254.54959688683,192602.883767633,Industrial Cybersecurity Analyst,229453.17561687256,109368.88353121313,109368.88353121313,0.0,72811.40285221778,27013.079561966653,20259.80967147499,0.0,120084.29208565943,109368.88353121313,3201703.0374661377,6502430.8602148425,14603460.1999503,223160583.38075158,0,0,0,0,17,17,0,0,0,0,0,0,0,36,19,36,19,20,17,20
2062,Nova Scotia,I&C to Cybersecurity,443412.0959893615,83833.10185776593,120302.04167648932,204135.14353425524,Industrial Cybersecurity Analyst,239276.95245510628,114133.9035498327,114133.9035498327,0.0,76451.97299482868,27823.471948825652,20867.603961619243,0.0,125143.04890527358,114133.9035498327,3475922.0928892773,7266807.84978616,16908113.133492675,290222892.29852694,0,0,0,0,18,18,0,0,0,0,0,0,0,37,19,37,19,21,18,21
2063,Nova Scotia,I&C to Cybersecurity,465848.74804642325,88544.79878974888,127706.13685531968,216250.93564506856,Industrial Cybersecurity Analyst,249597.8124013547,119171.43256902634,119171.43256902634,0.0,80274.57164457011,28658.176107290426,21493.632080467818,0.0,130426.37983232836,119171.43256902634,3768889.6301027676,8112660.067333803,19563501.536085602,377408931.42065406,0,0,0,0,19,19,0,0,0,0,0,0,0,38,19,38,19,22,19,22
2064,Nova Scotia,I&C to Cybersecurity,489420.69469757227,93494.90758649017,135484.87925019884,228979.786836689,Industrial Cybersecurity Analyst,260440.90786088328,124496.24520069367,124496.24520069367,0.0,84288.30022679863,29517.92139050914,22138.441042881856,0.0,135944.6626601896,124496.24520069367,4081830.3568085996,9048422.319267876,22622523.011699133,490756107.09205097,0,0,0,0,20,20,0,0,0,0,0,0,0,39,19,39,19,23,20,23
2065,Nova Scotia,I&C to Cybersecurity,514185.3818492694,98695.49188834657,143657.2260102589,242352.71789860545,Industrial Cybersecurity Analyst,271832.66395066393,130123.89540613265,130123.89540613265,0.0,88502.71523813855,30403.459032224415,22802.59427416831,0.0,141708.76854453128,130123.89540613265,4416045.770055163,10083388.446600797,26146025.358860135,638113063.1150724,0,0,0,0,21,21,0,0,0,0,0,0,0,40,19,40,19,24,21,24
2066,Nova Scotia,I&C to Cybersecurity,540203.1621708424,104159.2257558769,152243.093516378,256402.31927225488,Industrial Cybersecurity Analyst,283800.8428985875,136070.75699295753,136070.75699295753,0.0,92927.85100004548,31315.562803191147,23486.67210239336,0.0,147730.08590563,136070.75699295753,4772918.815550879,11227798.048253834,30203999.91968211,829683052.8065871,0,0,0,0,22,22,0,0,0,0,0,0,0,41,19,41,19,25,22,25
2067,Nova Scotia,I&C to Cybersecurity,567537.4421766871,109899.42455710428,161263.40591830673,271162.830475411,Industrial Cybersecurity Analyst,296374.61170127604,142354.06619847624,142354.06619847624,0.0,97574.24355004776,32255.02968728688,24191.272265465162,0.0,154020.5455027998,142354.06619847624,5153918.822526899,12492931.919277694,34876953.9738329,1078730322.714762,0,0,0,0,23,23,0,0,0,0,0,0,0,42,19,42,19,26,23,26
2068,Nova Scotia,I&C to Cybersecurity,596254.8367508274,115930.07741767375,170740.14612777304,286670.22354544676,Industrial Cybersecurity Analyst,309584.6132053806,148991.96646649585,148991.96646649585,0.0,102452.95572755016,33222.680577905485,24917.010433429117,0.0,160592.64673888477,148991.96646649585,5560606.73011974,13891217.07767196,40257489.03637432,1402498411.495657,0,0,0,0,24,24,0,0,0,0,0,0,0,43,19,43,19,27,24,27
2069,Nova Scotia,I&C to Cybersecurity,626425.3314904192,122265.88131298803,180696.40939183836,302962.29070482636,Industrial Cybersecurity Analyst,323463.04078559286,156003.55552999055,156003.55552999055,0.0,107575.60351392766,34219.36099524265,25664.52074643199,0.0,167459.4852556023,156003.55552999055,5994640.622155718,15436342.340969149,46452115.947360456,1823403938.4998841,0,0,0,0,25,25,0,0,0,0,0,0,0,44,19,44,19,28,25,28
2070,Nova Scotia,I&C to Cybersecurity,658122.4532638345,128922.27688540523,191156.45957706537,320078.7364624706,Industrial Cybersecurity Analyst,338043.71680136386,163408.9349178149,163408.9349178149,0.0,112954.38368962405,35245.94182509994,26434.456368824955,0.0,174634.78188354895,163408.9349178149,6457781.588181319,17143385.50998388,53583342.27438234,2370588528.9847674,0,0,0,0,26,26,0,0,0,0,0,0,0,45,19,45,19,29,26,29
2071,Nova Scotia,I&C to Cybersecurity,691423.4493989843,135915.48607378668,202145.7883016648,338061.2743754515,Industrial Cybersecurity Analyst,353362.1750235328,171229.26200968493,171229.26200968493,0.0,118602.10287410527,36303.320079852936,27227.490059889697,0.0,182132.9130138479,171229.26200968493,6951899.92960007,19028953.322991952,61792072.87754937,3081936316.9422073,0,0,0,0,27,27,0,0,0,0,0,0,0,46,19,46,19,30,27,30
2072,Nova Scotia,I&C to Cybersecurity,726409.4759385731,143262.55164710036,213691.17705972912,356953.7287068295,Industrial Cybersecurity Analyst,369455.74723174365,179486.80476999818,179486.80476999818,0.0,124532.20801781054,37392.419682248525,28044.314761686393,0.0,189968.94246174546,179486.80476999818,7478981.730850073,21111335.460061144,71240370.61395177,4006696698.8296394,0,0,0,0,28,28,0,0,0,0,0,0,0,47,19,47,19,31,28,31
2073,Nova Scotia,I&C to Cybersecurity,763165.7954210648,150981.3787384236,225820.76248895138,376802.141227375,Industrial Cybersecurity Analyst,386363.6541936898,188204.9992977358,188204.9992977358,0.0,130758.81841870106,38514.192272715976,28885.644204536984,0.0,198158.654895954,188204.9992977358,8041135.816690313,23410674.005364995,82114631.20534226,5208893913.47783,0,0,0,0,29,29,0,0,0,0,0,0,0,48,19,48,19,32,29,32
2074,Nova Scotia,I&C to Cybersecurity,801781.9846693706,159090.77848056782,238564.1049408923,397654.88342146017,Industrial Cybersecurity Analyst,404127.1012479104,197408.51033670374,197408.51033670374,0.0,137296.75933963613,39669.618040897454,29752.213530673096,0.0,206718.59091120667,197408.51033670374,8640601.117861534,25949149.9162382,94629234.39648029,6771759496.031516,0,0,0,0,30,30,0,0,0,0,0,0,0,49,19,49,19,33,30,33
2075,Nova Scotia,I&C to Cybersecurity,842352.1530936408,167610.51384966457,251952.26052090147,419562.774370566,Industrial Cybersecurity Analyst,422789.3787230748,207123.2948977392,207123.2948977392,0.0,144161.59730661794,40859.70658212438,30644.779936593288,0.0,215666.0838253356,207123.2948977392,9279754.468652349,28751188.20275976,109030742.85085006,8803494468.135868,0,0,0,0,31,31,0,0,0,0,0,0,0,50,19,50,19,34,31,34
2026,Nova Scotia,Cybersecurity Focus with Education,39100.0,3936.1580000000004,5474.000000000001,9410.158000000001,Masters in Cybersecurity,29689.841999999997,-14110.158000000003,0.0,0.0,13200.0,9600.0,7200.0,13800.0,43800.0,-14110.158000000003,0.0,0.0,0.0,0.0,0,0,0,0,1,1,1,1,1,0,0,0,0,0,0,0,0,1,1,1
2027,Nova Scotia,Cybersecurity Focus with Education,39100.0,3936.1580000000004,5474.000000000001,9410.158000000001,Masters in Cybersecurity,29689.841999999997,-15274.158000000003,0.0,0.0,13860.0,9888.0,7416.0,13800.0,44964.0,-15274.158000000003,0.0,0.0,0.0,0.0,0,0,0,0,2,2,2,2,2,0,0,0,0,0,0,0,0,2,2,2
2028,Nova Scotia,Cybersecurity Focus with Education,39100.0,3936.1580000000004,5474.000000000001,9410.158000000001,Masters in Cybersecurity,29689.841999999997,-16486.278,0.0,0.0,14553.0,10184.64,7638.48,13800.0,46176.119999999995,-16486.278,0.0,0.0,0.0,0.0,0,0,0,0,3,3,3,3,3,0,0,0,0,0,0,0,0,3,3,3
2029,Nova Scotia,Cybersecurity Focus with Education,25300.0,2223.8700000000003,3542.0000000000005,5765.870000000001,PhD in Cybersecurity,19534.129999999997,-24454.333600000005,0.0,0.0,15280.650000000001,10490.1792,7867.634400000001,10350.0,43988.4636,-24454.333600000005,0.0,0.0,0.0,0.0,1,0,0,0,4,4,4,4,4,0,0,0,0,0,0,0,0,4,4,4
2030,Nova Scotia,Cybersecurity Focus with Education,25300.0,2223.8700000000003,3542.0000000000005,5765.870000000001,PhD in Cybersecurity,19534.129999999997,-25769.10050800001,0.0,0.0,16044.682500000003,10804.884576000002,8103.663432000001,10350.0,45303.23050800001,-25769.10050800001,0.0,0.0,0.0,0.0,2,0,0,0,5,5,5,5,5,0,0,0,0,0,0,0,0,5,5,5
2031,Nova Scotia,Cybersecurity Focus with Education,25300.0,2223.8700000000003,3542.0000000000005,5765.870000000001,PhD in Cybersecurity,19534.129999999997,-27138.591073240008,0.0,0.0,16846.916625000005,11129.03111328,8346.77333496,10350.0,46672.721073240005,-27138.591073240008,0.0,0.0,0.0,0.0,3,0,0,0,6,6,6,6,6,0,0,0,0,0,0,0,0,6,6,6
2032,Nova Scotia,Cybersecurity Focus with Education,61856.05385739435,7338.188051680455,8876.496040765842,16214.684092446296,SOC Level 1 Analyst,45641.36976494805,7892.028727010846,7892.028727010846,0.0,17689.262456250006,11462.902046678402,8597.1765350088,0.0,37749.34103793721,7892.028727010846,7892.028727010846,7892.028727010846,7892.028727010846,7892.028727010846,3,0,0,0,7,7,7,7,7,0,0,0,0,0,0,0,0,6,6,6
2033,Nova Scotia,Cybersecurity Focus with Education,64985.970182578494,7857.624029435835,9518.128887428593,17375.75291686443,SOC Level 1 Analyst,47610.21726571406,8374.61074751374,8374.61074751374,0.0,18573.725579062506,11806.789108078754,8855.091831059066,0.0,39235.60651820032,8374.61074751374,16661.240910875127,17055.84234722567,17450.44378357621,18634.248092627837,3,0,0,0,8,8,8,8,8,0,0,0,0,0,0,0,0,6,6,6
2034,Nova Scotia,Cybersecurity Focus with Education,68274.26027381697,8405.781987645289,10192.228356132478,18598.010343777765,SOC Level 1 Analyst,49676.2499300392,8892.100704711615,8892.100704711615,0.0,19502.411858015632,12160.992781321118,9120.744585990838,0.0,40784.14922532759,8892.100704711615,26386.4036611305,27653.527286659853,28960.111055824254,33116.6232251278,3,0,0,0,9,9,9,9,9,0,0,0,0,0,0,0,0,6,6,6
2035,Nova Scotia,Cybersecurity Focus with Education,71728.9378436721,8981.67673854014,10900.43725795278,19882.11399649292,SOC Level 1 Analyst,51846.823847179185,9449.101907931457,9449.101907931457,0.0,20477.532450916413,12525.82256476075,9394.366923570564,0.0,42397.72193924773,9449.101907931457,37154.825752118486,39867.9819232573,42753.22962212935,52500.71210059759,3,0,0,0,10,10,10,10,10,0,0,0,0,0,0,0,0,6,6,6
2036,Nova Scotia,Cybersecurity Focus with Education,106484.7268784027,14850.728903720472,18025.374010072555,32876.10291379303,SOC Level 2 Analyst,73608.62396460967,29529.41971816618,29529.41971816618,0.0,21501.409073462233,12901.597241703574,9676.19793127768,0.0,44079.204246443485,29529.41971816618,68541.98675789058,73384.19983374921,78695.63378361493,97780.34544894306,4,0,0,0,11,11,11,11,11,0,0,0,0,0,0,0,0,6,6,6
2037,Nova Scotia,Cybersecurity Focus with Education,111872.85405844987,15793.651160228728,19129.940081982226,34923.591242210954,SOC Level 2 Analyst,76949.26281623892,31117.654260932875,31117.654260932875,0.0,22576.47952713535,13288.645158954681,9966.483869216012,0.0,45831.60855530604,31117.654260932875,103086.74035671799,111840.27407805702,121617.63311209004,158232.10334455885,5,0,0,0,12,12,12,12,12,0,0,0,0,0,0,0,0,6,6,6
2038,Nova Scotia,Cybersecurity Focus with Education,117533.62047380743,16784.285282916302,20317.271323189932,37101.556606106235,SOC Level 2 Analyst,80432.06386770119,32773.97746519326,32773.97746519326,0.0,23705.303503492116,13687.30451372332,10265.478385292492,0.0,47658.08640250793,32773.97746519326,141015.05483974714,155798.27895105598,172634.25554409678,238475.71181311976,6,0,0,0,13,13,13,13,13,0,0,0,0,0,0,0,0,6,6,6
2039,Nova Scotia,Cybersecurity Focus with Education,123480.82166978209,17825.045492211866,21863.54363414334,39688.589126355204,SOC Level 2 Analyst,83792.23254342689,34230.297478773864,34230.297478773864,0.0,24890.56867866673,14097.923649135024,10573.442736851266,0.0,49561.93506465302,34230.297478773864,182296.10506050836,205608.40432493546,232759.69135448514,344248.72283582954,7,0,0,0,14,14,14,14,14,0,0,0,0,0,0,0,0,6,6,6
2040,Nova Scotia,Cybersecurity Focus with Education,129728.95124627306,18918.46816809779,23488.057324030997,42406.525492128785,SOC Level 2 Analyst,87322.42575414428,35775.821263978345,35775.821263978345,0.0,26135.09711260006,14520.861358609072,10890.646018956806,0.0,51546.60449016593,35775.821263978345,227186.73157751214,261945.06602140737,303449.4663216362,483299.16095055675,8,0,0,0,15,15,15,15,15,0,0,0,0,0,0,0,0,6,6,6
2041,Nova Scotia,Cybersecurity Focus with Education,136293.2361793345,20067.218031383534,25194.77140662697,45261.9894380105,SOC Level 2 Analyst,91031.246741324,37415.54217420107,37415.54217420107,0.0,27441.85196823007,14956.487199367346,11217.365399525508,0.0,53615.70456712292,37415.54217420107,275961.6103305888,325555.1147977492,386382.4284440827,665704.4514099249,9,0,0,0,16,16,16,16,16,0,0,0,0,0,0,0,0,6,6,6
2042,Nova Scotia,Cybersecurity Focus with Education,143189.6739300088,21274.094637751543,26987.84522180229,48261.93985955384,SOC Level 2 Analyst,94927.73407045497,39154.72132695376,39154.72132695376,0.0,28813.94456664157,15405.181815348365,11553.886361511275,0.0,55773.01274350121,39154.72132695376,328914.412174072,397265.3476044779,483494.5140376488,904570.5081598561,10,0,0,0,17,17,17,17,17,0,0,0,0,0,0,0,0,6,6,6
2043,Nova Scotia,Cybersecurity Focus with Education,173578.92857407758,27168.13670055629,34889.05142926017,62057.188129816466,Industrial Cybersecurity Analyst,111521.74044426112,53499.25842712204,53499.25842712204,0.0,30254.64179497365,15867.337269808817,11900.502952356612,0.0,58022.482017139075,53499.25842712204,398859.39120989764,490491.1407920477,609517.9495704181,1229440.919034935,10,0,0,0,18,18,17,17,17,0,0,0,0,1,0,1,0,7,7,7
2044,Nova Scotia,Cybersecurity Focus with Education,182362.0223599259,29012.58639558444,37200.31648437851,66212.90287996296,Industrial Cybersecurity Analyst,116149.11947996294,55780.87016641021,55780.87016641021,0.0,31767.373884722332,16343.357387903085,12257.518040927313,0.0,60368.24931355273,55780.87016641021,474583.23093680275,595321.1250376628,756726.5121723909,1654054.0649118258,10,0,0,0,19,19,17,17,17,0,0,0,0,2,0,2,0,8,8,8
2045,Nova Scotia,Cybersecurity Focus with Education,191589.54069133816,30950.365245181012,39876.29680048807,70826.66204566907,Industrial Cybersecurity Analyst,120762.87864566909,57948.23437501532,57948.23437501532,0.0,33355.74257895845,16833.658109540178,12625.24358215513,0.0,62814.644270653764,57948.23437501532,556260.6268586583,712801.4719164445,928183.7233732649,2208218.518760389,10,0,0,0,20,20,17,17,17,0,0,0,0,3,0,3,0,9,9,9
2046,Nova Scotia,Cybersecurity Focus with Education,201283.97145031986,32986.19570456717,42687.68172059276,75673.87742515994,Industrial Cybersecurity Analyst,125610.09402515992,60243.89557480738,60243.89557480738,0.0,35023.529707906375,17338.66785282638,13004.000889619787,0.0,65366.198450352545,60243.89557480738,644317.5537763987,844325.5146828964,1127655.177454062,2930927.969963313,10,0,0,0,21,21,17,17,17,0,0,0,0,4,0,4,0,10,10,10
2047,Nova Scotia,Cybersecurity Focus with Education,211468.94040570606,35125.03918519827,45641.32271765476,80766.36190285304,Industrial Cybersecurity Analyst,130702.57850285302,62674.92350483178,62674.92350483178,0.0,36774.706193301696,17858.82788841117,13394.120916308379,0.0,68027.65499802124,62674.92350483178,739208.3549700504,991432.9896560179,1359478.377577003,3872881.2844571387,10,0,0,0,22,22,17,17,17,0,0,0,0,5,0,5,0,11,11,11
2048,Nova Scotia,Cybersecurity Focus with Education,222169.26879023478,37372.1081459493,48744.417949168084,86116.52609511738,Industrial Cybersecurity Analyst,136052.7426951174,65248.76392328947,65248.76392328947,0.0,38613.44150296678,18394.59272506351,13795.944543797632,0.0,70803.97877182793,65248.76392328947,841417.5366418425,1155825.0525449093,1628648.898136843,5099994.433717569,10,0,0,0,23,23,17,17,17,0,0,0,0,6,0,6,0,12,12,12
2049,Nova Scotia,Cybersecurity Focus with Education,233411.03379102063,39732.87879611433,52004.52979939598,91737.40859551032,Industrial Cybersecurity Analyst,141673.6251955103,67973.2582304682,67973.2582304682,0.0,40544.113578115124,18946.430506815414,14209.822880111562,0.0,73700.3669650421,67973.2582304682,951461.6717044029,1339380.8160298686,1940919.4910878376,6697966.022063308,10,0,0,0,24,24,17,17,17,0,0,0,0,7,0,7,0,13,13,13
2050,Nova Scotia,Cybersecurity Focus with Education,245221.63210084627,42213.10444117771,55429.603309245416,97642.70775042313,Industrial Cybersecurity Analyst,147578.92435042316,70856.6641048675,70856.6641048675,0.0,42571.31925702088,19514.82342201988,14636.11756651491,0.0,76722.26024555566,70856.6641048675,1069891.4193944905,1544175.561737723,2302914.0788558805,8778212.49278717,10,0,0,0,25,25,17,17,17,0,0,0,0,8,0,8,0,14,14,14
2051,Nova Scotia,Cybersecurity Focus with Education,257629.8466851491,44818.82950388131,59027.98553869323,103846.81504257454,Industrial Cybersecurity Analyst,153783.03164257456,73907.6772045118,73907.6772045118,0.0,44699.885219871925,20100.268124680475,15075.201093510357,0.0,79875.35443806276,73907.6772045118,1197293.667568727,1772500.795116007,2722258.867888774,11485583.917827833,10,0,0,0,26,26,17,17,17,0,0,0,0,9,0,9,0,15,15,15
2052,Nova Scotia,Cybersecurity Focus with Education,270665.9169274176,47556.4042547577,63295.802586047816,110852.2068408055,Industrial Cybersecurity Analyst,159813.71008661212,76648.09731101003,76648.09731101003,0.0,46934.87948086552,20703.276168420893,15527.457126315667,0.0,83165.61277560209,76648.09731101003,1333806.4482581734,2026398.971938618,3207245.7953831,15007907.190487195,10,0,0,0,27,27,17,17,17,0,0,0,0,10,0,10,0,16,16,16
2053,Nova Scotia,Cybersecurity Focus with Education,284361.6123239449,50432.50028802843,67815.38206690183,118247.88235493026,Industrial Cybersecurity Analyst,166113.72996901465,79514.45122052719,79514.45122052719,0.0,49281.6234549088,21324.374453473516,15993.28084010514,0.0,86599.27874848746,79514.45122052719,1480011.2218916095,2308553.3203530074,3767847.115911092,19589793.79885388,10,0,0,0,28,28,17,17,17,0,0,0,0,11,0,11,0,17,17,17
2054,Nova Scotia,Cybersecurity Focus with Education,298750.30990753655,53454.12678058267,72563.65226948707,126017.77905006974,Industrial Cybersecurity Analyst,172732.5308574668,82549.64127742653,82549.64127742653,0.0,51745.70462765425,21964.105687077725,16473.079265308294,0.0,90182.88958004027,82549.64127742653,1636561.4242636166,2621958.2936657346,4415573.824575182,25549281.57978747,10,0,0,0,29,29,17,17,17,0,0,0,0,12,0,12,0,18,18,18
2055,Nova Scotia,Cybersecurity Focus with Education,313867.0755888579,56628.64757366015,77552.1849443231,134180.83251798325,Industrial Cybersecurity Analyst,179686.24307087463,85762.95271088005,85762.95271088005,0.0,54332.98985903697,22623.028857690057,16967.271643267544,0.0,93923.29035999457,85762.95271088005,1804152.4481876774,2969917.075743188,5163672.850972339,33299829.006434593,10,0,0,0,30,30,17,17,17,0,0,0,0,13,0,13,0,19,19,19
2056,Nova Scotia,Cybersecurity Focus with Education,329748.7496136541,59963.79911886736,82793.13737250585,142756.93649137323,Industrial Cybersecurity Analyst,186991.81312228087,89164.16425430572,89164.16425430572,0.0,57049.63935198882,23301.719723420756,17476.289792565567,0.0,97827.64886797515,89164.16425430572,1983524.234851367,3356072.947571813,6027387.942872494,43378941.87261928,10,0,0,0,31,31,17,17,17,0,0,0,0,14,0,14,0,20,20,20
2057,Nova Scotia,Cybersecurity Focus with Education,346434.036344105,63467.70933226206,88299.28199355466,151766.99132581672,Industrial Cybersecurity Analyst,194667.0450182883,92763.57389723415,92763.57389723415,0.0,59902.121319588245,24000.771315123377,18000.578486342536,0.0,101903.47112105416,92763.57389723415,2175464.0204911698,3784443.816226229,7024259.708200602,56485388.0083023,10,0,0,0,32,32,17,17,17,0,0,0,0,15,0,15,0,21,21,21
2058,Nova Scotia,Cybersecurity Focus with Education,363963.5985831167,67148.9174024545,94084.03753242851,161232.95493488302,Industrial Cybersecurity Analyst,202730.6436482337,96572.02596715614,96572.02596715614,0.0,62897.227385567676,24720.794454577084,18540.595840932812,0.0,106158.61768107757,96572.02596715614,2380809.247482884,4259460.223816008,8174470.690397848,73527576.43676014,10,0,0,0,33,33,17,17,17,0,0,0,0,16,0,16,0,22,22,22
2059,Nova Scotia,Cybersecurity Focus with Education,382380.1566714224,71016.3946009987,100161.5017015694,171177.8963025681,Industrial Cybersecurity Analyst,211202.26036885433,100600.93960963309,100600.93960963309,0.0,66042.08875484605,25462.418288214398,19096.813716160796,0.0,110601.32075922124,100600.93960963309,2600450.6494666617,4786007.185807242,9501242.233567158,95686450.30739783,10,0,0,0,34,34,17,17,17,0,0,0,0,17,0,17,0,23,23,23
2060,Nova Scotia,Cybersecurity Focus with Education,401728.59259899636,75079.56614578923,106546.4855576688,181626.051703458,Industrial Cybersecurity Analyst,220102.54089553835,104862.33873844355,104862.33873844355,0.0,69344.19319258835,26226.290836860826,19669.718127645618,0.0,115240.2021570948,104862.33873844355,2835335.5206784382,5369470.24312641,11031290.907340674,124497247.73835562,10,0,0,0,35,35,17,17,17,0,0,0,0,18,0,18,0,24,24,24
2061,Nova Scotia,Cybersecurity Focus with Education,422056.05938450556,79348.33417074617,113254.54959688683,192602.883767633,Industrial Cybersecurity Analyst,229453.17561687256,109368.88353121313,109368.88353121313,0.0,72811.40285221778,27013.079561966653,20259.80967147499,0.0,120084.29208565943,109368.88353121313,3086471.1802435736,6015786.150970264,12795353.426972987,161955790.94339353,10,0,0,0,36,36,17,17,17,0,0,0,0,19,0,19,0,25,25,25
2062,Nova Scotia,Cybersecurity Focus with Education,443412.0959893615,83833.10185776593,120302.04167648932,204135.14353425524,Industrial Cybersecurity Analyst,239276.95245510628,114133.9035498327,114133.9035498327,0.0,76451.97299482868,27823.471948825652,20867.603961619243,0.0,125143.04890527358,114133.9035498327,3354928.642805585,6731498.669617124,14828790.344568767,210656662.1299614,10,0,0,0,37,37,17,17,17,0,0,0,0,20,0,20,0,26,26,26
2063,Nova Scotia,Cybersecurity Focus with Education,465848.74804642325,88544.79878974888,127706.13685531968,216250.93564506856,Industrial Cybersecurity Analyst,249597.8124013547,119171.43256902634,119171.43256902634,0.0,80274.57164457011,28658.176107290426,21493.632080467818,0.0,130426.37983232836,119171.43256902634,3641846.507514891,7523819.969147863,17172280.32882311,273972832.20151883,10,0,0,0,38,38,17,17,17,0,0,0,0,21,0,21,0,27,27,27
2064,Nova Scotia,Cybersecurity Focus with Education,489420.69469757227,93494.90758649017,135484.87925019884,228979.786836689,Industrial Cybersecurity Analyst,260440.90786088328,124496.24520069367,124496.24520069367,0.0,84288.30022679863,29517.92139050914,22138.441042881856,0.0,135944.6626601896,124496.24520069367,3948435.0780913294,8400698.211263344,19872618.623347268,356289178.1071752,10,0,0,0,39,39,17,17,17,0,0,0,0,22,0,22,0,28,28,28
2065,Nova Scotia,Cybersecurity Focus with Education,514185.3818492694,98695.49188834657,143657.2260102589,242352.71789860545,Industrial Cybersecurity Analyst,271832.66395066393,130123.89540613265,130123.89540613265,0.0,88502.71523813855,30403.459032224415,22802.59427416831,0.0,141708.76854453128,130123.89540613265,4275980.727402029,9370891.92779581,22983635.31225549,463306055.43473387,10,0,0,0,40,40,17,17,17,0,0,0,0,23,0,23,0,29,29,29
2066,Nova Scotia,Cybersecurity Focus with Education,540203.1621708424,104159.2257558769,152243.093516378,256402.31927225488,Industrial Cybersecurity Analyst,283800.8428985875,136070.75699295753,136070.75699295753,0.0,92927.85100004548,31315.562803191147,23486.67210239336,0.0,147730.08590563,136070.75699295753,4625850.520765088,10444051.87756835,26567251.36608677,602433942.822147,10,0,0,0,41,41,17,17,17,0,0,0,0,24,0,24,0,30,30,30
2067,Nova Scotia,Cybersecurity Focus with Education,567537.4421766871,109899.42455710428,161263.40591830673,271162.830475411,Industrial Cybersecurity Analyst,296374.61170127604,142354.06619847624,142354.06619847624,0.0,97574.24355004776,32255.02968728688,24191.272265465162,0.0,154020.5455027998,142354.06619847624,4999497.113001819,11630811.131523661,30694693.13719826,783306479.7349896,10,0,0,0,42,42,17,17,17,0,0,0,0,25,0,25,0,31,31,31
2068,Nova Scotia,Cybersecurity Focus with Education,596254.8367508274,115930.07741767375,170740.14612777304,286670.22354544676,Industrial Cybersecurity Analyst,309584.6132053806,148991.96646649585,148991.96646649585,0.0,102452.95572755016,33222.680577905485,24917.010433429117,0.0,160592.64673888477,148991.96646649585,5398463.935118406,12942884.211142525,35447889.07424449,1018447415.6219531,10,0,0,0,43,43,17,17,17,0,0,0,0,26,0,26,0,32,32,32
2069,Nova Scotia,Cybersecurity Focus with Education,626425.3314904192,122265.88131298803,180696.40939183836,302962.29070482636,Industrial Cybersecurity Analyst,323463.04078559286,156003.55552999055,156003.55552999055,0.0,107575.60351392766,34219.36099524265,25664.52074643199,0.0,167459.4852556023,156003.55552999055,5824390.687404317,14393176.18778677,40921075.99091115,1324137643.8640692,10,0,0,0,44,44,17,17,17,0,0,0,0,27,0,27,0,33,33,33
2070,Nova Scotia,Cybersecurity Focus with Education,658122.4532638345,128922.27688540523,191156.45957706537,320078.7364624706,Industrial Cybersecurity Analyst,338043.71680136386,163408.9349178149,163408.9349178149,0.0,112954.38368962405,35245.94182509994,26434.456368824955,0.0,174634.78188354895,163408.9349178149,6279019.156692348,15995902.741483262,47222646.32446563,1721542345.958208,10,0,0,0,45,45,17,17,17,0,0,0,0,28,0,28,0,34,34,34
2071,Nova Scotia,Cybersecurity Focus with Education,691423.4493989843,135915.48607378668,202145.7883016648,338061.2743754515,Industrial Cybersecurity Analyst,353362.1750235328,171229.26200968493,171229.26200968493,0.0,118602.10287410527,36303.320079852936,27227.490059889697,0.0,182132.9130138479,171229.26200968493,6764199.376536651,17766722.277641274,54477272.53514516,2238176279.0076804,10,0,0,0,46,46,17,17,17,0,0,0,0,29,0,29,0,35,35,35
2072,Nova Scotia,Cybersecurity Focus with Education,726409.4759385731,143262.55164710036,213691.17705972912,356953.7287068295,Industrial Cybersecurity Analyst,369455.74723174365,179486.80476999818,179486.80476999818,0.0,124532.20801781054,37392.419682248525,28044.314761686393,0.0,189968.94246174546,179486.80476999818,7281896.150133482,19722881.3101754,62828350.220186934,2909808649.514755,10,0,0,0,47,47,17,17,17,0,0,0,0,30,0,30,0,36,36,36
2073,Nova Scotia,Cybersecurity Focus with Education,763165.7954210648,150981.3787384236,225820.76248895138,376802.141227375,Industrial Cybersecurity Analyst,386363.6541936898,188204.9992977358,188204.9992977358,0.0,130758.81841870106,38514.192272715976,28885.644204536984,0.0,198158.654895954,188204.9992977358,7834195.956937892,21883374.440490678,72440807.75251271,3782939449.368479,10,0,0,0,48,48,17,17,17,0,0,0,0,31,0,31,0,37,37,37
2074,Nova Scotia,Cybersecurity Focus with Education,801781.9846693706,159090.77848056782,238564.1049408923,397654.88342146017,Industrial Cybersecurity Analyst,404127.1012479104,197408.51033670374,197408.51033670374,0.0,137296.75933963613,39669.618040897454,29752.213530673096,0.0,206718.59091120667,197408.51033670374,8423314.265121492,24269120.394876454,83504337.42572631,4918018692.68936,10,0,0,0,49,49,17,17,17,0,0,0,0,32,0,32,0,38,38,38
2075,Nova Scotia,Cybersecurity Focus with Education,842352.1530936408,167610.51384966457,251952.26052090147,419562.774370566,Industrial Cybersecurity Analyst,422789.3787230748,207123.2948977392,207123.2948977392,0.0,144161.59730661794,40859.70658212438,30644.779936593288,0.0,215666.0838253356,207123.2948977392,9051603.273275305,26903155.72926184,96237111.33448298,6393631423.791066,10,0,0,0,50,50,17,17,17,0,0,0,0,33,0,33,0,39,39,39
2026,Ontario,Cybersecurity Focus,58000.0,3097.4689999999946,8120.000000000001,11217.468999999996,SOC Level 1 Analyst,46782.531,5382.531000000003,5382.531000000003,0.0,22200.0,10800.0,8400.0,0.0,41400.0,5382.531000000003,5382.531000000003,5382.531000000003,5382.531000000003,5382.531000000003,0,0,0,0,1,1,1,1,1,0,0,0,0,0,0,0,0,0,0,0
2027,Ontario,Cybersecurity Focus,60934.799999999996,3366.003199999994,8687.639000000001,12053.642199999995,SOC Level 1 Analyst,48881.1578,5756.757799999999,5756.757799999999,0.0,23310.0,11145.6,8668.8,0.0,43124.4,5756.757799999999,11408.415350000003,11677.541900000004,11946.668450000001,12754.048100000004,0,0,0,0,2,2,2,2,2,0,0,0,0,0,0,0,0,0,0,0
2028,Ontario,Cybersecurity Focus,64018.10087999999,3648.1252305199937,9319.715680399999,12967.840910919993,SOC Level 1 Analyst,51050.25996908,6126.299169079997,6126.299169079997,0.0,24475.5,11502.259199999999,8946.2016,0.0,44923.9608,6126.299169079997,18105.13528658,18971.59525908,19864.967886579998,22706.56169908,0,0,0,0,3,3,3,3,3,0,0,0,0,0,0,0,0,0,0,0
2029,Ontario,Cybersecurity Focus,67257.416784528,3944.5226357843067,9983.775440828242,13928.298076612547,SOC Level 1 Analyst,53329.118707915455,6527.032162315452,6527.032162315452,0.0,25699.275,11870.331494400001,9232.480051200002,0.0,46802.0865456,6527.032162315452,25537.424213224454,27395.786947303455,29371.745231882447,36045.56237111945,0,0,0,0,4,4,4,4,4,0,0,0,0,0,0,0,0,0,0,0
2030,Ontario,Cybersecurity Focus,99899.52844920103,6931.275853101888,16675.408332086212,23606.6841851881,SOC Level 2 Analyst,76292.84426401292,27530.503998953718,27530.503998953718,0.0,26984.238750000004,12250.1821022208,9527.9194128384,0.0,48762.3402650592,27530.503998953718,54344.799422839395,57665.86964098753,61308.01101561853,74389.735081409,1,0,0,0,5,5,5,5,5,0,0,0,0,0,0,0,0,0,0,0
2031,Ontario,Cybersecurity Focus,104954.44458873059,7393.800679868844,17711.66614068977,25105.466820558613,SOC Level 2 Analyst,79848.97776817199,29040.526317130876,29040.526317130876,0.0,28333.450687500008,12642.187929491867,9832.812834049231,0.0,50808.45145104111,29040.526317130876,86102.56571111224,92472.98292221717,99544.73898509219,125747.18192296258,2,0,0,0,6,6,6,6,6,0,0,0,0,0,0,0,0,0,0,0
2032,Ontario,Cybersecurity Focus,110265.13948492036,7929.580066517106,18800.358594408674,26729.938660925778,SOC Level 2 Analyst,83535.20082399459,30590.876814145166,30590.876814145166,0.0,29750.12322187501,13046.737943235608,10147.462844738806,0.0,52944.32400984942,30590.876814145166,120998.57081081302,132311.15802858406,145067.32664700117,194062.21331399653,3,0,0,0,7,7,7,7,7,0,0,0,0,0,0,0,0,0,0,0
2033,Ontario,Cybersecurity Focus,115844.55554285733,8552.242898582872,19944.138886285753,28496.381784868623,SOC Level 2 Analyst,87348.1737579887,32174.129161830337,32174.129161830337,0.0,31237.629382968764,13464.233557419146,10472.181655770448,0.0,55174.04459615836,32174.129161830337,159222.62851318403,177716.40299327282,199001.5548058817,284455.0064700258,4,0,0,0,8,8,8,8,8,0,0,0,0,0,0,0,0,0,0,0
2034,Ontario,Cybersecurity Focus,121706.29005332591,9206.412469951165,21402.165413864735,30608.577883815902,SOC Level 2 Analyst,91097.71216951,33595.82081738114,33595.82081738114,0.0,32799.5108521172,13895.08903125656,10807.291468755102,0.0,57501.89135212886,33595.82081738114,200779.58075622437,229083.86410998125,262447.6088441451,403387.3292284147,5,0,0,0,9,9,9,9,9,0,0,0,0,0,0,0,0,0,0,0
2035,Ontario,Cybersecurity Focus,127864.62833002419,9893.683021630693,23003.33336580629,32897.01638743698,SOC Level 2 Analyst,94967.61194258722,35035.26887185212,35035.26887185212,0.0,34439.48639472306,14339.73188025677,11153.124795755266,0.0,59932.3430707351,35035.26887185212,245853.8286658877,287027.51939283154,336850.019042619,559438.7968687912,6,0,0,0,10,10,10,10,10,0,0,0,0,0,0,0,0,0,0,0
2036,Ontario,Cybersecurity Focus,134334.5785235234,10615.729463225207,24685.520416116087,35301.249879341296,SOC Level 2 Analyst,99033.32864418211,36563.23984007848,36563.23984007848,0.0,36161.46071445921,14798.603300424988,11510.024789219435,0.0,62470.08880410363,36563.23984007848,294709.75993926055,352293.51117219316,423940.76173909026,763833.6757695072,7,0,0,0,11,11,11,11,11,0,0,0,0,0,0,0,0,0,0,0
2037,Ontario,Cybersecurity Focus,163506.47900850367,14006.37834743404,32270.214542210953,46276.59288964499,Industrial Cybersecurity Analyst,117229.88611885867,52109.84818016345,52109.84818016345,0.0,37969.53375018218,15272.158606038587,11878.345582474458,0.0,65120.037938695226,52109.84818016345,361555.09611638705,439632.71046957595,539641.7241801172,1045093.6266805228,7,0,0,0,12,12,11,11,11,0,0,0,0,1,0,1,0,1,1,1
2038,Ontario,Cybersecurity Focus,171779.90684633394,15012.4271725142,34421.30578004682,49433.732952561026,Industrial Cybersecurity Analyst,122346.17389377291,54458.84313353615,54458.84313353615,0.0,39868.010437691286,15760.867681431824,12258.452641113641,0.0,67887.33076023676,54458.84313353615,434091.6940557426,538054.8246500697,675046.8259406709,1413080.5578182158,7,0,0,0,13,13,11,11,11,0,0,0,0,2,0,2,0,2,2,2
2039,Ontario,Cybersecurity Focus,180471.97013275843,16069.382068143419,36681.242234517194,52750.62430266061,Industrial Cybersecurity Analyst,127721.34583009782,56943.996297655045,56943.996297655045,0.0,41861.41095957586,16265.215447237642,12650.723125629278,0.0,70777.34953244278,56943.996297655045,512740.2750561848,648804.3034127317,833247.8461294265,1893948.7214613357,7,0,0,0,14,14,11,11,11,0,0,0,0,3,0,3,0,3,3,3
2040,Ontario,Cybersecurity Focus,189603.851821476,17179.818881491476,39300.447028228045,56480.26590971952,Industrial Cybersecurity Analyst,133123.5859117565,59327.85579700318,59327.85579700318,0.0,43954.48150755465,16785.702341549244,13055.546265649415,0.0,73795.73011475331,59327.85579700318,597705.1446059973,773012.5895510081,1017562.8788458435,2521461.1936967396,7,0,0,0,15,15,11,11,11,0,0,0,0,4,0,4,0,4,4,4
2041,Ontario,Cybersecurity Focus,199197.80672364272,18346.443797594948,42082.69394985639,60429.137747451336,Industrial Cybersecurity Analyst,138768.66897619137,61820.294830629966,61820.294830629966,0.0,46152.20558293239,17322.844816478824,13473.323746150196,0.0,76948.3741455614,61820.294830629966,689410.6966669271,912134.1433367389,1232017.60550335,3339719.8466363917,7,0,0,0,16,16,11,11,11,0,0,0,0,5,0,5,0,5,5,5
2042,Ontario,Cybersecurity Focus,209277.215743859,19572.09993445325,45005.722565719116,64577.82250017236,Industrial Cybersecurity Analyst,144699.39324368665,64457.93142497449,64457.93142497449,0.0,48459.815862079,17877.175850606145,13904.470106027002,0.0,80241.46181871215,64457.93142497449,788339.1629252479,1067805.4890953875,1481278.1777538268,4406093.732052284,7,0,0,0,17,17,11,11,11,0,0,0,0,6,0,6,0,6,6,6
2043,Ontario,Cybersecurity Focus,219866.64286049828,20859.774271836584,48076.6564295445,68936.43070138109,Industrial Cybersecurity Analyst,150930.2121591172,67248.74687668882,67248.74687668882,0.0,50882.806655182954,18449.24547782554,14349.413149419868,0.0,83681.46528242837,67248.74687668882,895004.8679481992,1241834.7848816153,1770718.6512935897,5795170.598544658,7,0,0,0,18,18,11,11,11,0,0,0,0,7,0,7,0,7,7,7
2044,Ontario,Cybersecurity Focus,230991.89498923946,22322.523880583904,51302.97954687944,73625.50342746335,Industrial Cybersecurity Analyst,157366.3915617761,70091.22887051676,70091.22887051676,0.0,53426.946987942094,19039.62133311596,14808.594370201303,0.0,87275.16269125935,70091.22887051676,1009846.340216126,1436109.4922402939,2106417.677858145,7603813.006978572,7,0,0,0,19,19,11,11,11,0,0,0,0,8,0,8,0,8,8,8
2045,Ontario,Cybersecurity Focus,242680.08487569497,23860.68966964145,54692.554613951535,78553.24428359298,Industrial Cybersecurity Analyst,164126.84059210197,73097.18764893935,73097.18764893935,0.0,56098.29433733921,19648.889215775675,15282.469390047747,0.0,91029.65294316263,73097.18764893935,1133435.8448758717,1652817.6291132628,2495477.517185806,9958054.096721083,7,0,0,0,20,20,11,11,11,0,0,0,0,9,0,9,0,9,9,9
2046,Ontario,Cybersecurity Focus,254959.69717040515,25476.686647625313,58253.6421794175,83730.3288270428,Industrial Cybersecurity Analyst,171229.36834336235,76276.9972079464,76276.9972079464,0.0,58903.20905420618,20277.653670680495,15771.508410529274,0.0,94952.37113541595,76276.9972079464,1266384.6343276117,1894376.3892325356,2946076.141971623,13021747.322945355,7,0,0,0,21,21,11,11,11,0,0,0,0,10,0,10,0,10,10,10
2047,Ontario,Cybersecurity Focus,267860.65784722765,27174.45307269515,62370.06708958512,89544.52016228027,Industrial Cybersecurity Analyst,178316.13768494737,79265.03291022239,79265.03291022239,0.0,61848.3695069165,20926.53858814227,16276.19667966621,0.0,99051.10477472498,79265.03291022239,1408968.8989542148,2163079.0610660114,3467252.596177588,17007536.552739184,7,0,0,0,22,22,11,11,11,0,0,0,0,11,0,11,0,11,11,11
2048,Ontario,Cybersecurity Focus,281414.40713429736,28958.126478873524,66842.80435431813,95800.93083319165,Industrial Cybersecurity Analyst,185613.4763011057,82279.46552246502,82279.46552246502,0.0,64940.78798226232,21596.187822962824,16797.03497341553,0.0,103334.01077864067,82279.46552246502,1561696.8094243906,2461666.4326950777,4069619.951126691,22192076.984083407,7,0,0,0,23,23,11,11,11,0,0,0,0,12,0,12,0,12,12,12
2049,Ontario,Cybersecurity Focus,295653.9761352928,30832.053759404524,71541.86212464662,102373.91588405115,Industrial Cybersecurity Analyst,193280.06025124164,85470.42694400373,85470.42694400373,0.0,68187.82738137543,22287.265833297635,17334.54009256483,0.0,107809.6333072379,85470.42694400373,1725252.0768396137,2793303.50290859,4765533.3707396975,28935170.50625243,7,0,0,0,24,24,11,11,11,0,0,0,0,13,0,13,0,13,13,13
2050,Ontario,Cybersecurity Focus,310614.0673277386,32800.801760330396,76478.69221815375,109279.49397848416,Industrial Cybersecurity Analyst,201334.57334925447,88847.6508833202,88847.6508833202,0.0,71597.21875044421,23000.458339963163,17889.2453755269,0.0,112486.92246593427,88847.6508833202,1900362.3315649147,3161481.504082769,5569211.027233971,37704569.309011474,7,0,0,0,25,25,11,11,11,0,0,0,0,14,0,14,0,14,14,14
2051,Ontario,Cybersecurity Focus,326331.1391345222,34869.16841010311,81665.32591439232,116534.49432449543,Industrial Cybersecurity Analyst,209796.64481002674,92421.39088767457,92421.39088767457,0.0,75177.07968796643,23736.47300684198,18461.701227543766,0.0,117375.25392235217,92421.39088767457,2087801.839030835,3570051.045378721,6497014.072206741,49108361.492602594,7,0,0,0,26,26,11,11,11,0,0,0,0,15,0,15,0,15,15,15
2052,Ontario,Cybersecurity Focus,342843.494774729,37042.19441235433,87114.40327566057,124156.59768801491,Industrial Cybersecurity Analyst,218686.8970867141,96202.44760446326,96202.44760446326,0.0,78935.93367236474,24496.040143060927,19052.475666825165,0.0,122484.44948225084,96202.44760446326,2288394.3785868404,4023258.597521057,7567768.630642215,63937072.38798784,7,0,0,0,27,27,11,11,11,0,0,0,0,16,0,16,0,16,16,16
2053,Ontario,Cybersecurity Focus,360191.37561033026,39325.17553031945,92839.20395140898,132164.37948172842,Industrial Cybersecurity Analyst,228026.99612860184,100202.1974568164,100202.1974568164,0.0,82882.73035598299,25279.91342763888,19662.15488816357,0.0,127824.79867178544,100202.1974568164,2503016.2949729986,4525786.654729979,8803136.122695362,83218396.301841,7,0,0,0,28,28,11,11,11,0,0,0,0,17,0,17,0,17,17,17
2054,Ontario,Cybersecurity Focus,378417.059216213,41723.675492853625,98853.67954135028,140577.3550342039,Industrial Cybersecurity Analyst,237839.7041820091,104432.62280631883,104432.62280631883,0.0,87026.86687378214,26088.87065732332,20291.343844584808,0.0,133407.08137569026,104432.62280631883,2732599.7325279675,5082797.943009296,10228039.163905984,108288347.81519964,7,0,0,0,29,29,11,11,11,0,0,0,0,18,0,18,0,18,18,18
2055,Ontario,Cybersecurity Focus,397564.9624125533,44243.53955349201,105172.4875961426,149416.0271496346,Industrial Cybersecurity Analyst,248148.9352629187,108906.34367947825,108906.34367947825,0.0,91378.21021747126,26923.714518357672,20940.666847611523,0.0,139242.59158344046,108906.34367947825,2978136.062833844,5699984.0809897045,11871151.382171359,140883758.50343904,7,0,0,0,30,30,11,11,11,0,0,0,0,19,0,19,0,19,19,19
2056,Ontario,Cybersecurity Focus,417681.7495106286,46890.908735598714,111811.02733850744,158701.93607410614,Industrial Cybersecurity Analyst,258979.81343652244,113636.6511384974,113636.6511384974,0.0,95947.12072834482,27785.273382945117,21610.76818673509,0.0,145343.16229802504,113636.6511384974,3240679.517114034,6383619.1402271725,13765460.740635559,183262522.70560923,7,0,0,0,31,31,11,11,11,0,0,0,0,20,0,20,0,20,20,20
2057,Ontario,Cybersecurity Focus,438816.4460358664,49672.23479832001,118785.4771918359,168457.71199015592,Industrial Cybersecurity Analyst,270358.7340457105,118637.54238103842,118637.54238103842,0.0,100744.47676476208,28674.402131199357,22302.31276871061,0.0,151721.19166467205,118637.54238103842,3521351.0353507744,7140618.596630929,15948917.394111931,238359917.05967307,7,0,0,0,32,32,11,11,11,0,0,0,0,21,0,21,0,21,21,21
2058,Ontario,Cybersecurity Focus,461020.55820528115,52594.29595981499,126112.83420774278,178707.13016755777,Industrial Cybersecurity Analyst,282313.4280377234,123923.75765801614,123923.75765801614,0.0,105781.70060300018,29591.98299939774,23015.98677730935,0.0,158389.67037970727,123923.75765801614,3821342.344776329,7978604.213952038,18465178.760886736,309991815.935233,7,0,0,0,33,33,11,11,11,0,0,0,0,22,0,22,0,22,22,22
2059,Ontario,Cybersecurity Focus,484348.1984504684,55664.213416081635,133810.95548865458,189475.16890473623,Industrial Cybersecurity Analyst,294873.0295457322,129510.8191030203,129510.8191030203,0.0,111070.78563315017,30538.926455378467,23752.49835418325,0.0,165362.2104427119,129510.8191030203,4141920.281118166,8905975.454450265,21364466.394122764,403118871.5349059,7,0,0,0,34,34,11,11,11,0,0,0,0,23,0,23,0,23,23,23
2060,Ontario,Cybersecurity Focus,508856.21729206207,58889.46869563536,141898.6017063805,200788.07040201584,Industrial Cybersecurity Analyst,308068.1468900462,135415.07157177082,135415.07157177082,0.0,116624.32491480769,31516.17210195058,24512.578301517115,0.0,172653.07531827537,135415.07157177082,4484431.366745845,9931988.071467062,24704551.424812946,524189948.0669495,7,0,0,0,35,35,11,11,11,0,0,0,0,24,0,24,0,24,24,24
2061,Ontario,Cybersecurity Focus,534604.3418870404,62277.92189233451,150395.48282272334,212673.40471505784,Industrial Cybersecurity Analyst,321930.9371719826,141653.72559505585,141653.72559505585,0.0,122455.54116054808,32524.689609212997,25296.980807165666,0.0,180277.21157692675,141653.72559505585,4850306.660678194,11066840.604208825,28551887.864129942,681588586.2126293,7,0,0,0,36,36,11,11,11,0,0,0,0,25,0,25,0,25,25,25
2062,Ontario,Cybersecurity Focus,561655.3215865246,65837.83082078662,159322.30612355313,225160.13694433976,Industrial Cybersecurity Analyst,336495.1846421849,148244.9025539066,148244.9025539066,0.0,128578.31821857548,33565.479676707815,26106.48419299497,0.0,188250.28208827827,148244.9025539066,5241066.896266011,12321769.567183616,32982915.946303334,886213406.9789721,7,0,0,0,37,37,11,11,11,0,0,0,0,26,0,26,0,26,26,26
2063,Ontario,Cybersecurity Focus,590075.0808588028,69577.87114101843,168700.8266834049,238278.69782442335,Industrial Cybersecurity Analyst,351796.38303437945,155207.6821913419,155207.6821913419,0.0,135007.23412950427,34639.575026362465,26941.89168717081,0.0,196588.70084303754,155207.6821913419,5658327.923270653,13709154.20609332,38085561.020440176,1152232636.7548552,7,0,0,0,38,38,11,11,11,0,0,0,0,27,0,27,0,27,27,27
2064,Ontario,Cybersecurity Focus,619932.8799502582,73507.15750145397,178553.9003835852,252061.05788503916,Industrial Cybersecurity Analyst,367871.82206521905,162562.1525808732,162562.1525808732,0.0,141757.5958359795,35748.041427206066,27804.032221160276,0.0,205309.66948434585,162562.1525808732,6103806.472015059,15242631.779283527,43960957.32608707,1498064989.9338927,7,0,0,0,39,39,11,11,11,0,0,0,0,28,0,28,0,28,28,28
2065,Ontario,Cybersecurity Focus,651301.4836757412,77635.26575172754,188905.53961299462,266540.80536472215,Industrial Cybersecurity Analyst,384760.6783110191,170329.46267812655,170329.46267812655,0.0,148845.47562777848,36891.97875287666,28693.761252237404,0.0,214431.21563289253,170329.46267812655,6579326.258293939,16937224.41989001,50725430.38767826,1947654816.3767388,7,0,0,0,40,40,11,11,11,0,0,0,0,29,0,29,0,29,29,29
2066,Ontario,Cybersecurity Focus,684257.3387497338,81972.25627946496,199780.97178741213,281753.2280668771,Industrial Cybersecurity Analyst,402504.11068285664,178531.8775884115,178531.8775884115,0.0,156287.74940916742,38072.52207296871,29611.961612309,0.0,223972.23309444514,178531.8775884115,7086824.448797048,18809478.73946742,58512776.82341841,2532129793.167349,7,0,0,0,41,41,11,11,11,0,0,0,0,30,0,30,0,30,30,30
2067,Ontario,Cybersecurity Focus,718880.7600904702,86528.69852790586,211206.70082985517,297735.399357761,Industrial Cybersecurity Analyst,421145.3607327092,187192.8366898768,187192.8366898768,0.0,164102.1368796258,39290.84277930371,30559.54438390289,0.0,233952.52404283237,187192.8366898768,7628358.507926777,20877619.450104043,67476886.18362103,3291955923.9542437,7,0,0,0,42,42,11,11,11,0,0,0,0,31,0,31,0,31,31,31
2068,Ontario,Cybersecurity Focus,755256.126551048,91315.6967541179,223210.57176184584,314526.26851596375,Industrial Cybersecurity Analyst,440729.85803508427,196337.01475904798,196337.01475904798,0.0,172307.24372360707,40548.149748241434,31537.44980418778,0.0,244392.8432760363,196337.01475904798,8206113.448082164,23161718.409873497,77794756.12592323,4279739038.155276,7,0,0,0,43,43,11,11,11,0,0,0,0,32,0,32,0,32,32,32
2069,Ontario,Cybersecurity Focus,793472.0865545309,96344.91709057626,235821.8385629952,332166.75565357145,Industrial Cybersecurity Analyst,461305.33090095944,205990.38625306502,205990.38625306502,0.0,180922.60590978747,41845.69054018516,32546.648197921797,0.0,255314.94464789442,205990.38625306502,8822409.506739337,25683880.637113914,89669959.93106477,5563866739.988112,7,0,0,0,44,44,11,11,11,0,0,0,0,33,0,33,0,33,33,33
2070,Ontario,Cybersecurity Focus,833621.7741341903,101628.61597605943,249071.2354642828,350699.85144034226,Industrial Cybersecurity Analyst,482921.922693848,216180.29291084484,216180.29291084484,0.0,189968.73620527683,43184.75263747109,33588.14094025529,0.0,266741.6297830032,216180.29291084484,9479710.274987148,28468448.99373615,103336634.21363533,7233242942.277457,7,0,0,0,45,45,11,11,11,0,0,0,0,34,0,34,0,34,34,34
2071,Ontario,Cybersecurity Focus,875803.0359053802,107179.67002514802,262991.0518487755,370170.7218739235,Industrial Cybersecurity Analyst,505632.31403145666,226935.51484370232,226935.51484370232,0.0,199467.1730155407,44566.66472187016,34662.96145034346,0.0,278696.79918775434,226935.51484370232,10180631.303580208,31542229.40795347,119064064.86052431,9403442760.475538,7,0,0,0,46,46,11,11,11,0,0,0,0,35,0,35,0,35,35,35
2072,Ontario,Cybersecurity Focus,920118.6695221926,113011.60740912054,277615.21094232355,390626.8183514441,Industrial Cybersecurity Analyst,529491.8511707485,238286.3452947063,238286.3452947063,0.0,209440.53166631772,45992.797992970016,35772.17621675446,0.0,291205.5058760422,238286.3452947063,10927949.214053925,34934738.694043525,137161960.93489766,12224713874.963495,7,0,0,0,47,47,11,11,11,0,0,0,0,36,0,36,0,36,36,36
2073,Ontario,Cybersecurity Focus,966676.6742000154,119138.64082472201,292979.3524860051,412117.9933107271,Industrial Cybersecurity Analyst,554558.6808892882,250264.669255219,250264.669255219,0.0,219912.55824963358,47464.56752874505,36916.88585569059,0.0,304294.0116340692,250264.669255219,11724611.344011841,38678477.2327031,157986519.74438754,15892378302.1218,7,0,0,0,48,48,11,11,11,0,0,0,0,37,0,37,0,37,37,37
2074,Ontario,Cybersecurity Focus,1015590.5139145361,123523.99049999999,303976.05,427500.0405,Industrial Cybersecurity Analyst,588090.4734145361,270100.6273596832,270100.6273596832,0.0,230908.1861621153,48983.4336896649,38098.2262030727,0.0,317989.8460548529,270100.6273596832,12580942.538572116,42816425.58333309,181954598.33340535,20660361893.3857,7,0,0,0,49,49,11,11,11,0,0,0,0,38,0,38,0,38,38,38
2075,Ontario,Cybersecurity Focus,1066979.3939186118,123523.99049999999,303976.05,427500.0405,Industrial Cybersecurity Analyst,639479.3534186118,307157.48493908555,307157.48493908555,0.0,242453.59547022107,50550.903567734174,39317.36944157103,0.0,332321.86847952625,307157.48493908555,13517147.150439808,47405225.62660549,209554945.56835523,26858777618.886353,7,0,0,0,50,50,11,11,11,0,0,0,0,39,0,39,0,39,39,39
2026,Ontario,I&C to Cybersecurity,19166.666666666668,967.9166666666648,2683.333333333334,3651.2499999999986,I&C Engineering Diploma,15515.41666666667,-33551.24999999999,0.0,0.0,22200.0,10800.0,8400.0,7666.666666666667,49066.666666666664,-33551.24999999999,0.0,0.0,0.0,0.0,0,0,0,0,0,0,0,0,0,0,0,0,0,1,1,1,1,1,0,1
2027,Ontario,I&C to Cybersecurity,19166.666666666668,967.9166666666648,2683.333333333334,3651.2499999999986,I&C Engineering Diploma,15515.41666666667,-35275.649999999994,0.0,0.0,23310.0,11145.6,8668.8,7666.666666666667,50791.066666666666,-35275.649999999994,0.0,0.0,0.0,0.0,0,0,0,0,0,0,0,0,0,0,0,0,0,2,2,2,2,2,0,2
2028,Ontario,I&C to Cybersecurity,19166.666666666668,967.9166666666648,2683.333333333334,3651.2499999999986,I&C Engineering Diploma,15515.41666666667,-37075.21079999999,0.0,0.0,24475.5,11502.259199999999,8946.2016,7666.666666666667,52590.627466666665,-37075.21079999999,0.0,0.0,0.0,0.0,0,0,0,0,0,0,0,0,0,0,0,0,0,3,3,3,3,3,0,3
2029,Ontario,I&C to Cybersecurity,54910.87508275199,2814.814070071802,7687.522511585279,10502.33658165708,Instrumentation & Control Tech (Apprentice),44408.53850109491,-2393.5480445050925,0.0,0.0,25699.275,11870.331494400001,9232.480051200002,0.0,46802.0865456,-2393.5480445050925,0.0,0.0,0.0,0.0,0,0,0,0,0,0,0,0,0,0,0,0,0,4,4,4,4,3,0,3
2030,Ontario,I&C to Cybersecurity,58249.456287783316,3120.294250332168,8154.923880289665,11275.218130621834,Instrumentation & Control Tech (Apprentice),46974.23815716148,-1788.102107897721,0.0,0.0,26984.238750000004,12250.1821022208,9527.9194128384,0.0,48762.3402650592,-1788.102107897721,0.0,0.0,0.0,0.0,0,0,0,0,0,0,0,0,0,0,0,0,0,5,5,5,5,3,0,3
2031,Ontario,I&C to Cybersecurity,61791.023230080544,3444.347625552364,8863.164762166512,12307.512387718876,Instrumentation & Control Tech (Apprentice),49483.51084236167,-1324.9406086794406,0.0,0.0,28333.450687500008,12642.187929491867,9832.812834049231,0.0,50808.45145104111,-1324.9406086794406,0.0,0.0,0.0,0.0,0,0,0,0,0,0,0,0,0,0,0,0,0,6,6,6,6,3,0,3
2032,Ontario,I&C to Cybersecurity,65547.91744246944,3788.103445985948,9633.328075706235,13421.431521692182,Instrumentation & Control Tech (Apprentice),52126.48592077725,-817.8380890721673,0.0,0.0,29750.12322187501,13046.737943235608,10147.462844738806,0.0,52944.32400984942,-817.8380890721673,0.0,0.0,0.0,0.0,0,0,0,0,0,0,0,0,0,0,0,0,0,7,7,7,7,3,0,3
2033,Ontario,I&C to Cybersecurity,69533.23082297157,4152.759620301893,10450.317318709172,14603.076939011065,Instrumentation & Control Tech (Apprentice),54930.153883960505,-243.89071219785546,0.0,0.0,31237.629382968764,13464.233557419146,10472.181655770448,0.0,55174.04459615836,-243.89071219785546,0.0,0.0,0.0,0.0,0,0,0,0,0,0,0,0,0,0,0,0,0,8,8,8,8,3,0,3
2034,Ontario,I&C to Cybersecurity,117059.36114604257,8687.815203898346,20193.96389797107,28881.779101869415,Instrumentation & Control Tech (Red Seal),88177.58204417316,30675.6906920443,30675.6906920443,0.0,32799.5108521172,13895.08903125656,10807.291468755102,0.0,57501.89135212886,30675.6906920443,30675.6906920443,30675.6906920443,30675.6906920443,30675.6906920443,0,0,0,0,0,0,0,0,0,0,0,0,0,9,9,9,9,3,0,3
2035,Ontario,I&C to Cybersecurity,122385.56207818749,9282.219227925718,21578.776140328748,30860.995368254466,Instrumentation & Control Tech (Red Seal),91524.56670993302,31592.223639197917,31592.223639197917,0.0,34439.48639472306,14339.73188025677,11153.124795755266,0.0,59932.3430707351,31592.223639197917,63801.69886584443,65335.48340044665,66869.26793504886,71470.62153885551,0,0,0,0,0,0,0,0,0,0,0,0,0,10,10,10,10,3,0,3
2036,Ontario,I&C to Cybersecurity,127954.105152745,9903.668635046337,23026.5973397137,32930.265974760034,Instrumentation & Control Tech (Red Seal),95023.83917798498,32553.750373881347,32553.750373881347,0.0,36161.46071445921,14798.603300424988,11510.024789219435,0.0,62470.08880410363,32553.750373881347,99545.534183018,104422.78211437268,109453.40849918753,125465.55837439353,0,0,0,0,0,0,0,0,0,0,0,0,0,11,11,11,11,3,0,3
2037,Ontario,I&C to Cybersecurity,133776.0169371949,10553.393990190943,24540.29440367067,35093.68839386161,Instrumentation & Control Tech (Red Seal),98682.32854333328,33562.29060463805,33562.29060463805,0.0,37969.53375018218,15272.158606038587,11878.345582474458,0.0,65120.037938695226,33562.29060463805,138085.10149680695,148427.350930448,159433.71037870372,196667.51649134964,0,0,0,0,0,0,0,0,0,0,0,0,0,12,12,12,12,3,0,3
2038,Ontario,I&C to Cybersecurity,139862.82570783724,11232.68184899463,26122.864684037682,37355.54653303231,Instrumentation & Control Tech (Red Seal),102507.27917480492,34619.94841456816,34619.94841456816,0.0,39868.010437691286,15760.867681431824,12258.452641113641,0.0,67887.33076023676,34619.94841456816,179609.3049862155,197890.034438061,217968.71535007743,290287.7198533227,0,0,0,0,0,0,0,0,0,0,0,0,0,13,13,13,13,3,0,3
2039,Ontario,I&C to Cybersecurity,146226.58427754382,11942.877305373884,27777.441912161394,39720.319217535274,Instrumentation & Control Tech (Red Seal),106506.26506000855,35728.91552756577,35728.91552756577,0.0,41861.41095957586,16265.215447237642,12650.723125629278,0.0,70777.34953244278,35728.91552756577,224318.685763092,253407.9534094329,286392.9381801548,413102.9513368853,0,0,0,0,0,0,0,0,0,0,0,0,0,14,14,14,14,3,0,3
2040,Ontario,I&C to Cybersecurity,152879.89386217203,12714.185593640113,29507.30240416473,42221.48799780484,Instrumentation & Control Tech (Red Seal),110658.40586436719,36862.675749613874,36862.675749613874,0.0,43954.48150755465,16785.702341549244,13055.546265649415,0.0,73795.73011475331,36862.675749613874,272397.2958008605,315611.42449999007,366214.55465679185,573896.5124875648,0,0,0,0,0,0,0,0,0,0,0,0,0,15,15,15,15,3,0,3
2041,Ontario,I&C to Cybersecurity,159835.92903290084,13560.039470400736,31315.87154855422,44875.911018954954,Instrumentation & Control Tech (Red Seal),114960.01801394588,38011.643868384475,38011.643868384475,0.0,46152.20558293239,17322.844816478824,13473.323746150196,0.0,76948.3741455614,38011.643868384475,324028.804459288,385184.2108183736,459158.3817236951,784077.1101022188,0,0,0,0,0,0,0,0,0,0,0,0,0,16,16,16,16,3,0,3
2042,Ontario,I&C to Cybersecurity,167108.46380389782,14444.379698553968,33206.73058901343,47651.1102875674,Instrumentation & Control Tech (Red Seal),119457.35351633042,39215.891697618266,39215.891697618266,0.0,48459.815862079,17877.175850606145,13904.470106027002,0.0,80241.46181871215,39215.891697618266,379446.1363798707,462918.5235978293,567248.0306798676,1058516.1348305028,0,0,0,0,0,0,0,0,0,0,0,0,0,17,17,17,17,3,0,3
2043,Ontario,I&C to Cybersecurity,174711.89890697517,15368.957407088175,35183.62371581355,50552.58112290173,Instrumentation & Control Tech (Red Seal),124159.31778407344,40477.85250164507,40477.85250164507,0.0,50882.806655182954,18449.24547782554,14349.413149419868,0.0,83681.46528242837,40477.85250164507,438896.29570050933,549688.2284592573,692813.0877834928,1416548.8277812987,0,0,0,0,0,0,0,0,0,0,0,0,0,18,18,18,18,3,0,3
2044,Ontario,I&C to Cybersecurity,182661.2903072425,16335.603401360684,37287.104189100326,53622.70759046101,Instrumentation & Control Tech (Red Seal),129038.5827167815,41763.42002552215,41763.42002552215,0.0,53426.946987942094,19039.62133311596,14808.594370201303,0.0,87275.16269125935,41763.42002552215,502604.530511057,646420.4713307052,838498.4709765387,1883276.8961412103,0,0,0,0,0,0,0,0,0,0,0,0,0,19,19,19,19,3,0,3
2045,Ontario,I&C to Cybersecurity,242680.08487569497,23860.68966964145,54692.554613951535,78553.24428359298,Industrial Cybersecurity Analyst,164126.84059210197,73097.18764893935,73097.18764893935,0.0,56098.29433733921,19648.889215775675,15282.469390047747,0.0,91029.65294316263,73097.18764893935,600831.9446855492,784159.7061127151,1037370.4292719588,2521357.152632513,0,0,0,0,1,1,0,0,0,0,0,0,0,20,19,20,19,4,1,4
2046,Ontario,I&C to Cybersecurity,254959.69717040515,25476.686647625313,58253.6421794175,83730.3288270428,Industrial Cybersecurity Analyst,171229.36834336235,76276.9972079464,76276.9972079464,0.0,58903.20905420618,20277.653670680495,15771.508410529274,0.0,94952.37113541595,76276.9972079464,707150.5391277731,938852.673931933,1269252.9908706988,3354041.295630214,0,0,0,0,2,2,0,0,0,0,0,0,0,21,19,21,19,5,2,5
2047,Ontario,I&C to Cybersecurity,267860.65784722765,27174.45307269515,62370.06708958512,89544.52016228027,Industrial Cybersecurity Analyst,178316.13768494737,79265.03291022239,79265.03291022239,0.0,61848.3695069165,20926.53858814227,16276.19667966621,0.0,99051.10477472498,79265.03291022239,821773.0989943843,1112002.9742353489,1538905.972411526,4439518.7172295,0,0,0,0,3,3,0,0,0,0,0,0,0,22,19,22,19,6,3,6
2048,Ontario,I&C to Cybersecurity,281414.40713429736,28958.126478873524,66842.80435431813,95800.93083319165,Industrial Cybersecurity Analyst,185613.4763011057,82279.46552246502,82279.46552246502,0.0,64940.78798226232,21596.187822962824,16797.03497341553,0.0,103334.01077864067,82279.46552246502,945141.2194665686,1305482.737181349,1852021.3337957198,5853653.797920816,0,0,0,0,4,4,0,0,0,0,0,0,0,23,19,23,19,7,4,7
2049,Ontario,I&C to Cybersecurity,295653.9761352928,30832.053759404524,71541.86212464662,102373.91588405115,Industrial Cybersecurity Analyst,193280.06025124164,85470.42694400373,85470.42694400373,0.0,68187.82738137543,22287.265833297635,17334.54009256483,0.0,107809.6333072379,85470.42694400373,1077868.7073839006,1521501.4378434876,2215294.9608090813,7695220.364241064,0,0,0,0,5,5,0,0,0,0,0,0,0,24,19,24,19,8,5,8
2050,Ontario,I&C to Cybersecurity,310614.0673277386,32800.801760330396,76478.69221815375,109279.49397848416,Industrial Cybersecurity Analyst,201334.57334925447,88847.6508833202,88847.6508833202,0.0,71597.21875044421,23000.458339963163,17889.2453755269,0.0,112486.92246593427,88847.6508833202,1220609.793636416,1762499.2325111567,2636436.8558137636,10092634.124396704,0,0,0,0,6,6,0,0,0,0,0,0,0,25,19,25,19,9,6,9
2051,Ontario,I&C to Cybersecurity,326331.1391345222,34869.16841010311,81665.32591439232,116534.49432449543,Industrial Cybersecurity Analyst,209796.64481002674,92421.39088767457,92421.39088767457,0.0,75177.07968796643,23736.47300684198,18461.701227543766,0.0,117375.25392235217,92421.39088767457,1374061.6742059116,2031170.546649947,3124323.775073502,13212845.75260339,0,0,0,0,7,7,0,0,0,0,0,0,0,26,19,26,19,10,7,10
2052,Ontario,I&C to Cybersecurity,342843.494774729,37042.19441235433,87114.40327566057,124156.59768801491,Industrial Cybersecurity Analyst,218686.8970867141,96202.44760446326,96202.44760446326,0.0,78935.93367236474,24496.040143060927,19052.475666825165,0.0,122484.44948225084,96202.44760446326,1538967.2055206704,2330490.0489194053,3689174.788938991,17272901.925988868,0,0,0,0,8,8,0,0,0,0,0,0,0,27,19,27,19,11,8,11
2053,Ontario,I&C to Cybersecurity,360191.37561033026,39325.17553031945,92839.20395140898,132164.37948172842,Industrial Cybersecurity Analyst,228026.99612860184,100202.1974568164,100202.1974568164,0.0,82882.73035598299,25279.91342763888,19662.15488816357,0.0,127824.79867178544,100202.1974568164,1716117.7632535205,2663741.2512681624,4342753.204736656,22554974.701242346,0,0,0,0,9,9,0,0,0,0,0,0,0,28,19,28,19,12,9,12
2054,Ontario,I&C to Cybersecurity,378417.059216213,41723.675492853625,98853.67954135028,140577.3550342039,Industrial Cybersecurity Analyst,237839.7041820091,104432.62280631883,104432.62280631883,0.0,87026.86687378214,26088.87065732332,20291.343844584808,0.0,133407.08137569026,104432.62280631883,1906356.2742225153,3034547.9992012978,5098598.808253473,29425899.73442137,0,0,0,0,10,10,0,0,0,0,0,0,0,29,19,29,19,13,10,13
2055,Ontario,I&C to Cybersecurity,397564.9624125533,44243.53955349201,105172.4875961426,149416.0271496346,Industrial Cybersecurity Analyst,248148.9352629187,108906.34367947825,108906.34367947825,0.0,91378.21021747126,26923.714518357672,20940.666847611523,0.0,139242.59158344046,108906.34367947825,2110580.4316131193,3446909.142800906,5972294.9731709715,38362575.998427264,0,0,0,0,11,11,0,0,0,0,0,0,0,30,19,30,19,14,11,14
2056,Ontario,I&C to Cybersecurity,417681.7495106286,46890.908735598714,111811.02733850744,158701.93607410614,Industrial Cybersecurity Analyst,258979.81343652244,113636.6511384974,113636.6511384974,0.0,95947.12072834482,27785.273382945117,21610.76818673509,0.0,145343.16229802504,113636.6511384974,2329746.104332273,3905236.7082194947,6981775.870285114,49984985.449093945,0,0,0,0,12,12,0,0,0,0,0,0,0,31,19,31,19,15,12,15
2057,Ontario,I&C to Cybersecurity,438816.4460358664,49672.23479832001,118785.4771918359,168457.71199015592,Industrial Cybersecurity Analyst,270358.7340457105,118637.54238103842,118637.54238103842,0.0,100744.47676476208,28674.402131199357,22302.31276871061,0.0,151721.19166467205,118637.54238103842,2564870.951929925,4414397.921422483,8147679.793208919,65099118.62620317,0,0,0,0,13,13,0,0,0,0,0,0,0,32,19,32,19,16,13,16
2058,Ontario,I&C to Cybersecurity,461020.55820528115,52594.29595981499,126112.83420774278,178707.13016755777,Industrial Cybersecurity Analyst,282313.4280377234,123923.75765801614,123923.75765801614,0.0,105781.70060300018,29591.98299939774,23015.98677730935,0.0,158389.67037970727,123923.75765801614,2817038.2571844375,4979761.471222748,9493755.519848272,84752777.97172214,0,0,0,0,14,14,0,0,0,0,0,0,0,33,19,33,19,17,14,17
2059,Ontario,I&C to Cybersecurity,484348.1984504684,55664.213416081635,133810.95548865458,189475.16890473623,Industrial Cybersecurity Analyst,294873.0295457322,129510.8191030203,129510.8191030203,0.0,111070.78563315017,30538.926455378467,23752.49835418325,0.0,165362.2104427119,129510.8191030203,3087400.9891466796,5607248.437448043,11047329.666928533,110308122.1823418,0,0,0,0,15,15,0,0,0,0,0,0,0,34,19,34,19,18,15,18
2060,Ontario,I&C to Cybersecurity,508856.21729206207,58889.46869563536,141898.6017063805,200788.07040201584,Industrial Cybersecurity Analyst,308068.1468900462,135415.07157177082,135415.07157177082,0.0,116624.32491480769,31516.17210195058,24512.578301517115,0.0,172653.07531827537,135415.07157177082,3377186.1101757847,6303388.3527646195,12839844.188539583,143535973.90861613,0,0,0,0,16,16,0,0,0,0,0,0,0,35,19,35,19,19,16,19
2061,Ontario,I&C to Cybersecurity,534604.3418870404,62277.92189233451,150395.48282272334,212673.40471505784,Industrial Cybersecurity Analyst,321930.9371719826,141653.72559505585,141653.72559505585,0.0,122455.54116054808,32524.689609212997,25296.980807165666,0.0,180277.21157692675,141653.72559505585,3687699.1412796304,7075380.913636138,14907474.542415574,186738419.806796,0,0,0,0,17,17,0,0,0,0,0,0,0,36,19,36,19,20,17,20
2062,Ontario,I&C to Cybersecurity,561655.3215865246,65837.83082078662,159322.30612355313,225160.13694433976,Industrial Cybersecurity Analyst,336495.1846421849,148244.9025539066,148244.9025539066,0.0,128578.31821857548,33565.479676707815,26106.48419299497,0.0,188250.28208827827,148244.9025539066,4020329.000897519,7931163.907553659,17291840.626331814,242908190.65138873,0,0,0,0,18,18,0,0,0,0,0,0,0,37,19,37,19,21,18,21
2063,Ontario,I&C to Cybersecurity,590075.0808588028,69577.87114101843,168700.8266834049,238278.69782442335,Industrial Cybersecurity Analyst,351796.38303437945,155207.6821913419,155207.6821913419,0.0,135007.23412950427,34639.575026362465,26941.89168717081,0.0,196588.70084303754,155207.6821913419,4376553.133133737,8879487.980500368,20040824.402472924,315935855.5289967,0,0,0,0,19,19,0,0,0,0,0,0,0,38,19,38,19,22,19,22
2064,Ontario,I&C to Cybersecurity,619932.8799502582,73507.15750145397,178553.9003835852,252061.05788503916,Industrial Cybersecurity Analyst,367871.82206521905,162562.1525808732,162562.1525808732,0.0,141757.5958359795,35748.041427206066,27804.032221160276,0.0,205309.66948434585,162562.1525808732,4757942.942371298,9929998.931131281,23209510.215424735,410879174.3402766,0,0,0,0,20,20,0,0,0,0,0,0,0,39,19,39,19,23,20,23
2065,Ontario,I&C to Cybersecurity,651301.4836757412,77635.26575172754,188905.53961299462,266540.80536472215,Industrial Cybersecurity Analyst,384760.6783110191,170329.46267812655,170329.46267812655,0.0,148845.47562777848,36891.97875287666,28693.761252237404,0.0,214431.21563289253,170329.46267812655,5166169.552167989,11093328.286922537,26861266.21041657,534313256.10503775,0,0,0,0,21,21,0,0,0,0,0,0,0,40,19,40,19,24,21,24
2066,Ontario,I&C to Cybersecurity,684257.3387497338,81972.25627946496,199780.97178741213,281753.2280668771,Industrial Cybersecurity Analyst,402504.11068285664,178531.8775884115,178531.8775884115,0.0,156287.74940916742,38072.52207296871,29611.961612309,0.0,223972.23309444514,178531.8775884115,5603009.907364801,12381192.993203204,31068988.019567464,694785764.8141375,0,0,0,0,22,22,0,0,0,0,0,0,0,41,19,41,19,25,22,25
2067,Ontario,I&C to Cybersecurity,718880.7600904702,86528.69852790586,211206.70082985517,297735.399357761,Industrial Cybersecurity Analyst,421145.3607327092,187192.8366898768,187192.8366898768,0.0,164102.1368796258,39290.84277930371,30559.54438390289,0.0,233952.52404283237,187192.8366898768,6070353.239422917,13806505.129213402,35916529.05919246,903408687.0950686,0,0,0,0,23,23,0,0,0,0,0,0,0,42,19,42,19,26,23,26
2068,Ontario,I&C to Cybersecurity,755256.126551048,91315.6967541179,223210.57176184584,314526.26851596375,Industrial Cybersecurity Analyst,440729.85803508427,196337.01475904798,196337.01475904798,0.0,172307.24372360707,40548.149748241434,31537.44980418778,0.0,244392.8432760363,196337.01475904798,6570207.9161531115,15383492.656893792,41500345.43283037,1174627630.2383482,0,0,0,0,24,24,0,0,0,0,0,0,0,43,19,43,19,27,24,27
2069,Ontario,I&C to Cybersecurity,793472.0865545309,96344.91709057626,235821.8385629952,332166.75565357145,Industrial Cybersecurity Analyst,461305.33090095944,205990.38625306502,205990.38625306502,0.0,180922.60590978747,41845.69054018516,32546.648197921797,0.0,255314.94464789442,205990.38625306502,7104708.698213832,17127832.30883624,47931387.63400799,1527221909.696106,0,0,0,0,25,25,0,0,0,0,0,0,0,44,19,44,19,28,25,28
2070,Ontario,I&C to Cybersecurity,833621.7741341903,101628.61597605943,249071.2354642828,350699.85144034226,Industrial Cybersecurity Analyst,482921.922693848,216180.29291084484,216180.29291084484,0.0,189968.73620527683,43184.75263747109,33588.14094025529,0.0,266741.6297830032,216180.29291084484,7676124.42603537,19056795.83263071,55337276.07202003,1985604662.8978486,0,0,0,0,26,26,0,0,0,0,0,0,0,45,19,45,19,29,26,29
2071,Ontario,I&C to Cybersecurity,875803.0359053802,107179.67002514802,262991.0518487755,370170.7218739235,Industrial Cybersecurity Analyst,505632.31403145666,226935.51484370232,226935.51484370232,0.0,199467.1730155407,44566.66472187016,34662.96145034346,0.0,278696.79918775434,226935.51484370232,8286866.162180841,21189410.930737484,63864802.99766673,2581512997.2820473,0,0,0,0,27,27,0,0,0,0,0,0,0,46,19,46,19,30,27,30
2072,Ontario,I&C to Cybersecurity,920118.6695221926,113011.60740912054,277615.21094232355,390626.8183514441,Industrial Cybersecurity Analyst,529491.8511707485,238286.3452947063,238286.3452947063,0.0,209440.53166631772,45992.797992970016,35772.17621675446,0.0,291205.5058760422,238286.3452947063,8939495.81558459,23546638.369105943,73682809.79261144,3356205182.811956,0,0,0,0,28,28,0,0,0,0,0,0,0,47,19,47,19,31,28,31
2073,Ontario,I&C to Cybersecurity,966676.6742000154,119138.64082472201,292979.3524860051,412117.9933107271,Industrial Cybersecurity Analyst,554558.6808892882,250264.669255219,250264.669255219,0.0,219912.55824963358,47464.56752874505,36916.88585569059,0.0,304294.0116340692,250264.669255219,9636735.27561904,26151566.87527176,84985495.93075836,4363317002.324799,0,0,0,0,29,29,0,0,0,0,0,0,0,48,19,48,19,32,29,32
2074,Ontario,I&C to Cybersecurity,1015590.5139145361,123523.99049999999,303976.05,427500.0405,Industrial Cybersecurity Analyst,588090.4734145361,270100.6273596832,270100.6273596832,0.0,230908.1861621153,48983.4336896649,38098.2262030727,0.0,317989.8460548529,270100.6273596832,10388672.666759674,29036824.190158624,98003420.9477318,5672582203.649598,0,0,0,0,30,30,0,0,0,0,0,0,0,49,19,49,19,33,30,33
2075,Ontario,I&C to Cybersecurity,1066979.3939186118,123523.99049999999,303976.05,427500.0405,Industrial Cybersecurity Analyst,639479.3534186118,307157.48493908555,307157.48493908555,0.0,242453.59547022107,50550.903567734174,39317.36944157103,0.0,332321.86847952625,307157.48493908555,11215263.785036743,32247664.094113577,113011091.57483064,7374664022.229417,0,0,0,0,31,31,0,0,0,0,0,0,0,50,19,50,19,34,31,34
2026,Ontario,Cybersecurity Focus with Education,48875.0,2468.187499999995,6842.500000000001,9310.687499999996,Masters in Cybersecurity,39564.3125,-19085.6875,0.0,0.0,22200.0,10800.0,8400.0,17250.0,58650.0,-19085.6875,0.0,0.0,0.0,0.0,0,0,0,0,1,1,1,1,1,0,0,0,0,0,0,0,0,1,1,1
2027,Ontario,Cybersecurity Focus with Education,48875.0,2468.187499999995,6842.500000000001,9310.687499999996,Masters in Cybersecurity,39564.3125,-20810.0875,0.0,0.0,23310.0,11145.6,8668.8,17250.0,60374.4,-20810.0875,0.0,0.0,0.0,0.0,0,0,0,0,2,2,2,2,2,0,0,0,0,0,0,0,0,2,2,2
2028,Ontario,Cybersecurity Focus with Education,48875.0,2468.187499999995,6842.500000000001,9310.687499999996,Masters in Cybersecurity,39564.3125,-22609.6483,0.0,0.0,24475.5,11502.259199999999,8946.2016,17250.0,62173.9608,-22609.6483,0.0,0.0,0.0,0.0,0,0,0,0,3,3,3,3,3,0,0,0,0,0,0,0,0,3,3,3
2029,Ontario,Cybersecurity Focus with Education,31625.0,1597.0624999999968,4427.5,6024.562499999996,PhD in Cybersecurity,25600.437500000004,-34139.1490456,0.0,0.0,25699.275,11870.331494400001,9232.480051200002,12937.5,59739.5865456,-34139.1490456,0.0,0.0,0.0,0.0,1,0,0,0,4,4,4,4,4,0,0,0,0,0,0,0,0,4,4,4
2030,Ontario,Cybersecurity Focus with Education,31625.0,1597.0624999999968,4427.5,6024.562499999996,PhD in Cybersecurity,25600.437500000004,-36099.4027650592,0.0,0.0,26984.238750000004,12250.1821022208,9527.9194128384,12937.5,61699.8402650592,-36099.4027650592,0.0,0.0,0.0,0.0,2,0,0,0,5,5,5,5,5,0,0,0,0,0,0,0,0,5,5,5
2031,Ontario,Cybersecurity Focus with Education,31625.0,1597.0624999999968,4427.5,6024.562499999996,PhD in Cybersecurity,25600.437500000004,-38145.51395104111,0.0,0.0,28333.450687500008,12642.187929491867,9832.812834049231,12937.5,63745.95145104111,-38145.51395104111,0.0,0.0,0.0,0.0,3,0,0,0,6,6,6,6,6,0,0,0,0,0,0,0,0,6,6,6
2032,Ontario,Cybersecurity Focus with Education,77992.41573323635,4926.775039591121,12184.450225313452,17111.225264904573,SOC Level 1 Analyst,60881.190468331784,7936.866458482364,7936.866458482364,0.0,29750.12322187501,13046.737943235608,10147.462844738806,0.0,52944.32400984942,7936.866458482364,7936.866458482364,7936.866458482364,7936.866458482364,7936.866458482364,3,0,0,0,7,7,7,7,7,0,0,0,0,0,0,0,0,6,6,6
2033,Ontario,Cybersecurity Focus with Education,81938.8319693381,5287.872125194432,12993.465553714312,18281.33767890874,SOC Level 1 Analyst,63657.494290429364,8483.449694271003,8483.449694271003,0.0,31237.629382968764,13464.233557419146,10472.181655770448,0.0,55174.04459615836,8483.449694271003,16817.159475677487,17214.002798601603,17610.84612152572,18801.376090298076,3,0,0,0,8,8,8,8,8,0,0,0,0,0,0,0,0,6,6,6
2034,Ontario,Cybersecurity Focus with Education,86084.93686698662,5667.240723329271,13843.417057732258,19510.657781061527,SOC Level 1 Analyst,66574.2790859251,9072.387733796233,9072.387733796233,0.0,32799.5108521172,13895.08903125656,10807.291468755102,0.0,57501.89135212886,9072.387733796233,26730.405183257593,28007.790812257997,29324.86077355081,33514.176651183734,3,0,0,0,9,9,9,9,9,0,0,0,0,0,0,0,0,6,6,6
2035,Ontario,Cybersecurity Focus with Education,90440.83467245614,6065.805372529731,14736.37610785351,20802.181480383242,SOC Level 1 Analyst,69638.6531920729,9706.310121337803,9706.310121337803,0.0,34439.48639472306,14339.73188025677,11153.124795755266,0.0,59932.3430707351,9706.310121337803,37773.23556375828,40514.8800148216,43429.90001092123,53274.73976787666,3,0,0,0,10,10,10,10,10,0,0,0,0,0,0,0,0,6,6,6
2036,Ontario,Cybersecurity Focus with Education,134334.5785235234,10615.729463225207,24685.520416116087,35301.249879341296,SOC Level 2 Analyst,99033.32864418211,36563.23984007848,36563.23984007848,0.0,36161.46071445921,14798.603300424988,11510.024789219435,0.0,62470.08880410363,36563.23984007848,76225.13718202469,81129.60785638224,86507.62485263789,105820.40153831814,4,0,0,0,11,11,11,11,11,0,0,0,0,0,0,0,0,6,6,6
2037,Ontario,Cybersecurity Focus with Education,141131.9081968137,11374.311454764402,26452.826131171558,37827.13758593596,SOC Level 2 Analyst,103304.77061087772,38184.732672182494,38184.732672182494,0.0,37969.53375018218,15272.158606038587,11878.345582474458,0.0,65120.037938695226,38184.732672182494,118221.12671330842,127427.30131420297,137668.50125271606,175751.25467199608,5,0,0,0,12,12,12,12,12,0,0,0,0,0,0,0,0,6,6,6
2038,Ontario,Cybersecurity Focus with Education,148273.18275157246,12171.277695075481,28309.55751540884,40480.83521048432,SOC Level 2 Analyst,107792.34754108814,39905.01678085138,39905.01678085138,0.0,39868.010437691286,15760.867681431824,12258.452641113641,0.0,67887.33076023676,39905.01678085138,164037.19982982523,180075.04822647467,198223.79322147483,268381.6478544463,6,0,0,0,13,13,13,13,13,0,0,0,0,0,0,0,0,6,6,6
2039,Ontario,Cybersecurity Focus with Education,155775.80579880203,13066.328485134321,30260.23950768853,43326.56799282285,SOC Level 2 Analyst,112449.23780597918,41671.8882735364,41671.8882735364,0.0,41861.41095957586,16265.215447237642,12650.723125629278,0.0,70777.34953244278,41671.8882735364,213910.9480948529,239754.44132265856,269629.2504782324,390568.03048431664,7,0,0,0,14,14,14,14,14,0,0,0,0,0,0,0,0,6,6,6
2040,Ontario,Cybersecurity Focus with Education,163658.0615722214,14024.810787182116,32309.626008777566,46334.436795959686,SOC Level 2 Analyst,117323.62477626171,43527.8946615084,43527.8946615084,0.0,43954.48150755465,16785.702341549244,13055.546265649415,0.0,73795.73011475331,43527.8946615084,268134.390161104,307257.7801164328,353601.5327114756,551266.3342911201,8,0,0,0,15,15,15,15,15,0,0,0,0,0,0,0,0,6,6,6
2041,Ontario,Cybersecurity Focus with Education,171939.15948777582,15031.792293713534,34462.71146682171,49494.50376053524,SOC Level 2 Analyst,122444.65572724058,45496.28158167917,45496.28158167917,0.0,46152.20558293239,17322.844816478824,13473.323746150196,0.0,76948.3741455614,45496.28158167917,327037.39125083835,383479.8397097553,452138.04419987614,762142.5161601353,9,0,0,0,16,16,16,16,16,0,0,0,0,0,0,0,0,6,6,6
2042,Ontario,Cybersecurity Focus with Education,180639.28095785726,16089.727064475437,36724.74304904289,52814.47011351833,SOC Level 2 Analyst,127824.81084433894,47583.34902562678,47583.34902562678,0.0,48459.815862079,17877.175850606145,13904.470106027002,0.0,80241.46181871215,47583.34902562678,390972.6098390071,469411.17270635767,567542.0998554843,1038368.6200338027,10,0,0,0,17,17,17,17,17,0,0,0,0,0,0,0,0,6,6,6
2043,Ontario,Cybersecurity Focus with Education,219866.64286049828,20859.774271836584,48076.6564295445,68936.43070138109,Industrial Cybersecurity Analyst,150930.2121591172,67248.74687668882,67248.74687668882,0.0,50882.806655182954,18449.24547782554,14349.413149419868,0.0,83681.46528242837,67248.74687668882,477769.98720764625,583601.0368536822,719922.1617104957,1417127.9529206324,10,0,0,0,18,18,17,17,17,0,0,0,0,1,0,1,0,7,7,7
2044,Ontario,Cybersecurity Focus with Education,230991.89498923946,22322.523880583904,51302.97954687944,73625.50342746335,Industrial Cybersecurity Analyst,157366.3915617761,70091.22887051676,70091.22887051676,0.0,53426.946987942094,19039.62133311596,14808.594370201303,0.0,87275.16269125935,70091.22887051676,571749.7154385453,712052.3694095673,898001.7148375867,1912357.567667339,10,0,0,0,19,19,17,17,17,0,0,0,0,2,0,2,0,8,8,8
2045,Ontario,Cybersecurity Focus with Education,242680.08487569497,23860.68966964145,54692.554613951535,78553.24428359298,Industrial Cybersecurity Analyst,164126.84059210197,73097.18764893935,73097.18764893935,0.0,56098.29433733921,19648.889215775675,15282.469390047747,0.0,91029.65294316263,73097.18764893935,673434.3888594119,856354.7939994634,1105799.159712164,2559162.02561648,10,0,0,0,20,20,17,17,17,0,0,0,0,3,0,3,0,9,9,9
2046,Ontario,Cybersecurity Focus with Education,254959.69717040515,25476.686647625313,58253.6421794175,83730.3288270428,Industrial Cybersecurity Analyst,171229.36834336235,76276.9972079464,76276.9972079464,0.0,58903.20905420618,20277.653670680495,15771.508410529274,0.0,94952.37113541595,76276.9972079464,783383.1055103289,1018267.2706073562,1347946.0308769348,3403187.630509371,10,0,0,0,21,21,17,17,17,0,0,0,0,4,0,4,0,10,10,10
2047,Ontario,Cybersecurity Focus with Education,267860.65784722765,27174.45307269515,62370.06708958512,89544.52016228027,Industrial Cybersecurity Analyst,178316.13768494737,79265.03291022239,79265.03291022239,0.0,61848.3695069165,20926.53858814227,16276.19667966621,0.0,99051.10477472498,79265.03291022239,901817.2936960678,1199359.0305783143,1629402.9684186974,4503408.952572404,10,0,0,0,22,22,17,17,17,0,0,0,0,5,0,5,0,11,11,11
2048,Ontario,Cybersecurity Focus with Education,281414.40713429736,28958.126478873524,66842.80435431813,95800.93083319165,Industrial Cybersecurity Analyst,185613.4763011057,82279.46552246502,82279.46552246502,0.0,64940.78798226232,21596.187822962824,16797.03497341553,0.0,103334.01077864067,82279.46552246502,1029187.6239033362,1401574.399158611,1956092.8792039668,5936711.103866591,10,0,0,0,23,23,17,17,17,0,0,0,0,6,0,6,0,12,12,12
2049,Ontario,Cybersecurity Focus with Education,295653.9761352928,30832.053759404524,71541.86212464662,102373.91588405115,Industrial Cybersecurity Analyst,193280.06025124164,85470.42694400373,85470.42694400373,0.0,68187.82738137543,22287.265833297635,17334.54009256483,0.0,107809.6333072379,85470.42694400373,1166117.4320425068,1627202.2660184759,2334977.2380285654,7803194.861970572,10,0,0,0,24,24,17,17,17,0,0,0,0,7,0,7,0,13,13,13
2050,Ontario,Cybersecurity Focus with Education,310614.0673277386,32800.801760330396,76478.69221815375,109279.49397848416,Industrial Cybersecurity Analyst,201334.57334925447,88847.6508833202,88847.6508833202,0.0,71597.21875044421,23000.458339963163,17889.2453755269,0.0,112486.92246593427,88847.6508833202,1313270.9545279525,1878770.1435036438,2774071.4746161704,10233000.971445065,10,0,0,0,25,25,17,17,17,0,0,0,0,8,0,8,0,14,14,14
2051,Ontario,Cybersecurity Focus with Education,326331.1391345222,34869.16841010311,81665.32591439232,116534.49432449543,Industrial Cybersecurity Analyst,209796.64481002674,92421.39088767457,92421.39088767457,0.0,75177.07968796643,23736.47300684198,18461.701227543766,0.0,117375.25392235217,92421.39088767457,1471355.8931420248,2159068.548741683,3282603.58669627,13395322.65376626,10,0,0,0,26,26,17,17,17,0,0,0,0,9,0,9,0,15,15,15
2052,Ontario,Cybersecurity Focus with Education,342843.494774729,37042.19441235433,87114.40327566057,124156.59768801491,Industrial Cybersecurity Analyst,218686.8970867141,96202.44760446326,96202.44760446326,0.0,78935.93367236474,24496.040143060927,19052.475666825165,0.0,122484.44948225084,96202.44760446326,1641126.1354035893,2471177.851220315,3871196.5723051736,17510121.8975006,10,0,0,0,27,27,17,17,17,0,0,0,0,10,0,10,0,16,16,16
2053,Ontario,Cybersecurity Focus with Education,360191.37561033026,39325.17553031945,92839.20395140898,132164.37948172842,Industrial Cybersecurity Analyst,228026.99612860184,100202.1974568164,100202.1974568164,0.0,82882.73035598299,25279.91342763888,19662.15488816357,0.0,127824.79867178544,100202.1974568164,1823384.6396305854,2818497.833799163,4552078.255607765,22863360.6642076,10,0,0,0,28,28,17,17,17,0,0,0,0,11,0,11,0,17,17,17
2054,Ontario,Cybersecurity Focus with Education,378417.059216213,41723.675492853625,98853.67954135028,140577.3550342039,Industrial Cybersecurity Analyst,237839.7041820091,104432.62280631883,104432.62280631883,0.0,87026.86687378214,26088.87065732332,20291.343844584808,0.0,133407.08137569026,104432.62280631883,2018986.4944184336,3204780.2399853985,5339322.616755249,29826801.4862762,10,0,0,0,29,29,17,17,17,0,0,0,0,12,0,12,0,18,18,18
2055,Ontario,Cybersecurity Focus with Education,397564.9624125533,44243.53955349201,105172.4875961426,149416.0271496346,Industrial Cybersecurity Analyst,248148.9352629187,108906.34367947825,108906.34367947825,0.0,91378.21021747126,26923.714518357672,20940.666847611523,0.0,139242.59158344046,108906.34367947825,2228842.1628188337,3634164.6076634172,6249127.352948015,38883748.27583854,10,0,0,0,30,30,17,17,17,0,0,0,0,13,0,13,0,19,19,19
2056,Ontario,Cybersecurity Focus with Education,417681.7495106286,46890.908735598714,111811.02733850744,158701.93607410614,Industrial Cybersecurity Analyst,258979.81343652244,113636.6511384974,113636.6511384974,0.0,95947.12072834482,27785.273382945117,21610.76818673509,0.0,145343.16229802504,113636.6511384974,2453920.922098273,4111217.7195682568,7300133.107028713,50662509.4097286,10,0,0,0,31,31,17,17,17,0,0,0,0,14,0,14,0,20,20,20
2057,Ontario,Cybersecurity Focus with Education,438816.4460358664,49672.23479832001,118785.4771918359,168457.71199015592,Industrial Cybersecurity Analyst,270358.7340457105,118637.54238103842,118637.54238103842,0.0,100744.47676476208,28674.402131199357,22302.31276871061,0.0,151721.19166467205,118637.54238103842,2695254.510584225,4640977.033906121,8513790.61546406,65979899.77502823,10,0,0,0,32,32,17,17,17,0,0,0,0,15,0,15,0,21,21,21
2058,Ontario,Cybersecurity Focus with Education,461020.55820528115,52594.29595981499,126112.83420774278,178707.13016755777,Industrial Cybersecurity Analyst,282313.4280377234,123923.75765801614,123923.75765801614,0.0,105781.70060300018,29591.98299939774,23015.98677730935,0.0,158389.67037970727,123923.75765801614,2953940.9937714525,5228998.494954749,9914782.965441683,85897793.46519472,10,0,0,0,33,33,17,17,17,0,0,0,0,16,0,16,0,22,22,22
2059,Ontario,Cybersecurity Focus with Education,484348.1984504684,55664.213416081635,133810.95548865458,189475.16890473623,Industrial Cybersecurity Analyst,294873.0295457322,129510.8191030203,129510.8191030203,0.0,111070.78563315017,30538.926455378467,23752.49835418325,0.0,165362.2104427119,129510.8191030203,3231148.862563045,5881409.163553244,11531511.229360957,111796642.32385616,10,0,0,0,34,34,17,17,17,0,0,0,0,17,0,17,0,23,23,23
2060,Ontario,Cybersecurity Focus with Education,508856.21729206207,58889.46869563536,141898.6017063805,200788.07040201584,Industrial Cybersecurity Analyst,308068.1468900462,135415.07157177082,135415.07157177082,0.0,116624.32491480769,31516.17210195058,24512.578301517115,0.0,172653.07531827537,135415.07157177082,3528121.3772629686,6604965.15148034,13396652.98533687,145471050.0925848,10,0,0,0,35,35,17,17,17,0,0,0,0,18,0,18,0,24,24,24
2061,Ontario,Cybersecurity Focus with Education,534604.3418870404,62277.92189233451,150395.48282272334,212673.40471505784,Industrial Cybersecurity Analyst,321930.9371719826,141653.72559505585,141653.72559505585,0.0,122455.54116054808,32524.689609212997,25296.980807165666,0.0,180277.21157692675,141653.72559505585,3846181.1717211735,7407115.392223431,15547804.658732455,189254018.84595528,10,0,0,0,36,36,17,17,17,0,0,0,0,19,0,19,0,25,25,25
2062,Ontario,Cybersecurity Focus with Education,561655.3215865246,65837.83082078662,159322.30612355313,225160.13694433976,Industrial Cybersecurity Analyst,336495.1846421849,148244.9025539066,148244.9025539066,0.0,128578.31821857548,33565.479676707815,26106.48419299497,0.0,188250.28208827827,148244.9025539066,4186735.132861139,8296071.833999681,18028220.260096226,246178469.4022958,10,0,0,0,37,37,17,17,17,0,0,0,0,20,0,20,0,26,26,26
2063,Ontario,Cybersecurity Focus with Education,590075.0808588028,69577.87114101843,168700.8266834049,238278.69782442335,Industrial Cybersecurity Analyst,351796.38303437945,155207.6821913419,155207.6821913419,0.0,135007.23412950427,34639.575026362465,26941.89168717081,0.0,196588.70084303754,155207.6821913419,4551279.571695538,9280886.699590992,20887660.981302,320187217.90517586,10,0,0,0,38,38,17,17,17,0,0,0,0,21,0,21,0,27,27,27
2064,Ontario,Cybersecurity Focus with Education,619932.8799502582,73507.15750145397,178553.9003835852,252061.05788503916,Industrial Cybersecurity Analyst,367871.82206521905,162562.1525808732,162562.1525808732,0.0,141757.5958359795,35748.041427206066,27804.032221160276,0.0,205309.66948434585,162562.1525808732,4941405.702861189,10371537.522130966,24183372.28107817,416405945.4293095,10,0,0,0,39,39,17,17,17,0,0,0,0,22,0,22,0,28,28,28
2065,Ontario,Cybersecurity Focus with Education,651301.4836757412,77635.26575172754,188905.53961299462,266540.80536472215,Industrial Cybersecurity Analyst,384760.6783110191,170329.46267812655,170329.46267812655,0.0,148845.47562777848,36891.97875287666,28693.761252237404,0.0,214431.21563289253,170329.46267812655,5358805.450682376,11579020.737022191,27981207.58591802,541498058.5207804,10,0,0,0,40,40,17,17,17,0,0,0,0,23,0,23,0,29,29,29
2066,Ontario,Cybersecurity Focus with Education,684257.3387497338,81972.25627946496,199780.97178741213,281753.2280668771,Industrial Cybersecurity Analyst,402504.11068285664,178531.8775884115,178531.8775884115,0.0,156287.74940916742,38072.52207296871,29611.961612309,0.0,223972.23309444514,178531.8775884115,5805277.600804906,12915454.688312823,32356920.60139413,704126007.954603,10,0,0,0,41,41,17,17,17,0,0,0,0,24,0,24,0,30,30,30
2067,Ontario,Cybersecurity Focus with Education,718880.7600904702,86528.69852790586,211206.70082985517,297735.399357761,Industrial Cybersecurity Analyst,421145.3607327092,187192.8366898768,187192.8366898768,0.0,164102.1368796258,39290.84277930371,30559.54438390289,0.0,233952.52404283237,187192.8366898768,6282734.317535028,14394192.993833983,37397651.528293125,915551003.1776737,10,0,0,0,42,42,17,17,17,0,0,0,0,25,0,25,0,31,31,31
2068,Ontario,Cybersecurity Focus with Education,755256.126551048,91315.6967541179,223210.57176184584,314526.26851596375,Industrial Cybersecurity Analyst,440729.85803508427,196337.01475904798,196337.01475904798,0.0,172307.24372360707,40548.149748241434,31537.44980418778,0.0,244392.8432760363,196337.01475904798,6793208.048170827,16029949.307976432,43203636.27229614,1190412641.145735,10,0,0,0,43,43,17,17,17,0,0,0,0,26,0,26,0,32,32,32
2069,Ontario,Cybersecurity Focus with Education,793472.0865545309,96344.91709057626,235821.8385629952,332166.75565357145,Industrial Cybersecurity Analyst,461305.33090095944,205990.38625306502,205990.38625306502,0.0,180922.60590978747,41845.69054018516,32546.648197921797,0.0,255314.94464789442,205990.38625306502,7338858.836832435,17838934.625027142,49890172.09939362,1547742423.8757088,10,0,0,0,44,44,17,17,17,0,0,0,0,27,0,27,0,33,33,33
2070,Ontario,Cybersecurity Focus with Education,833621.7741341903,101628.61597605943,249071.2354642828,350699.85144034226,Industrial Cybersecurity Analyst,482921.922693848,216180.29291084484,216180.29291084484,0.0,189968.73620527683,43184.75263747109,33588.14094025529,0.0,266741.6297830032,216180.29291084484,7921982.071584902,19839008.3804407,57589878.207213506,2012281331.3313324,10,0,0,0,45,45,17,17,17,0,0,0,0,28,0,28,0,34,34,34
2071,Ontario,Cybersecurity Focus with Education,875803.0359053802,107179.67002514802,262991.0518487755,370170.7218739235,Industrial Cybersecurity Analyst,505632.31403145666,226935.51484370232,226935.51484370232,0.0,199467.1730155407,44566.66472187016,34662.96145034346,0.0,278696.79918775434,226935.51484370232,8545016.69000785,22049844.733328477,66455295.45313923,2616192666.245576,10,0,0,0,46,46,17,17,17,0,0,0,0,29,0,29,0,35,35,35
2072,Ontario,Cybersecurity Focus with Education,920118.6695221926,113011.60740912054,277615.21094232355,390626.8183514441,Industrial Cybersecurity Analyst,529491.8511707485,238286.3452947063,238286.3452947063,0.0,209440.53166631772,45992.797992970016,35772.17621675446,0.0,291205.5058760422,238286.3452947063,9210553.86980295,24493115.55195603,76661876.1164048,3401288752.4645433,10,0,0,0,47,47,17,17,17,0,0,0,0,30,0,30,0,36,36,36
2073,Ontario,Cybersecurity Focus with Education,966676.6742000154,119138.64082472201,292979.3524860051,412117.9933107271,Industrial Cybersecurity Analyst,554558.6808892882,250264.669255219,250264.669255219,0.0,219912.55824963358,47464.56752874505,36916.88585569059,0.0,304294.0116340692,250264.669255219,9921346.232548317,27192691.776406854,88411422.20312072,4421925642.873161,10,0,0,0,48,48,17,17,17,0,0,0,0,31,0,31,0,37,37,37
2074,Ontario,Cybersecurity Focus with Education,1015590.5139145361,123523.99049999999,303976.05,427500.0405,Industrial Cybersecurity Analyst,588090.4734145361,270100.6273596832,270100.6273596832,0.0,230908.1861621153,48983.4336896649,38098.2262030727,0.0,317989.8460548529,270100.6273596832,10687514.171535416,30182061.581407227,101943236.16094851,5748773436.36247,10,0,0,0,49,49,17,17,17,0,0,0,0,32,0,32,0,38,38,38
2075,Ontario,Cybersecurity Focus with Education,1066979.3939186118,123523.99049999999,303976.05,427500.0405,Industrial Cybersecurity Analyst,639479.3534186118,307157.48493908555,307157.48493908555,0.0,242453.59547022107,50550.903567734174,39317.36944157103,0.0,332321.86847952625,307157.48493908555,11529047.365051271,33507425.22448704,117541879.07002987,7473712624.756149,10,0,0,0,50,50,17,17,17,0,0,0,0,33,0,33,0,39,39,39
2026,Prince Edward Island,Cybersecurity Focus,42000.0,4310.4583999999995,5880.000000000001,10190.4584,SOC Level 1 Analyst,31809.5416,5169.5416000000005,5169.5416000000005,0.0,10800.0,9120.0,6720.0,0.0,26640.0,5169.5416000000005,5169.5416000000005,5169.5416000000005,5169.5416000000005,5169.5416000000005,0,0,0,0,1,1,1,1,1,0,0,0,0,0,0,0,0,0,0,0
2027,Prince Edward Island,Cybersecurity Focus,44125.2,4596.722839999999,6177.528,10774.25084,SOC Level 1 Analyst,33350.94916,5803.749159999996,5803.749159999996,0.0,11232.0,9393.6,6921.6,0.0,27547.2,5803.749159999996,11231.767839999997,11490.244919999997,11748.721999999996,12524.153239999996,0,0,0,0,2,2,2,2,2,0,0,0,0,0,0,0,0,0,0,0
2028,Prince Edward Island,Cybersecurity Focus,46357.935119999995,4897.472260663999,6490.1109168,11387.583177464,SOC Level 1 Analyst,34970.351942536,6484.415942535998,6484.415942535998,0.0,11681.28,9675.408,7129.248,0.0,28485.936,6484.415942535998,18277.772174535996,19123.685354535995,19995.446242535992,22765.815154535994,0,0,0,0,3,3,3,3,3,0,0,0,0,0,0,0,0,0,0,0
2029,Prince Edward Island,Cybersecurity Focus,48703.646637072,5213.439602013598,6818.510529190081,12031.95013120368,SOC Level 1 Analyst,36671.69650586832,7214.369625868319,7214.369625868319,0.0,12148.531200000001,9965.67024,7343.125440000001,0.0,29457.32688,7214.369625868319,26406.030409131115,28250.423515857918,30209.13280478471,36809.92932676511,0,0,0,0,4,4,4,4,4,0,0,0,0,0,0,0,0,0,0,0
2030,Prince Edward Island,Cybersecurity Focus,73097.21593843977,8727.030245781001,11180.934267380153,19907.964513161154,SOC Level 2 Analyst,53189.25142527861,22726.71942687861,22726.71942687861,0.0,12634.472448,10264.6403472,7563.419203200001,0.0,30462.5319984,22726.71942687861,50453.05135646628,53802.18529432232,57467.22215238102,70579.62755167326,1,0,0,0,5,5,5,5,5,0,0,0,0,0,0,0,0,0,0,0
2031,Prince Edward Island,Cybersecurity Focus,76795.93506492482,9341.01762077752,11939.17168830959,21280.18930908711,SOC Level 2 Analyst,55515.745755837714,24012.99307300571,24012.99307300571,0.0,13139.85134592,10572.579557616002,7790.321779296,0.0,31502.752682832004,24012.99307300571,76988.69699729531,83195.39689676027,90100.29854824388,115766.50889018095,2,0,0,0,6,6,6,6,6,0,0,0,0,0,0,0,0,0,0,0
2032,Prince Edward Island,Cybersecurity Focus,80681.80937921003,9986.072756948864,12735.775922738056,22721.84867968692,SOC Level 2 Analyst,57959.96069952311,25380.72692274694,25380.72692274694,0.0,13665.445399756805,10889.75694434448,8024.03143267488,0.0,32579.233776776167,25380.72692274694,106218.85876990702,116895.66350918324,128996.07025322739,175877.1884799822,3,0,0,0,7,7,7,7,7,0,0,0,0,0,0,0,0,0,0,0
2033,Prince Edward Island,Cybersecurity Focus,84764.30893379803,10663.767683010474,13572.688331428599,24236.45601443907,SOC Level 2 Analyst,60527.852919358964,26834.587675281946,26834.587675281946,0.0,14212.063215747075,11216.449652674815,8264.752375655127,0.0,33693.26524407702,26834.587675281946,138364.38938368432,155419.8175353835,175180.06846649342,255474.93269925882,4,0,0,0,8,8,8,8,8,0,0,0,0,0,0,0,0,0,0,0
2034,Prince Edward Island,Cybersecurity Focus,89053.38296584823,11375.753972330805,14451.948507998888,25827.702480329695,SOC Level 2 Analyst,63225.68048551853,28379.49665196173,28379.49665196173,0.0,14780.545744376957,11552.94314225506,8512.694946924783,0.0,34846.1838335568,28379.49665196173,173662.10550483028,199341.2959408836,229836.57538842916,360496.9091609982,5,0,0,0,9,9,9,9,9,0,0,0,0,0,0,0,0,0,0,0
2035,Prince Edward Island,Cybersecurity Focus,93559.48414392014,12123.766767890742,15375.699249503628,27499.46601739437,SOC Level 2 Analyst,66060.01812652577,30020.643320518488,30020.643320518488,0.0,15371.76757415204,11899.531436522713,8768.075795332526,0.0,36039.37480600728,30020.643320518488,212365.85410059028,249296.06885549048,294332.705017212,498666.6252298161,6,0,0,0,10,10,10,10,10,0,0,0,0,0,0,0,0,0,0,0
2036,Prince Edward Island,Cybersecurity Focus,98293.5940416025,12909.629010906014,16346.191778528511,29255.820789434525,SOC Level 2 Analyst,69037.77325216797,31763.499526238957,31763.499526238957,0.0,15986.63827711812,12256.517379618395,9031.118069192502,0.0,37274.273725929015,31763.499526238957,254747.64633185876,305989.1752672785,370246.11029603274,680030.112325,7,0,0,0,11,11,11,11,11,0,0,0,0,0,0,0,0,0,0,0
2037,Prince Edward Island,Cybersecurity Focus,118757.33738512371,16427.657247258798,20635.437720132166,37063.09496739096,Industrial Cybersecurity Analyst,81694.24241773275,43141.87409725468,43141.87409725468,0.0,16626.103808202846,12624.212901006946,9302.051611268276,0.0,38552.36832047807,43141.87409725468,310626.9027457064,379729.96689126105,468924.90093769226,927181.0201197547,7,0,0,0,12,12,11,11,11,0,0,0,0,1,0,1,0,1,1,1
2038,Prince Edward Island,Cybersecurity Focus,124766.45865681097,17486.46441533009,22197.80925077085,39684.27366610094,Industrial Cybersecurity Analyst,85082.18499071003,45206.98458253559,45206.98458253559,0.0,17291.14796053096,13002.939288037156,9581.113159606324,0.0,39875.20040817444,45206.98458253559,371365.2324655273,462909.94816292275,584470.6206608816,1250542.3107382169,7,0,0,0,13,13,11,11,11,0,0,0,0,2,0,2,0,2,2,2
2039,Prince Edward Island,Cybersecurity Focus,131079.6414648456,18598.847226105794,23839.236780859854,42438.08400696565,Industrial Cybersecurity Analyst,88641.55745787994,47397.18955785496,47397.18955785496,0.0,17982.7938789522,13393.02746667827,9868.546554394516,0.0,41244.36790002498,47397.18955785496,437330.68364665867,556598.13253707,719538.4033178687,1673102.193517537,7,0,0,0,14,14,11,11,11,0,0,0,0,3,0,3,0,3,3,3
2040,Prince Edward Island,Cybersecurity Focus,137712.2713229668,19767.516607106747,25563.720543971365,45331.23715107811,Industrial Cybersecurity Analyst,92381.03417188868,49719.50729607342,49719.50729607342,0.0,18702.10563411029,13794.81829067862,10164.60295102635,0.0,42661.52687581526,49719.50729607342,508916.7251250651,661977.4530868503,877188.6711116224,2224752.3588688713,7,0,0,0,15,15,11,11,11,0,0,0,0,4,0,4,0,4,4,4
2041,Prince Edward Island,Cybersecurity Focus,144680.51225190892,21028.861727862695,27375.46318549632,48404.324913359014,Industrial Cybersecurity Analyst,96276.1873385499,52147.79360011909,52147.79360011909,0.0,19450.189859474696,14208.662839398978,10469.541039557142,0.0,44128.393738430816,52147.79360011909,586510.3549814374,780322.9919956545,1060914.7653784847,2944325.860129652,7,0,0,0,16,16,11,11,11,0,0,0,0,5,0,5,0,5,5,5
2042,Prince Edward Island,Cybersecurity Focus,152001.3461718555,22419.820172652544,29278.880004682425,51698.70017733497,Industrial Cybersecurity Analyst,100302.64599452051,54655.898545342025,54655.898545342025,0.0,20228.197453853685,14634.922724580949,10783.627270743857,0.0,45646.74744917849,54655.898545342025,670491.7712758514,913011.1897405621,1274707.8787305993,3882279.51671389,7,0,0,0,17,17,11,11,11,0,0,0,0,6,0,6,0,6,6,6
2043,Prince Edward Island,Cybersecurity Focus,159692.61428815138,23881.16111474876,31278.60971491936,55159.77082966812,Industrial Cybersecurity Analyst,104532.84345848326,57314.411611290874,57314.411611290874,0.0,21037.325352007836,15073.970406318378,11107.136088866171,0.0,47218.43184719238,57314.411611290874,761330.7714509349,1061626.7203259093,1523228.47215148,5104277.783339348,7,0,0,0,18,18,11,11,11,0,0,0,0,7,0,7,0,7,7,7
2044,Prince Edward Island,Cybersecurity Focus,167773.06057113182,25416.445908515045,33379.52574849427,58795.971657009315,Industrial Cybersecurity Analyst,108977.0889141225,60131.73085799426,60131.73085799426,0.0,21878.81836608815,15526.18951850793,11440.350171532158,0.0,48845.35805612824,60131.73085799426,859529.040881476,1227921.1232164945,1811844.4738321959,6695692.849199147,7,0,0,0,19,19,11,11,11,0,0,0,0,8,0,8,0,8,8,8
2045,Prince Edward Island,Cybersecurity Focus,176262.3774360311,27029.41611284591,35586.748133368084,62616.16424621399,Industrial Cybersecurity Analyst,113646.21318981709,63116.70620834413,63116.70620834413,0.0,22753.971100731676,15991.975204063167,11783.560676678122,0.0,50529.506981472965,63116.70620834413,965622.1991338939,1413829.941746488,2146737.8511153692,8767517.410167236,7,0,0,0,20,20,11,11,11,0,0,0,0,9,0,9,0,9,9,9
2046,Prince Edward Island,Cybersecurity Focus,185181.25373429427,28724.002609515912,38017.89358294534,66741.89619246125,Industrial Cybersecurity Analyst,118439.35754183301,66166.42563990854,66166.42563990854,0.0,23664.12994476094,16471.734460185064,12137.067496978469,0.0,52272.93190192447,66166.42563990854,1080069.7347304972,1621379.3615610455,2534914.9544225833,11463939.058857316,7,0,0,0,21,21,11,11,11,0,0,0,0,10,0,10,0,10,10,10
2047,Prince Edward Island,Cybersecurity Focus,194551.42517324956,30504.335182917413,40735.24330024237,71239.57848315978,Industrial Cybersecurity Analyst,123311.84669008978,69234.08553165995,69234.08553165995,0.0,24610.695142551383,16965.886493990616,12501.179521887821,0.0,54077.76115842982,69234.08553165995,1203307.306998682,1852751.3832488102,2984386.2831176305,14972354.862046171,7,0,0,0,22,22,11,11,11,0,0,0,0,11,0,11,0,11,11,11
2048,Prince Edward Island,Cybersecurity Focus,204395.727287016,32374.75258453304,43590.090913234635,75964.84349776767,Industrial Cybersecurity Analyst,128430.88378924833,72484.68284464009,72484.68284464009,0.0,25595.12294825344,17474.863088810336,12876.214907544458,0.0,55946.20094460824,72484.68284464009,1335957.3551932562,2110511.2044183314,3504528.908429915,19536546.00350466,7,0,0,0,23,23,11,11,11,0,0,0,0,12,0,12,0,12,12,12
2049,Prince Edward Island,Cybersecurity Focus,214738.15108773898,34339.81310667041,46589.3938154443,80929.20692211471,Industrial Cybersecurity Analyst,133808.94416562427,75928.40596319526,75928.40596319526,0.0,26618.927866183578,17999.108981474645,13262.50135477079,0.0,57880.538202429016,75928.40596319526,1478683.6289161143,2397490.7308233604,4106136.650657597,25473438.210519254,7,0,0,0,24,24,11,11,11,0,0,0,0,13,0,13,0,13,13,13
2050,Prince Edward Island,Cybersecurity Focus,225603.90153277857,36404.30569122793,49740.46144450579,86144.76713573371,Industrial Cybersecurity Analyst,139459.13439704487,79575.99076988114,79575.99076988114,0.0,27683.684980830927,18539.082250918884,13660.376395413916,0.0,59883.14362716373,79575.99076988114,1632193.8011318012,2716815.794675578,4801633.139026117,33195045.664444912,7,0,0,0,25,25,11,11,11,0,0,0,0,14,0,14,0,14,14,14
2051,Prince Edward Island,Cybersecurity Focus,237019.45895033717,38573.26160056406,53050.97309559778,91624.23469616185,Industrial Cybersecurity Analyst,145395.22425417532,83438.74946838839,83438.74946838839,0.0,28791.032380064156,19095.25471844645,14070.187687276333,0.0,61956.47478578694,83438.74946838839,1797242.2406567796,3071936.1236115242,5605316.859348422,43236998.113246776,7,0,0,0,26,26,11,11,11,0,0,0,0,15,0,15,0,15,15,15
2052,Prince Edward Island,Cybersecurity Focus,249012.64357322422,40851.966678912606,56528.996636235024,97380.96331514763,Industrial Cybersecurity Analyst,151631.68025807658,87528.6009049154,87528.6009049154,0.0,29942.673675266724,19668.112359999846,14492.293317894622,0.0,64103.07935316119,87528.6009049154,1974632.9535945342,3466658.3368775924,6533642.9891556,56295626.14812572,7,0,0,0,27,27,11,11,11,0,0,0,0,16,0,16,0,16,16,16
2053,Prince Edward Island,Cybersecurity Focus,261612.68333802934,43245.97423422558,60308.23550154968,103554.20973577525,Industrial Cybersecurity Analyst,158058.4736022541,91732.87513174539,91732.87513174539,0.0,31140.3806222774,20258.155730799845,14927.062117431462,0.0,66325.5984705087,91732.87513174539,2165097.4764060066,3905057.045697097,7605422.312660685,73276046.86769518,7,0,0,0,28,28,11,11,11,0,0,0,0,17,0,17,0,17,17,17
2054,Prince Edward Island,Cybersecurity Focus,274850.2851149336,45761.11857183739,64676.64408792809,110437.76265976549,Industrial Cybersecurity Analyst,164412.52245516813,95785.75222432139,95785.75222432139,0.0,32385.995847168495,20865.900402723837,15374.873980954408,0.0,68626.77023084674,95785.75222432139,2369138.1024506283,4391348.502491129,8842021.411784107,95354646.68022807,7,0,0,0,29,29,11,11,11,0,0,0,0,18,0,18,0,18,18,18
2055,Prince Edward Island,Cybersecurity Focus,288757.70954174927,48403.529212932364,69266.09414877727,117669.62336170963,Industrial Cybersecurity Analyst,171088.08618003962,100078.65288379579,100078.65288379579,0.0,33681.43568105524,21491.877414805553,15836.120200383039,0.0,71009.43329624383,100078.65288379579,2587673.6604569554,4930562.005624038,10268403.276435519,124061119.33718029,7,0,0,0,30,30,11,11,11,0,0,0,0,19,0,19,0,19,19,19
2056,Prince Edward Island,Cybersecurity Focus,303368.8496445618,51179.64583246675,74087.7703827054,125267.41621517215,Industrial Cybersecurity Analyst,178101.43342938967,104624.90277744798,104624.90277744798,0.0,35028.69310829745,22136.63373724972,16311.203806394531,0.0,73476.53065194169,104624.90277744798,2821682.246257251,5528243.108963891,11913288.670678293,161384080.0411118,7,0,0,0,31,31,11,11,11,0,0,0,0,20,0,20,0,20,20,20
2057,Prince Edward Island,Cybersecurity Focus,318719.31343657663,54096.233952949566,79153.42343407028,133249.65738701983,Industrial Cybersecurity Analyst,185469.6560495568,109438.54254697388,109438.54254697388,0.0,36429.84083262934,22800.73274936721,16800.539920586365,0.0,76031.11350258291,109438.54254697388,3072204.901117088,6190505.962407254,13809720.513827011,209908742.59599233,7,0,0,0,32,32,11,11,11,0,0,0,0,21,0,21,0,21,21,21
2058,Prince Edward Island,Cybersecurity Focus,334846.51069646736,57160.4014323288,84475.39852983423,141635.79996216303,Industrial Cybersecurity Analyst,193210.71073430433,114534.36541831764,114534.36541831764,0.0,37887.034465934514,23484.75473184823,17304.556118203956,0.0,78676.34531598669,114534.36541831764,3340349.51159126,6924090.924066298,15995712.956319379,272995899.7402083,7,0,0,0,33,33,11,11,11,0,0,0,0,22,0,22,0,22,22,22
2059,Prince Edward Island,Cybersecurity Focus,351789.7441377086,60379.615786164635,90066.66556544385,150446.2813516085,Industrial Cybersecurity Analyst,201343.46278610014,119927.95676597448,119927.95676597448,0.0,39402.515844571906,24189.297373803674,17823.692801750076,0.0,81415.50602012566,119927.95676597448,3627294.9439367973,7736427.973238903,18514997.85653326,355014597.6190368,7,0,0,0,34,34,11,11,11,0,0,0,0,23,0,23,0,23,23,23
2060,Prince Edward Island,Cybersecurity Focus,369590.30519107665,63761.722386304566,95940.85071305529,159702.57309935987,Industrial Cybersecurity Analyst,209887.73209171678,125635.73573254164,125635.73573254164,0.0,40978.61647835478,24914.976295017786,18358.403585802578,0.0,84251.99635917514,125635.73573254164,3934295.426866179,8635706.506295336,21417883.270745788,461644612.6404804,7,0,0,0,35,35,11,11,11,0,0,0,0,24,0,24,0,24,24,24
2061,Prince Edward Island,Cybersecurity Focus,388291.5746337451,67314.96358041157,102112.2696291359,169427.23320954747,Industrial Cybersecurity Analyst,218864.34142419766,131674.9990094637,131674.9990094637,0.0,42617.761137488975,25662.425583868324,18909.15569337666,0.0,87189.34241473395,131674.9990094637,4262685.197218952,9630952.155934336,24762240.760367118,600269671.4316341,7,0,0,0,36,36,11,11,11,0,0,0,0,25,0,25,0,25,25,25
2062,Prince Edward Island,Cybersecurity Focus,407939.12831021263,71047.9987789404,108595.96234237017,179643.96112131057,Industrial Cybersecurity Analyst,228295.16718890207,138063.9668903512,138063.9668903512,0.0,44322.47158298854,26432.298351384376,19476.43036417796,0.0,90231.20029855087,138063.9668903512,4613883.42397025,10732111.338418122,28614640.841312535,780488636.8280146,7,0,0,0,37,37,11,11,11,0,0,0,0,26,0,26,0,26,26,26
2063,Prince Edward Island,Cybersecurity Focus,428580.8482027094,74969.92555851479,115407.7299068941,190377.6554654089,Industrial Cybersecurity Analyst,238203.1927373005,144821.83171396324,144821.83171396324,0.0,46095.37044630807,27225.267301925902,20060.723275103297,0.0,93381.36102333727,144821.83171396324,4989399.426882726,11950144.303973898,33051658.799223375,1014780049.708133,7,0,0,0,38,38,11,11,11,0,0,0,0,27,0,27,0,27,27,27
2064,Prince Edward Island,Cybersecurity Focus,450267.03912176646,79090.30183313563,122564.17291018294,201654.47474331857,Industrial Cybersecurity Analyst,248612.5643784479,151968.80881994742,151968.80881994742,0.0,47939.1852641604,28042.025320983685,20662.5449733564,0.0,96643.75555850047,151968.80881994742,5390838.207046811,13297127.543191237,38161376.42792683,1319366033.4293928,7,0,0,0,39,39,11,11,11,0,0,0,0,28,0,28,0,28,28,28
2065,Prince Edward Island,Cybersecurity Focus,473050.5513013278,83419.16914725228,130082.73192943819,213501.90107669047,Industrial Cybersecurity Analyst,259548.65022463736,159526.19014674026,159526.19014674026,0.0,49856.75267472681,28883.28608061319,21282.42132255709,0.0,100022.46007789709,159526.19014674026,5819906.307545892,14786366.487657104,44045109.08226259,1715335369.6483574,7,0,0,0,40,40,11,11,11,0,0,0,0,29,0,29,0,29,29,29
2066,Prince Edward Island,Cybersecurity Focus,496986.90919717506,87967.07714746326,137981.73003506777,225948.80718253105,Industrial Cybersecurity Analyst,271038.102014644,167516.40060766274,167516.40060766274,0.0,51851.02278171589,29749.78466303159,21920.8939622338,0.0,103521.70140698127,167516.40060766274,6278418.02353085,16432519.537030477,50819391.845209636,2230103496.9434724,7,0,0,0,41,41,11,11,11,0,0,0,0,30,0,30,0,30,30,30
2067,Prince Edward Island,Cybersecurity Focus,522134.44680255203,92745.10929248489,146280.41744484217,239025.52673732705,Industrial Cybersecurity Analyst,283108.920065225,175963.0573882171,175963.0573882171,0.0,53925.063692984535,30642.27820292254,22578.520781100815,0.0,107145.86267700788,175963.0573882171,6768301.98209561,18251734.548121743,58618263.67937929,2899310509.0839024,7,0,0,0,42,42,11,11,11,0,0,0,0,31,0,31,0,31,31,31
2068,Prince Edward Island,Cybersecurity Focus,548554.4498107613,97764.90986404465,154999.01843755122,252763.92830159585,Industrial Cybersecurity Analyst,295790.5215091654,184891.03231491745,184891.03231491745,0.0,56082.06624070391,31561.546549010214,23255.87640453384,0.0,110899.48919424796,184891.03231491745,7291608.113515308,20261799.03524884,67595894.2636011,3769288552.8413877,7,0,0,0,43,43,11,11,11,0,0,0,0,32,0,32,0,32,32,32
2069,Prince Edward Island,Cybersecurity Focus,576311.3049711856,103038.71234452528,164158.78064049128,267197.49298501655,Industrial Cybersecurity Analyst,309113.8119861691,194326.51745368663,194326.51745368663,0.0,58325.34889033207,32508.39294548052,23953.552696669856,0.0,114787.29453248244,194326.51745368663,7850515.0366447605,22482305.45622741,77929604.92059493,4900269445.211258,7,0,0,0,44,44,11,11,11,0,0,0,0,33,0,33,0,33,33,33
2070,Prince Edward Island,Cybersecurity Focus,605472.6570027277,108579.36923051828,173782.02681090016,282361.3960414184,Industrial Cybersecurity Analyst,323111.2609613093,204297.09410394906,204297.09410394906,0.0,60658.36284594536,33483.644733844936,24672.159277569954,0.0,118814.16685736025,204297.09410394906,8447337.882580947,24934833.0959541,89823342.75278811,6370554575.868739,7,0,0,0,45,45,11,11,11,0,0,0,0,34,0,34,0,34,34,34
2071,Prince Edward Island,Cybersecurity Focus,636109.5734470657,114400.38335494247,183892.20923753167,298292.59259247413,Industrial Cybersecurity Analyst,337816.98085459153,214831.805363051,214831.805363051,0.0,63084.697359783175,34488.154075860286,25412.32405589705,0.0,122985.17549154052,214831.805363051,9084536.582073046,27643148.210912567,103511675.97106937,8281935780.434724,7,0,0,0,46,46,11,11,11,0,0,0,0,35,0,35,0,35,35,35
2072,Prince Edward Island,Cybersecurity Focus,668296.7178634872,120515.94079406257,194513.96689495078,315029.90768901334,Industrial Cybersecurity Analyst,353266.81017447385,225961.23244458926,225961.23244458926,0.0,65608.08525417451,35522.798698136095,26174.693777573968,0.0,127305.57772988458,225961.23244458926,9764724.643621288,30633424.264448415,119264388.59917435,10766742475.797586,7,0,0,0,47,47,11,11,11,0,0,0,0,36,0,36,0,36,36,36
2073,Prince Edward Island,Cybersecurity Focus,702112.5317873796,126940.94543960213,205673.18548983528,332614.1309294374,Industrial Cybersecurity Analyst,369498.40085794224,237717.57494361937,237717.57494361937,0.0,68232.40866434149,36588.48265908018,26959.934590901183,0.0,131780.82591432286,237717.57494361937,10490678.450745972,33934484.26583688,137391764.46399412,13997002936.111807,7,0,0,0,48,48,11,11,11,0,0,0,0,37,0,37,0,37,37,37
2074,Prince Edward Island,Cybersecurity Focus,737639.425895821,133691.05532020598,217397.06054562092,351088.1158658269,Industrial Cybersecurity Analyst,386551.31002999406,250134.73525159812,250134.73525159812,0.0,70961.70501091515,37686.13713885259,27768.73262862822,0.0,136416.57477839594,250134.73525159812,11265347.108534869,37578067.42767217,158250663.86884484,18196353951.680603,7,0,0,0,49,49,11,11,11,0,0,0,0,38,0,38,0,38,38,38
2075,Prince Edward Island,Cybersecurity Focus,774963.9808461496,140782.72076076842,229714.1636792294,370496.88443999784,Industrial Cybersecurity Analyst,404467.0964061518,263248.40733429475,263248.40733429475,0.0,73800.17321135175,38816.721253018164,28601.794607487067,0.0,141218.689071857,263248.40733429475,12091862.871295907,41599122.57777369,182251511.85650584,23655523385.592117,7,0,0,0,50,50,11,11,11,0,0,0,0,39,0,39,0,39,39,39
2026,Prince Edward Island,I&C to Cybersecurity,14666.666666666666,1393.3333333333333,2053.3333333333335,3446.666666666667,I&C Engineering Diploma,11220.0,-21286.666666666668,0.0,0.0,10800.0,9120.0,6720.0,5866.666666666667,32506.666666666668,-21286.666666666668,0.0,0.0,0.0,0.0,0,0,0,0,0,0,0,0,0,0,0,0,0,1,1,1,1,1,0,1
2027,Prince Edward Island,I&C to Cybersecurity,14666.666666666666,1393.3333333333333,2053.3333333333335,3446.666666666667,I&C Engineering Diploma,11220.0,-22193.86666666667,0.0,0.0,11232.0,9393.6,6921.6,5866.666666666667,33413.86666666667,-22193.86666666667,0.0,0.0,0.0,0.0,0,0,0,0,0,0,0,0,0,0,0,0,0,2,2,2,2,2,0,2
2028,Prince Edward Island,I&C to Cybersecurity,14666.666666666666,1393.3333333333333,2053.3333333333335,3446.666666666667,I&C Engineering Diploma,11220.0,-23132.602666666666,0.0,0.0,11681.28,9675.408,7129.248,5866.666666666667,34352.602666666666,-23132.602666666666,0.0,0.0,0.0,0.0,0,0,0,0,0,0,0,0,0,0,0,0,0,3,3,3,3,3,0,3
2029,Prince Edward Island,I&C to Cybersecurity,44167.44300134399,4602.412972281036,6183.442020188159,10785.854992469194,Instrumentation & Control Tech (Apprentice),33381.588008874794,3924.261128874794,3924.261128874794,0.0,12148.531200000001,9965.67024,7343.125440000001,0.0,29457.32688,3924.261128874794,3924.261128874794,3924.261128874794,3924.261128874794,3924.261128874794,0,0,0,0,0,0,0,0,0,0,0,0,0,4,4,4,4,3,0,3
2030,Prince Edward Island,I&C to Cybersecurity,46852.82353582571,4964.133730275722,6559.3952950156,11523.529025291322,Instrumentation & Control Tech (Apprentice),35329.29451053438,4866.762512134381,4866.762512134381,0.0,12634.472448,10264.6403472,7563.419203200001,0.0,30462.5319984,4866.762512134381,8987.236697452914,9183.449753896653,9379.662810340393,9968.301979671614,0,0,0,0,0,0,0,0,0,0,0,0,0,5,5,5,5,3,0,3
2031,Prince Edward Island,I&C to Cybersecurity,49701.475206803916,5347.847110356487,6958.206528952549,12306.053639309037,Instrumentation & Control Tech (Apprentice),37395.42156749488,5892.668884662875,5892.668884662875,0.0,13139.85134592,10572.579557616002,7790.321779296,0.0,31502.752682832004,5892.668884662875,15329.267416988436,15994.463613949194,16679.281116554324,18851.46145823597,0,0,0,0,0,0,0,0,0,0,0,0,0,6,6,6,6,3,0,3
2032,Prince Edward Island,I&C to Cybersecurity,52723.324899377585,5754.89026394616,7381.2654859128625,13136.155749859023,Instrumentation & Control Tech (Apprentice),39587.169149518566,7007.935372742399,7007.935372742399,0.0,13665.445399756805,10889.75694434448,8024.03143267488,0.0,32579.233776776167,7007.935372742399,23103.66616058026,24601.845348086514,26189.10865677987,31514.835268449162,0,0,0,0,0,0,0,0,0,0,0,0,0,7,7,7,7,3,0,3
2033,Prince Edward Island,I&C to Cybersecurity,55928.903053259746,6186.681641274087,7830.046427456366,14016.728068730452,Instrumentation & Control Tech (Apprentice),41912.174984529294,8218.909740452276,8218.909740452276,0.0,14212.063215747075,11216.449652674815,8264.752375655127,0.0,33693.26524407702,8218.909740452276,32477.759209061547,35280.93962334744,38336.384695749126,49188.19558943619,0,0,0,0,0,0,0,0,0,0,0,0,0,8,8,8,8,3,0,3
2034,Prince Edward Island,I&C to Cybersecurity,92790.95700600935,11996.191262997552,15218.151186231918,27214.342449229473,Instrumentation & Control Tech (Red Seal),65576.61455677988,30730.43072322308,30730.43072322308,0.0,14780.545744376957,11552.94314225506,8512.694946924783,0.0,34846.1838335568,30730.43072322308,64832.0778927377,69539.46430890527,74817.27312333457,94675.08498949013,0,0,0,0,0,0,0,0,0,0,0,0,0,9,9,9,9,3,0,3
2035,Prince Edward Island,I&C to Cybersecurity,97012.94554978277,12697.04136126394,16083.658837705469,28780.70019896941,Instrumentation & Control Tech (Red Seal),68232.24535081336,32192.87054480608,32192.87054480608,0.0,15371.76757415204,11899.531436522713,8768.075795332526,0.0,36039.37480600728,32192.87054480608,100266.55233218067,108686.28128460188,118232.73463664083,155270.48103114325,0,0,0,0,0,0,0,0,0,0,0,0,0,10,10,10,10,3,0,3
2036,Prince Edward Island,I&C to Cybersecurity,101427.03457229787,13429.780139001447,16988.547087321065,30418.32722632251,Instrumentation & Control Tech (Red Seal),71008.70734597536,33734.433620046344,33734.433620046344,0.0,15986.63827711812,12256.517379618395,9031.118069192502,0.0,37274.273725929015,33734.433620046344,139014.31356883605,153289.34303310842,169702.07845218328,235586.0589605326,0,0,0,0,0,0,0,0,0,0,0,0,0,11,11,11,11,3,0,3
2037,Prince Edward Island,I&C to Cybersecurity,106041.96464533742,14195.85853112601,17934.60775229417,32130.46628342018,Instrumentation & Control Tech (Red Seal),73911.49836191724,35359.13004143917,35359.13004143917,0.0,16626.103808202846,12624.212901006946,9302.051611268276,0.0,38552.36832047807,35359.13004143917,181324.15928871703,203977.40737785844,230516.52026144994,341621.0066901315,0,0,0,0,0,0,0,0,0,0,0,0,0,12,12,12,12,3,0,3
2038,Prince Edward Island,I&C to Cybersecurity,110866.87403670025,15037.357605266583,18923.71417752355,33961.07178279013,Instrumentation & Control Tech (Red Seal),76905.80225391011,37030.60184573567,37030.60184573567,0.0,17291.14796053096,13002.939288037156,9581.113159606324,0.0,39875.20040817444,37030.60184573567,227420.96909888857,261405.74996137997,302124.60014640307,481137.91054290667,0,0,0,0,0,0,0,0,0,0,0,0,0,13,13,13,13,3,0,3
2039,Prince Edward Island,I&C to Cybersecurity,115911.31680537011,15926.188421106213,19957.824945100874,35884.01336620709,Instrumentation & Control Tech (Red Seal),80027.30343916302,38782.93553913804,38782.93553913804,0.0,17982.7938789522,13393.02746667827,9868.546554394516,0.0,41244.36790002498,38782.93553913804,277574.95309297106,326329.260496656,386226.2257075015,664262.2192449167,0,0,0,0,0,0,0,0,0,0,0,0,0,14,14,14,14,3,0,3
2040,Prince Edward Island,I&C to Cybersecurity,121185.28172001442,16855.46103906654,21266.70324720375,38122.16428627029,Instrumentation & Control Tech (Red Seal),83063.11743374413,40401.590557928874,40401.590557928874,0.0,18702.10563411029,13794.81829067862,10164.60295102635,0.0,42661.52687581526,40401.590557928874,331855.2913055485,399363.7771042505,484561.75012155564,903942.4755763207,0,0,0,0,0,0,0,0,0,0,0,0,0,15,15,15,15,3,0,3
2041,Prince Edward Island,I&C to Cybersecurity,126699.21203827506,17827.015561144064,22700.325129951514,40527.34069109558,Instrumentation & Control Tech (Red Seal),86171.87134717948,42043.47760874866,42043.47760874866,0.0,19450.189859474696,14208.662839398978,10469.541039557142,0.0,44128.393738430816,42043.47760874866,390491.5334795746,481343.6324234242,599289.4902485376,1217168.6958579656,0,0,0,0,0,0,0,0,0,0,0,0,0,16,16,16,16,3,0,3
2042,Prince Edward Island,I&C to Cybersecurity,132464.02618601656,18842.77581397612,24199.176808364307,43041.952622340425,Instrumentation & Control Tech (Red Seal),89422.07356367614,43775.32611449765,43775.32611449765,0.0,20228.197453853685,14634.922724580949,10783.627270743857,0.0,45646.74744917849,43775.32611449765,453791.43626805104,573253.3217802643,732958.2399003159,1626094.630729853,0,0,0,0,0,0,0,0,0,0,0,0,0,17,17,17,17,3,0,3
2043,Prince Edward Island,I&C to Cybersecurity,138491.13937748031,19904.753158312033,25766.22623814488,45670.97939645691,Instrumentation & Control Tech (Red Seal),92820.1599810234,45601.72813383102,45601.72813383102,0.0,21037.325352007836,15073.970406318378,11107.136088866171,0.0,47218.43184719238,45601.72813383102,522082.7362152846,676180.3820921218,888503.7040191942,2159524.74808264,0,0,0,0,0,0,0,0,0,0,0,0,0,18,18,18,18,3,0,3
2044,Prince Edward Island,I&C to Cybersecurity,144792.48621915566,21050.136781639576,27404.57641698047,48454.71319862005,Instrumentation & Control Tech (Red Seal),96337.77302053562,47492.41496440738,47492.41496440738,0.0,21878.81836608815,15526.18951850793,11440.350171532158,0.0,48845.35805612824,47492.41496440738,595679.2879904562,791290.8352657413,1069271.6745864807,2854874.5874718395,0,0,0,0,0,0,0,0,0,0,0,0,0,19,19,19,19,3,0,3
2045,Prince Edward Island,I&C to Cybersecurity,176262.3774360311,27029.41611284591,35586.748133368084,62616.16424621399,Industrial Cybersecurity Analyst,113646.21318981709,63116.70620834413,63116.70620834413,0.0,22753.971100731676,15991.975204063167,11783.560676678122,0.0,50529.506981472965,63116.70620834413,688579.9585983232,933536.6250006596,1292779.1319827968,3774453.669921736,0,0,0,0,1,1,0,0,0,0,0,0,0,20,19,20,19,4,1,4
2046,Prince Edward Island,I&C to Cybersecurity,185181.25373429427,28724.002609515912,38017.89358294534,66741.89619246125,Industrial Cybersecurity Analyst,118439.35754183301,66166.42563990854,66166.42563990854,0.0,23664.12994476094,16471.734460185064,12137.067496978469,0.0,52272.93190192447,66166.42563990854,789175.3821681478,1093056.7131406344,1552862.4274201249,4972956.196538165,0,0,0,0,2,2,0,0,0,0,0,0,0,21,19,21,19,5,2,5
2047,Prince Edward Island,I&C to Cybersecurity,194551.42517324956,30504.335182917413,40735.24330024237,71239.57848315978,Industrial Cybersecurity Analyst,123311.84669008978,69234.08553165995,69234.08553165995,0.0,24610.695142551383,16965.886493990616,12501.179521887821,0.0,54077.76115842982,69234.08553165995,897868.2368082153,1271596.4699863577,1855025.8770648034,6534077.1410312755,0,0,0,0,3,3,0,0,0,0,0,0,0,22,19,22,19,6,3,6
2048,Prince Edward Island,I&C to Cybersecurity,204395.727287016,32374.75258453304,43590.090913234635,75964.84349776767,Industrial Cybersecurity Analyst,128430.88378924833,72484.68284464009,72484.68284464009,0.0,25595.12294825344,17474.863088810336,12876.214907544458,0.0,55946.20094460824,72484.68284464009,1015246.3314932662,1471240.7998296337,2205764.441469164,8566784.9661853,0,0,0,0,4,4,0,0,0,0,0,0,0,23,19,23,19,7,4,7
2049,Prince Edward Island,I&C to Cybersecurity,214738.15108773898,34339.81310667041,46589.3938154443,80929.20692211471,Industrial Cybersecurity Analyst,133808.94416562427,75928.40596319526,75928.40596319526,0.0,26618.927866183578,17999.108981474645,13262.50135477079,0.0,57880.538202429016,75928.40596319526,1141937.0540311248,1694293.2857757923,2612557.5136527335,11212748.862004086,0,0,0,0,5,5,0,0,0,0,0,0,0,24,19,24,19,8,5,8
2050,Prince Edward Island,I&C to Cybersecurity,225603.90153277857,36404.30569122793,49740.46144450579,86144.76713573371,Industrial Cybersecurity Analyst,139459.13439704487,79575.99076988114,79575.99076988114,0.0,27683.684980830927,18539.082250918884,13660.376395413916,0.0,59883.14362716373,79575.99076988114,1278609.8975025623,1943298.6051232528,3084017.1314705247,14656149.511375194,0,0,0,0,6,6,0,0,0,0,0,0,0,25,19,25,19,9,6,9
2051,Prince Edward Island,I&C to Cybersecurity,237019.45895033717,38573.26160056406,53050.97309559778,91624.23469616185,Industrial Cybersecurity Analyst,145395.22425417532,83438.74946838839,83438.74946838839,0.0,28791.032380064156,19095.25471844645,14070.187687276333,0.0,61956.47478578694,83438.74946838839,1425979.141846079,2221067.2151039666,3630058.4506594916,19136433.114256144,0,0,0,0,7,7,0,0,0,0,0,0,0,26,19,26,19,10,7,10
2052,Prince Edward Island,I&C to Cybersecurity,249012.64357322422,40851.966678912606,56528.996636235024,97380.96331514763,Industrial Cybersecurity Analyst,151631.68025807658,87528.6009049154,87528.6009049154,0.0,29942.673675266724,19668.112359999846,14492.293317894622,0.0,64103.07935316119,87528.6009049154,1584806.6998432984,2530702.537519279,4262095.81916333,24964891.649437904,0,0,0,0,8,8,0,0,0,0,0,0,0,27,19,27,19,11,8,11
2053,Prince Edward Island,I&C to Cybersecurity,261612.68333802934,43245.97423422558,60308.23550154968,103554.20973577525,Industrial Cybersecurity Analyst,158058.4736022541,91732.87513174539,91732.87513174539,0.0,31140.3806222774,20258.155730799845,14927.062117431462,0.0,66325.5984705087,91732.87513174539,1755779.9099672087,2875505.6664029523,4993143.067169575,32546092.01940102,0,0,0,0,9,9,0,0,0,0,0,0,0,28,19,28,19,12,9,12
2054,Prince Edward Island,I&C to Cybersecurity,274850.2851149336,45761.11857183739,64676.64408792809,110437.76265976549,Industrial Cybersecurity Analyst,164412.52245516813,95785.75222432139,95785.75222432139,0.0,32385.995847168495,20865.900402723837,15374.873980954408,0.0,68626.77023084674,95785.75222432139,1939354.6576898908,3258841.9852675693,5837900.279469333,42405705.377445646,0,0,0,0,10,10,0,0,0,0,0,0,0,29,19,29,19,13,10,13
2055,Prince Edward Island,I&C to Cybersecurity,288757.70954174927,48403.529212932364,69266.09414877727,117669.62336170963,Industrial Cybersecurity Analyst,171088.08618003962,100078.65288379579,100078.65288379579,0.0,33681.43568105524,21491.877414805553,15836.120200383039,0.0,71009.43329624383,100078.65288379579,2136401.0434581814,3684804.836678122,6813663.974273528,55227495.64356314,0,0,0,0,11,11,0,0,0,0,0,0,0,30,19,30,19,14,11,14
2056,Prince Edward Island,I&C to Cybersecurity,303368.8496445618,51179.64583246675,74087.7703827054,125267.41621517215,Industrial Cybersecurity Analyst,178101.43342938967,104624.90277744798,104624.90277744798,0.0,35028.69310829745,22136.63373724972,16311.203806394531,0.0,73476.53065194169,104624.90277744798,2347845.9984085383,4157910.223123383,7940338.4731920045,71900369.23940952,0,0,0,0,12,12,0,0,0,0,0,0,0,31,19,31,19,15,12,15
2057,Prince Edward Island,I&C to Cybersecurity,318719.31343657663,54096.233952949566,79153.42343407028,133249.65738701983,Industrial Cybersecurity Analyst,185469.6560495568,109438.54254697388,109438.54254697388,0.0,36429.84083262934,22800.73274936721,16800.539920586365,0.0,76031.11350258291,109438.54254697388,2574676.8408759395,4683139.787982695,9240827.786717778,93579918.55377935,0,0,0,0,13,13,0,0,0,0,0,0,0,32,19,32,19,16,13,16
2058,Prince Edward Island,I&C to Cybersecurity,334846.51069646736,57160.4014323288,84475.39852983423,141635.79996216303,Industrial Cybersecurity Analyst,193210.71073430433,114534.36541831764,114534.36541831764,0.0,37887.034465934514,23484.75473184823,17304.556118203956,0.0,78676.34531598669,114534.36541831764,2817945.048338054,5265988.132199283,10741486.320143761,121768428.48533148,0,0,0,0,14,14,0,0,0,0,0,0,0,33,19,33,19,17,14,17
2059,Prince Edward Island,I&C to Cybersecurity,351789.7441377086,60379.615786164635,90066.66556544385,150446.2813516085,Industrial Cybersecurity Analyst,201343.46278610014,119927.95676597448,119927.95676597448,0.0,39402.515844571906,24189.297373803674,17823.692801750076,0.0,81415.50602012566,119927.95676597448,3078770.2575209313,5912514.902185187,12472637.224931298,158418884.98769692,0,0,0,0,15,15,0,0,0,0,0,0,0,34,19,34,19,18,15,18
2060,Prince Edward Island,I&C to Cybersecurity,369590.30519107665,63761.722386304566,95940.85071305529,159702.57309935987,Industrial Cybersecurity Analyst,209887.73209171678,125635.73573254164,125635.73573254164,0.0,40978.61647835478,24914.976295017786,18358.403585802578,0.0,84251.99635917514,125635.73573254164,3358344.5061295195,6629402.128136247,14469168.544403534,206070186.21973854,0,0,0,0,16,16,0,0,0,0,0,0,0,35,19,35,19,19,16,19
2061,Prince Edward Island,I&C to Cybersecurity,388291.5746337451,67314.96358041157,102112.2696291359,169427.23320954747,Industrial Cybersecurity Analyst,218864.34142419766,131674.9990094637,131674.9990094637,0.0,42617.761137488975,25662.425583868324,18909.15569337666,0.0,87189.34241473395,131674.9990094637,3657936.7304454595,7424017.339959336,16771218.825073527,268022917.0846696,0,0,0,0,17,17,0,0,0,0,0,0,0,36,19,36,19,20,17,20
2062,Prince Edward Island,I&C to Cybersecurity,407939.12831021263,71047.9987789404,108595.96234237017,179643.96112131057,Industrial Cybersecurity Analyst,228295.16718890207,138063.9668903512,138063.9668903512,0.0,44322.47158298854,26432.298351384376,19476.43036417796,0.0,90231.20029855087,138063.9668903512,3978897.533858084,8304483.040845621,19424965.615724906,348567856.1769608,0,0,0,0,18,18,0,0,0,0,0,0,0,37,19,37,19,21,18,21
2063,Prince Edward Island,I&C to Cybersecurity,428580.8482027094,74969.92555851479,115407.7299068941,190377.6554654089,Industrial Cybersecurity Analyst,238203.1927373005,144821.83171396324,144821.83171396324,0.0,46095.37044630807,27225.267301925902,20060.723275103297,0.0,93381.36102333727,144821.83171396324,4322664.242264952,9279753.176644148,22483532.289797604,453283034.86176306,0,0,0,0,19,19,0,0,0,0,0,0,0,38,19,38,19,22,19,22
2064,Prince Edward Island,I&C to Cybersecurity,450267.03912176646,79090.30183313563,122564.17291018294,201654.47474331857,Industrial Cybersecurity Analyst,248612.5643784479,151968.80881994742,151968.80881994742,0.0,47939.1852641604,28042.025320983685,20662.5449733564,0.0,96643.75555850047,151968.80881994742,4690766.2631981475,10359697.303128513,26008030.94208719,589419914.1291119,0,0,0,0,20,20,0,0,0,0,0,0,0,39,19,39,19,23,20,23
2065,Prince Edward Island,I&C to Cybersecurity,473050.5513013278,83419.16914725228,130082.73192943819,213501.90107669047,Industrial Cybersecurity Analyst,259548.65022463736,159526.19014674026,159526.19014674026,0.0,49856.75267472681,28883.28608061319,21282.42132255709,0.0,100022.46007789709,159526.19014674026,5084830.766504795,11555193.223588105,30068761.773547005,766405414.5579922,0,0,0,0,21,21,0,0,0,0,0,0,0,40,19,40,19,24,21,24
2066,Prince Edward Island,I&C to Cybersecurity,496986.90919717506,87967.07714746326,137981.73003506777,225948.80718253105,Industrial Cybersecurity Analyst,271038.102014644,167516.40060766274,167516.40060766274,0.0,51851.02278171589,29749.78466303159,21920.8939622338,0.0,103521.70140698127,167516.40060766274,5506588.7054376975,12878228.946554579,34746592.44018672,996494555.3259976,0,0,0,0,22,22,0,0,0,0,0,0,0,41,19,41,19,25,22,25
2067,Prince Edward Island,I&C to Cybersecurity,522134.44680255203,92745.10929248489,146280.41744484217,239025.52673732705,Industrial Cybersecurity Analyst,283108.920065225,175963.0573882171,175963.0573882171,0.0,53925.063692984535,30642.27820292254,22578.520781100815,0.0,107145.86267700788,175963.0573882171,5957881.1980978,14342014.898598254,40134544.363602936,1295618884.9811852,0,0,0,0,23,23,0,0,0,0,0,0,0,42,19,42,19,26,23,26
2068,Prince Edward Island,I&C to Cybersecurity,548554.4498107613,97764.90986404465,154999.01843755122,252763.92830159585,Industrial Cybersecurity Analyst,295790.5215091654,184891.03231491745,184891.03231491745,0.0,56082.06624070391,31561.546549010214,23255.87640453384,0.0,110899.48919424796,184891.03231491745,6440666.290317607,15961107.420772998,46339617.05045829,1684489441.507856,0,0,0,0,24,24,0,0,0,0,0,0,0,43,19,43,19,27,24,27
2069,Prince Edward Island,I&C to Cybersecurity,576311.3049711856,103038.71234452528,164158.78064049128,267197.49298501655,Industrial Cybersecurity Analyst,309113.8119861691,194326.51745368663,194326.51745368663,0.0,58325.34889033207,32508.39294548052,23953.552696669856,0.0,114787.29453248244,194326.51745368663,6957026.122287174,17751544.680303983,53484886.12548071,2190030600.4776664,0,0,0,0,25,25,0,0,0,0,0,0,0,44,19,44,19,28,25,28
2070,Prince Edward Island,I&C to Cybersecurity,605472.6570027277,108579.36923051828,173782.02681090016,282361.3960414184,Industrial Cybersecurity Analyst,323111.2609613093,204297.09410394906,204297.09410394906,0.0,60658.36284594536,33483.644733844936,24672.159277569954,0.0,118814.16685736025,204297.09410394906,7509174.522505482,19730996.24243833,61711916.13840676,2847244077.7150702,0,0,0,0,26,26,0,0,0,0,0,0,0,45,19,45,19,29,26,29
2071,Prince Edward Island,I&C to Cybersecurity,636109.5734470657,114400.38335494247,183892.20923753167,298292.59259247413,Industrial Cybersecurity Analyst,337816.98085459153,214831.805363051,214831.805363051,0.0,63084.697359783175,34488.154075860286,25412.32405589705,0.0,122985.17549154052,214831.805363051,8099465.053993807,21918927.672045216,71183535.36453082,3701632132.8349547,0,0,0,0,27,27,0,0,0,0,0,0,0,46,19,46,19,30,27,30
2072,Prince Edward Island,I&C to Cybersecurity,668296.7178634872,120515.94079406257,194513.96689495078,315029.90768901334,Industrial Cybersecurity Analyst,353266.81017447385,225961.23244458926,225961.23244458926,0.0,65608.08525417451,35522.798698136095,26174.693777573968,0.0,127305.57772988458,225961.23244458926,8730399.539138088,24336781.671694327,82087026.90165502,4812347733.917886,0,0,0,0,28,28,0,0,0,0,0,0,0,47,19,47,19,31,28,31
2073,Prince Edward Island,I&C to Cybersecurity,702112.5317873796,126940.94543960213,205673.18548983528,332614.1309294374,Industrial Cybersecurity Analyst,369498.40085794224,237717.57494361937,237717.57494361937,0.0,68232.40866434149,36588.48265908018,26959.934590901183,0.0,131780.82591432286,237717.57494361937,9404637.09103861,27008177.41380738,94637798.51184689,6256289771.668196,0,0,0,0,29,29,0,0,0,0,0,0,0,48,19,48,19,32,29,32
2074,Prince Edward Island,I&C to Cybersecurity,737639.425895821,133691.05532020598,217397.06054562092,351088.1158658269,Industrial Cybersecurity Analyst,386551.31002999406,250134.73525159812,250134.73525159812,0.0,70961.70501091515,37686.13713885259,27768.73262862822,0.0,136416.57477839594,250134.73525159812,10125003.68084214,29959129.89043972,109083603.02387552,8133426837.903906,0,0,0,0,30,30,0,0,0,0,0,0,0,49,19,49,19,33,30,33
2075,Prince Edward Island,I&C to Cybersecurity,774963.9808461496,140782.72076076842,229714.1636792294,370496.88443999784,Industrial Cybersecurity Analyst,404467.0964061518,263248.40733429475,263248.40733429475,0.0,73800.17321135175,38816.721253018164,28601.794607487067,0.0,141218.689071857,263248.40733429475,10894502.272218542,33218291.286817987,125709391.88479114,10573718137.682411,0,0,0,0,31,31,0,0,0,0,0,0,0,50,19,50,19,34,31,34
2026,Prince Edward Island,Cybersecurity Focus with Education,37400.0,3690.8383999999996,5236.000000000001,8926.8384,Masters in Cybersecurity,28473.1616,-11366.8384,0.0,0.0,10800.0,9120.0,6720.0,13200.0,39840.0,-11366.8384,0.0,0.0,0.0,0.0,0,0,0,0,1,1,1,1,1,0,0,0,0,0,0,0,0,1,1,1
2027,Prince Edward Island,Cybersecurity Focus with Education,37400.0,3690.8383999999996,5236.000000000001,8926.8384,Masters in Cybersecurity,28473.1616,-12274.038399999998,0.0,0.0,11232.0,9393.6,6921.6,13200.0,40747.2,-12274.038399999998,0.0,0.0,0.0,0.0,0,0,0,0,2,2,2,2,2,0,0,0,0,0,0,0,0,2,2,2
2028,Prince Edward Island,Cybersecurity Focus with Education,37400.0,3690.8383999999996,5236.000000000001,8926.8384,Masters in Cybersecurity,28473.1616,-13212.774400000002,0.0,0.0,11681.28,9675.408,7129.248,13200.0,41685.936,-13212.774400000002,0.0,0.0,0.0,0.0,0,0,0,0,3,3,3,3,3,0,0,0,0,0,0,0,0,3,3,3
2029,Prince Edward Island,Cybersecurity Focus with Education,24200.0,2299.0,3388.0000000000005,5687.0,PhD in Cybersecurity,18513.0,-20844.32688,0.0,0.0,12148.531200000001,9965.67024,7343.125440000001,9900.0,39357.32688,-20844.32688,0.0,0.0,0.0,0.0,1,0,0,0,4,4,4,4,4,0,0,0,0,0,0,0,0,4,4,4
2030,Prince Edward Island,Cybersecurity Focus with Education,24200.0,2299.0,3388.0000000000005,5687.0,PhD in Cybersecurity,18513.0,-21849.5319984,0.0,0.0,12634.472448,10264.6403472,7563.419203200001,9900.0,40362.5319984,-21849.5319984,0.0,0.0,0.0,0.0,2,0,0,0,5,5,5,5,5,0,0,0,0,0,0,0,0,5,5,5
2031,Prince Edward Island,Cybersecurity Focus with Education,24200.0,2299.0,3388.0000000000005,5687.0,PhD in Cybersecurity,18513.0,-22889.752682832004,0.0,0.0,13139.85134592,10572.579557616002,7790.321779296,9900.0,41402.752682832004,-22889.752682832004,0.0,0.0,0.0,0.0,3,0,0,0,6,6,6,6,6,0,0,0,0,0,0,0,0,6,6,6
2032,Prince Edward Island,Cybersecurity Focus with Education,56477.26656544702,6260.546206365712,7906.817319162584,14167.363525528297,SOC Level 1 Analyst,42309.90303991872,9730.66926314255,9730.66926314255,0.0,13665.445399756805,10889.75694434448,8024.03143267488,0.0,32579.233776776167,9730.66926314255,9730.66926314255,9730.66926314255,9730.66926314255,9730.66926314255,3,0,0,0,7,7,7,7,7,0,0,0,0,0,0,0,0,6,6,6
2033,Prince Edward Island,Cybersecurity Focus with Education,59335.01625365863,6645.485089367817,8359.68333200002,15005.168421367838,SOC Level 1 Analyst,44329.84783229079,10636.582588213772,10636.582588213772,0.0,14212.063215747075,11216.449652674815,8264.752375655127,0.0,33693.26524407702,10636.582588213772,20853.78531451345,21340.318777670578,21826.852240827706,23286.45263029909,3,0,0,0,8,8,8,8,8,0,0,0,0,0,0,0,0,6,6,6
2034,Prince Edward Island,Cybersecurity Focus with Education,62337.36807609376,7049.901879849829,8975.16545559922,16025.06733544905,SOC Level 1 Analyst,46312.30074064471,11466.116907087904,11466.116907087904,0.0,14780.545744376957,11552.94314225506,8512.694946924783,0.0,34846.1838335568,11466.116907087904,33362.59148732702,34940.46756252554,36566.99698403977,41738.50532647672,3,0,0,0,9,9,9,9,9,0,0,0,0,0,0,0,0,6,6,6
2035,Prince Edward Island,Cybersecurity Focus with Education,65491.638900744096,7474.782159930229,9621.79097465254,17096.57313458277,SOC Level 1 Analyst,48395.06576616132,12355.69096015404,12355.69096015404,0.0,15371.76757415204,11899.531436522713,8768.075795332526,0.0,36039.37480600728,12355.69096015404,47386.41202184741,50790.20527893214,54407.737491799766,66615.74788457378,3,0,0,0,10,10,10,10,10,0,0,0,0,0,0,0,0,6,6,6
2036,Prince Edward Island,Cybersecurity Focus with Education,98293.5940416025,12909.629010906014,16346.191778528511,29255.820789434525,SOC Level 2 Analyst,69037.77325216797,31763.499526238957,31763.499526238957,0.0,15986.63827711812,12256.517379618395,9031.118069192502,0.0,37274.273725929015,31763.499526238957,81519.23214917874,87632.72533306431,94332.39764180868,118363.97177618487,4,0,0,0,11,11,11,11,11,0,0,0,0,0,0,0,0,6,6,6
2037,Prince Edward Island,Cybersecurity Focus with Education,103267.24990010758,13735.255883417858,17365.791229522052,31101.04711293991,SOC Level 2 Analyst,72166.20278716767,33613.8344666896,33613.8344666896,0.0,16626.103808202846,12624.212901006946,9302.051611268276,0.0,38552.36832047807,33613.8344666896,119209.02822332729,130009.83233306036,142096.09175476956,187486.99777572992,5,0,0,0,12,12,12,12,12,0,0,0,0,0,0,0,0,6,6,6
2038,Prince Edward Island,Cybersecurity Focus with Education,108492.57274505301,14619.005717678341,18436.982412735866,33055.9881304142,SOC Level 2 Analyst,75436.5846146388,35561.38420646437,35561.38420646437,0.0,17291.14796053096,13002.939288037156,9581.113159606324,0.0,39875.20040817444,35561.38420646437,160730.86384095805,178572.19977283076,198971.88972444934,279294.48131491325,6,0,0,0,13,13,13,13,13,0,0,0,0,0,0,0,0,6,6,6
2039,Prince Edward Island,Cybersecurity Focus with Education,113982.2969259527,15586.295118352866,19562.375869820302,35148.670988173166,SOC Level 2 Analyst,78833.62593777954,37589.25803775455,37589.25803775455,0.0,17982.7938789522,13393.02746667827,9868.546554394516,0.0,41244.36790002498,37589.25803775455,206356.66507076053,234018.67778786842,266406.9312208713,400672.0837471418,7,0,0,0,14,14,14,14,14,0,0,0,0,0,0,0,0,6,6,6
2040,Prince Edward Island,Cybersecurity Focus with Education,119749.80115040591,16602.52936270152,20893.478299105536,37496.00766180706,SOC Level 2 Analyst,82253.79348859885,39592.26661278359,39592.26661278359,0.0,18702.10563411029,13794.81829067862,10164.60295102635,0.0,42661.52687581526,39592.26661278359,256266.76493708216,297012.8121794389,345960.23751678556,560465.9754840679,8,0,0,0,15,15,15,15,15,0,0,0,0,0,0,0,0,6,6,6
2041,Prince Edward Island,Cybersecurity Focus with Education,125809.14108861645,17670.18505981422,22468.906683040277,40139.09174285449,SOC Level 2 Analyst,85670.04934576196,41541.655607331144,41541.655607331144,0.0,19450.189859474696,14208.662839398978,10469.541039557142,0.0,44128.393738430816,41541.655607331144,310621.7587912674,368255.74900471396,439395.9287516345,770147.4237366195,9,0,0,0,16,16,16,16,16,0,0,0,0,0,0,0,0,6,6,6
2042,Prince Edward Island,Cybersecurity Focus with Education,132175.08362770043,18791.864135200816,24124.05174320211,42915.91587840293,SOC Level 2 Analyst,89259.1677492975,43612.42030011901,43612.42030011901,0.0,20228.197453853685,14634.922724580949,10783.627270743857,0.0,45646.74744917849,43612.42030011901,369765.2670309498,448693.7442053044,548917.7383644986,1044804.0711577244,10,0,0,0,17,17,17,17,17,0,0,0,0,0,0,0,0,6,6,6
2043,Prince Edward Island,Cybersecurity Focus with Education,159692.61428815138,23881.16111474876,31278.60971491936,55159.77082966812,Industrial Cybersecurity Analyst,104532.84345848326,57314.411611290874,57314.411611290874,0.0,21037.325352007836,15073.970406318378,11107.136088866171,0.0,47218.43184719238,57314.411611290874,445567.94199378823,550877.5302371257,688569.8107304642,1415559.7041163326,10,0,0,0,18,18,17,17,17,0,0,0,0,1,0,1,0,7,7,7
2044,Prince Edward Island,Cybersecurity Focus with Education,167773.06057113182,25416.445908515045,33379.52574849427,58795.971657009315,Industrial Cybersecurity Analyst,108977.0889141225,60131.73085799426,60131.73085799426,0.0,21878.81836608815,15526.18951850793,11440.350171532158,0.0,48845.35805612824,60131.73085799426,527978.0699514719,666097.0141188327,851987.0131980281,1900359.3462092266,10,0,0,0,19,19,17,17,17,0,0,0,0,2,0,2,0,8,8,8
2045,Prince Edward Island,Cybersecurity Focus with Education,176262.3774360311,27029.41611284591,35586.748133368084,62616.16424621399,Industrial Cybersecurity Analyst,113646.21318981709,63116.70620834413,63116.70620834413,0.0,22753.971100731676,15991.975204063167,11783.560676678122,0.0,50529.506981472965,63116.70620834413,617493.6796573895,795823.4217390601,1042901.7713860763,2533583.856280339,10,0,0,0,20,20,17,17,17,0,0,0,0,3,0,3,0,9,9,9
2046,Prince Edward Island,Cybersecurity Focus with Education,185181.25373429427,28724.002609515912,38017.89358294534,66741.89619246125,Industrial Cybersecurity Analyst,118439.35754183301,66166.42563990854,66166.42563990854,0.0,23664.12994476094,16471.734460185064,12137.067496978469,0.0,52272.93190192447,66166.42563990854,714534.7892801675,941572.1895528747,1265503.4627338962,3359825.4388043494,10,0,0,0,21,21,17,17,17,0,0,0,0,4,0,4,0,10,10,10
2047,Prince Edward Island,Cybersecurity Focus with Education,194551.42517324956,30504.335182917413,40735.24330024237,71239.57848315978,Industrial Cybersecurity Analyst,123311.84669008978,69234.08553165995,69234.08553165995,0.0,24610.695142551383,16965.886493990616,12501.179521887821,0.0,54077.76115842982,69234.08553165995,819495.6142758359,1104963.4940398221,1524563.0676756403,4437007.155977314,10,0,0,0,22,22,17,17,17,0,0,0,0,5,0,5,0,11,11,11
2048,Prince Edward Island,Cybersecurity Focus with Education,204395.727287016,32374.75258453304,43590.090913234635,75964.84349776767,Industrial Cybersecurity Analyst,128430.88378924833,72484.68284464009,72484.68284464009,0.0,25595.12294825344,17474.863088810336,12876.214907544458,0.0,55946.20094460824,72484.68284464009,932955.0778342679,1287944.5262884444,1825732.2106716263,5840593.985615148,10,0,0,0,23,23,17,17,17,0,0,0,0,6,0,6,0,12,12,12
2049,Prince Edward Island,Cybersecurity Focus with Education,214738.15108773898,34339.81310667041,46589.3938154443,80929.20692211471,Industrial Cybersecurity Analyst,133808.94416562427,75928.40596319526,75928.40596319526,0.0,26618.927866183578,17999.108981474645,13262.50135477079,0.0,57880.538202429016,75928.40596319526,1055531.2376891766,1492667.3848804843,2175520.448235565,7668700.587262888,10,0,0,0,24,24,17,17,17,0,0,0,0,7,0,7,0,13,13,13
2050,Prince Edward Island,Cybersecurity Focus with Education,225603.90153277857,36404.30569122793,49740.46144450579,86144.76713573371,Industrial Cybersecurity Analyst,139459.13439704487,79575.99076988114,79575.99076988114,0.0,27683.684980830927,18539.082250918884,13660.376395413916,0.0,59883.14362716373,79575.99076988114,1187883.7903435165,1721510.114138414,2581424.5062407805,10048886.754211636,10,0,0,0,25,25,17,17,17,0,0,0,0,8,0,8,0,14,14,14
2051,Prince Edward Island,Cybersecurity Focus with Education,237019.45895033717,38573.26160056406,53050.97309559778,91624.23469616185,Industrial Cybersecurity Analyst,145395.22425417532,83438.74946838839,83438.74946838839,0.0,28791.032380064156,19095.25471844645,14070.187687276333,0.0,61956.47478578694,83438.74946838839,1330716.7293290808,1977099.8750206437,3052076.931645286,13146991.529943516,10,0,0,0,26,26,17,17,17,0,0,0,0,9,0,9,0,15,15,15
2052,Prince Edward Island,Cybersecurity Focus with Education,249012.64357322422,40851.966678912606,56528.996636235024,97380.96331514763,Industrial Cybersecurity Analyst,151631.68025807658,87528.6009049154,87528.6009049154,0.0,29942.673675266724,19668.112359999846,14492.293317894622,0.0,64103.07935316119,87528.6009049154,1484781.1667004505,2262338.4634276237,3597417.072296994,17178617.589831486,10,0,0,0,27,27,17,17,17,0,0,0,0,10,0,10,0,16,16,16
2053,Prince Edward Island,Cybersecurity Focus with Education,261612.68333802934,43245.97423422558,60308.23550154968,103554.20973577525,Industrial Cybersecurity Analyst,158058.4736022541,91732.87513174539,91732.87513174539,0.0,31140.3806222774,20258.155730799845,14927.062117431462,0.0,66325.5984705087,91732.87513174539,1650753.1001672184,2580305.1849021316,4228762.508273289,22423935.741912678,10,0,0,0,28,28,17,17,17,0,0,0,0,11,0,11,0,17,17,17
2054,Prince Edward Island,Cybersecurity Focus with Education,274850.2851149336,45761.11857183739,64676.64408792809,110437.76265976549,Industrial Cybersecurity Analyst,164412.52245516813,95785.75222432139,95785.75222432139,0.0,32385.995847168495,20865.900402723837,15374.873980954408,0.0,68626.77023084674,95785.75222432139,1829076.5073999008,2934121.4556166665,4958862.636738603,29246902.216710806,10,0,0,0,29,29,17,17,17,0,0,0,0,12,0,12,0,18,18,18
2055,Prince Edward Island,Cybersecurity Focus with Education,288757.70954174927,48403.529212932364,69266.09414877727,117669.62336170963,Industrial Cybersecurity Analyst,171088.08618003962,100078.65288379579,100078.65288379579,0.0,33681.43568105524,21491.877414805553,15836.120200383039,0.0,71009.43329624383,100078.65288379579,2020608.9856536917,3327612.254062129,5802770.685133189,38121051.53460785,10,0,0,0,30,30,17,17,17,0,0,0,0,13,0,13,0,19,19,19
2056,Prince Edward Island,Cybersecurity Focus with Education,303368.8496445618,51179.64583246675,74087.7703827054,125267.41621517215,Industrial Cybersecurity Analyst,178101.43342938967,104624.90277744798,104624.90277744798,0.0,35028.69310829745,22136.63373724972,16311.203806394531,0.0,73476.53065194169,104624.90277744798,2226264.337713824,3764998.38224579,6777811.190680615,49661991.897767656,10,0,0,0,31,31,17,17,17,0,0,0,0,14,0,14,0,20,20,20
2057,Prince Edward Island,Cybersecurity Focus with Education,318719.31343657663,54096.233952949566,79153.42343407028,133249.65738701983,Industrial Cybersecurity Analyst,185469.6560495568,109438.54254697388,109438.54254697388,0.0,36429.84083262934,22800.73274936721,16800.539920586365,0.0,76031.11350258291,109438.54254697388,2447016.0971464897,4250936.763017343,7903921.41182968,64670028.009644926,10,0,0,0,32,32,17,17,17,0,0,0,0,15,0,15,0,21,21,21
2058,Prince Edward Island,Cybersecurity Focus with Education,334846.51069646736,57160.4014323288,84475.39852983423,141635.79996216303,Industrial Cybersecurity Analyst,193210.71073430433,114534.36541831764,114534.36541831764,0.0,37887.034465934514,23484.75473184823,17304.556118203956,0.0,78676.34531598669,114534.36541831764,2683901.267422132,4790564.804737396,9204043.989022449,84185570.77795672,10,0,0,0,33,33,17,17,17,0,0,0,0,16,0,16,0,22,22,22
2059,Prince Edward Island,Cybersecurity Focus with Education,351789.7441377086,60379.615786164635,90066.66556544385,150446.2813516085,Industrial Cybersecurity Analyst,201343.46278610014,119927.95676597448,119927.95676597448,0.0,39402.515844571906,24189.297373803674,17823.692801750076,0.0,81415.50602012566,119927.95676597448,2938024.287559213,5389549.2419771105,10704578.54414179,109561169.96810973,10,0,0,0,34,34,17,17,17,0,0,0,0,17,0,17,0,23,23,23
2060,Prince Edward Island,Cybersecurity Focus with Education,369590.30519107665,63761.722386304566,95940.85071305529,159702.57309935987,Industrial Cybersecurity Analyst,209887.73209171678,125635.73573254164,125635.73573254164,0.0,40978.61647835478,24914.976295017786,18358.403585802578,0.0,84251.99635917514,125635.73573254164,3210561.237669715,6054139.901907364,12435901.0614956,142555156.6942752,10,0,0,0,35,35,17,17,17,0,0,0,0,18,0,18,0,24,24,24
2061,Prince Edward Island,Cybersecurity Focus with Education,388291.5746337451,67314.96358041157,102112.2696291359,169427.23320954747,Industrial Cybersecurity Analyst,218864.34142419766,131674.9990094637,131674.9990094637,0.0,42617.761137488975,25662.425583868324,18909.15569337666,0.0,87189.34241473395,131674.9990094637,3502764.2985626645,6791228.891107565,14432961.219729403,185453378.70156723,10,0,0,0,36,36,17,17,17,0,0,0,0,19,0,19,0,25,25,25
2062,Prince Edward Island,Cybersecurity Focus with Education,407939.12831021263,71047.9987789404,108595.96234237017,179643.96112131057,Industrial Cybersecurity Analyst,228295.16718890207,138063.9668903512,138063.9668903512,0.0,44322.47158298854,26432.298351384376,19476.43036417796,0.0,90231.20029855087,138063.9668903512,3815966.4803811493,7608415.747108673,16735969.369579164,241227456.27892777,10,0,0,0,37,37,17,17,17,0,0,0,0,20,0,20,0,26,26,26
2063,Prince Edward Island,Cybersecurity Focus with Education,428580.8482027094,74969.92555851479,115407.7299068941,190377.6554654089,Industrial Cybersecurity Analyst,238203.1927373005,144821.83171396324,144821.83171396324,0.0,46095.37044630807,27225.267301925902,20060.723275103297,0.0,93381.36102333727,144821.83171396324,4151586.6361141703,8514079.153533503,19391186.60673,313740514.9943201,10,0,0,0,38,38,17,17,17,0,0,0,0,21,0,21,0,27,27,27
2064,Prince Edward Island,Cybersecurity Focus with Education,450267.03912176646,79090.30183313563,122564.17291018294,201654.47474331857,Industrial Cybersecurity Analyst,248612.5643784479,151968.80881994742,151968.80881994742,0.0,47939.1852641604,28042.025320983685,20662.5449733564,0.0,96643.75555850047,151968.80881994742,4511134.776739826,9517455.877706802,22451833.406559445,408014638.30143607,10,0,0,0,39,39,17,17,17,0,0,0,0,22,0,22,0,28,28,28
2065,Prince Edward Island,Cybersecurity Focus with Education,473050.5513013278,83419.16914725228,130082.73192943819,213501.90107669047,Industrial Cybersecurity Analyst,259548.65022463736,159526.19014674026,159526.19014674026,0.0,49856.75267472681,28883.28608061319,21282.42132255709,0.0,100022.46007789709,159526.19014674026,4896217.705723559,10628727.655624224,25979134.6076901,530578555.98201364,10,0,0,0,40,40,17,17,17,0,0,0,0,23,0,23,0,29,29,29
2066,Prince Edward Island,Cybersecurity Focus with Education,496986.90919717506,87967.07714746326,137981.73003506777,225948.80718253105,Industrial Cybersecurity Analyst,271038.102014644,167516.40060766274,167516.40060766274,0.0,51851.02278171589,29749.78466303159,21920.8939622338,0.0,103521.70140698127,167516.40060766274,5308544.9916174,11859116.821794309,30043521.199451275,689919639.1772255,10,0,0,0,41,41,17,17,17,0,0,0,0,24,0,24,0,30,30,30
2067,Prince Edward Island,Cybersecurity Focus with Education,522134.44680255203,92745.10929248489,146280.41744484217,239025.52673732705,Industrial Cybersecurity Analyst,283108.920065225,175963.0573882171,175963.0573882171,0.0,53925.063692984535,30642.27820292254,22578.520781100815,0.0,107145.86267700788,175963.0573882171,5749935.298586488,13220991.561361957,34726012.43675718,897071493.9877813,10,0,0,0,42,42,17,17,17,0,0,0,0,25,0,25,0,31,31,31
2068,Prince Edward Island,Cybersecurity Focus with Education,548554.4498107613,97764.90986404465,154999.01843755122,252763.92830159585,Industrial Cybersecurity Analyst,295790.5215091654,184891.03231491745,184891.03231491745,0.0,56082.06624070391,31561.546549010214,23255.87640453384,0.0,110899.48919424796,184891.03231491745,6222323.095830729,14727981.74981307,40119805.33458567,1166377833.2164307,10,0,0,0,43,43,17,17,17,0,0,0,0,26,0,26,0,32,32,32
2069,Prince Edward Island,Cybersecurity Focus with Education,576311.3049711856,103038.71234452528,164158.78064049128,267197.49298501655,Industrial Cybersecurity Analyst,309113.8119861691,194326.51745368663,194326.51745368663,0.0,58325.34889033207,32508.39294548052,23953.552696669856,0.0,114787.29453248244,194326.51745368663,6727765.768075952,16395106.442248067,46332102.6522272,1516485509.6988137,10,0,0,0,44,44,17,17,17,0,0,0,0,27,0,27,0,33,33,33
2070,Prince Edward Island,Cybersecurity Focus with Education,605472.6570027277,108579.36923051828,173782.02681090016,282361.3960414184,Industrial Cybersecurity Analyst,323111.2609613093,204297.09410394906,204297.09410394906,0.0,60658.36284594536,33483.644733844936,24672.159277569954,0.0,118814.16685736025,204297.09410394906,7268451.150583699,18238914.180576824,53486215.144165225,1971635459.7025619,10,0,0,0,45,45,17,17,17,0,0,0,0,28,0,28,0,34,34,34
2071,Prince Edward Island,Cybersecurity Focus with Education,636109.5734470657,114400.38335494247,183892.20923753167,298292.59259247413,Industrial Cybersecurity Analyst,337816.98085459153,214831.805363051,214831.805363051,0.0,63084.697359783175,34488.154075860286,25412.32405589705,0.0,122985.17549154052,214831.805363051,7846705.513475935,20277637.40399756,61723979.22115306,2563340929.4186935,10,0,0,0,46,46,17,17,17,0,0,0,0,29,0,29,0,35,35,35
2072,Prince Edward Island,Cybersecurity Focus with Education,668296.7178634872,120515.94079406257,194513.96689495078,315029.90768901334,Industrial Cybersecurity Analyst,353266.81017447385,225961.23244458926,225961.23244458926,0.0,65608.08525417451,35522.798698136095,26174.693777573968,0.0,127305.57772988458,225961.23244458926,8465002.021594321,22531362.376841906,71208537.3367706,3332569169.4767466,10,0,0,0,47,47,17,17,17,0,0,0,0,30,0,30,0,36,36,36
2073,Prince Edward Island,Cybersecurity Focus with Education,702112.5317873796,126940.94543960213,205673.18548983528,332614.1309294374,Industrial Cybersecurity Analyst,369498.40085794224,237717.57494361937,237717.57494361937,0.0,68232.40866434149,36588.48265908018,26959.934590901183,0.0,131780.82591432286,237717.57494361937,9125969.697617657,25022216.18946972,82127535.5122298,4332577637.894714,10,0,0,0,48,48,17,17,17,0,0,0,0,31,0,31,0,37,37,37
2074,Prince Edward Island,Cybersecurity Focus with Education,737639.425895821,133691.05532020598,217397.06054562092,351088.1158658269,Industrial Cybersecurity Analyst,386551.31002999406,250134.73525159812,250134.73525159812,0.0,70961.70501091515,37686.13713885259,27768.73262862822,0.0,136416.57477839594,250134.73525159812,9832402.917750139,27774572.543668292,94696800.57431588,5632601063.998381,10,0,0,0,49,49,17,17,17,0,0,0,0,32,0,32,0,38,38,38
2075,Prince Edward Island,Cybersecurity Focus with Education,774963.9808461496,140782.72076076842,229714.1636792294,370496.88443999784,Industrial Cybersecurity Analyst,404467.0964061518,263248.40733429475,263248.40733429475,0.0,73800.17321135175,38816.721253018164,28601.794607487067,0.0,141218.689071857,263248.40733429475,10587271.47097194,30815278.205369417,109164569.06779754,7322644631.605229,10,0,0,0,50,50,17,17,17,0,0,0,0,33,0,33,0,39,39,39
2026,Saskatchewan,Cybersecurity Focus,45000.0,4725.0,6300.000000000001,11025.0,SOC Level 1 Analyst,33975.0,2775.0,2775.0,0.0,14400.0,9600.0,7200.0,0.0,31200.0,2775.0,2775.0,2775.0,2775.0,2775.0,0,0,0,0,1,1,1,1,1,0,0,0,0,0,0,0,0,0,0,0
2027,Saskatchewan,Cybersecurity Focus,47277.0,4964.085,6618.780000000001,11582.865000000002,SOC Level 1 Analyst,35694.134999999995,3414.1349999999948,3414.1349999999948,0.0,14976.0,9888.0,7416.0,0.0,32280.0,3414.1349999999948,6327.884999999995,6466.634999999995,6605.384999999995,7021.634999999995,0,0,0,0,2,2,2,2,2,0,0,0,0,0,0,0,0,0,0,0
2028,Saskatchewan,Cybersecurity Focus,49669.216199999995,5215.267701,6953.690268,12168.957969,SOC Level 1 Analyst,37500.258231,4102.098230999996,4102.098230999996,0.0,15575.04,10184.64,7638.48,0.0,33398.16,4102.098230999996,10746.377480999992,11215.39673099999,11698.290980999991,13230.22373099999,0,0,0,0,3,3,3,3,3,0,0,0,0,0,0,0,0,0,0,0
2029,Saskatchewan,Cybersecurity Focus,52182.478539719996,5479.160246670599,7305.5469955608005,12784.7072422314,SOC Level 1 Analyst,39397.771297488594,4841.916097488589,4841.916097488589,0.0,16198.0416,10490.1792,7867.634400000001,0.0,34555.855200000005,4841.916097488589,16125.612452538582,17178.85250158858,18294.950725638577,22041.206947788574,0,0,0,0,4,4,4,4,4,0,0,0,0,0,0,0,0,0,0,0
2030,Saskatchewan,Cybersecurity Focus,77970.3636676691,8655.655458458637,12179.929551872166,20835.585010330804,SOC Level 2 Analyst,57134.77865733829,21380.267385338288,21380.267385338288,0.0,16845.963264,10804.884576000002,8103.663432000001,0.0,35754.511272,21380.267385338288,38312.1604605038,40277.005137085725,42419.460719822644,50033.83641746343,1,0,0,0,5,5,5,5,5,0,0,0,0,0,0,0,0,0,0,0
2031,Saskatchewan,Cybersecurity Focus,81915.66406925314,9148.818008656643,12988.716134196893,22137.534142853536,SOC Level 2 Analyst,59778.129926399604,22782.523683599604,22782.523683599604,0.0,17519.80179456,11129.03111328,8346.77333496,0.0,36995.6062428,22782.523683599604,63010.292167128595,67087.2293343939,71564.90351139565,87826.51102630206,2,0,0,0,6,6,6,6,6,0,0,0,0,0,0,0,0,0,0,0
2032,Saskatchewan,Cybersecurity Focus,86060.59667115736,9666.934583894668,13838.427317587259,23505.361901481927,SOC Level 2 Analyst,62555.23476967543,24274.562321645826,24274.562321645826,0.0,18220.593866342402,11462.902046678402,8597.1765350088,0.0,38280.6724480296,24274.562321645826,90435.36909713087,98070.5145894791,106574.20135975082,138449.0266558385,3,0,0,0,7,7,7,7,7,0,0,0,0,0,0,0,0,0,0,0
2033,Saskatchewan,Cybersecurity Focus,90415.26286271791,10211.267857839739,14731.133886857173,24942.401744696912,SOC Level 2 Analyst,65472.861118021,25861.562557887082,25861.562557887082,0.0,18949.4176209961,11806.789108078754,8855.091831059066,0.0,39611.29856013392,25861.562557887082,120818.7001098745,133739.1286063141,148421.89412160052,205845.29721047715,4,0,0,0,8,8,8,8,8,0,0,0,0,0,0,0,0,0,0,0
2034,Saskatchewan,Cybersecurity Focus,94990.27516357144,10783.14439544643,15669.011408532146,26452.155803978574,SOC Level 2 Analyst,68538.11935959286,27548.987666444962,27548.987666444962,0.0,19707.394325835943,12160.992781321118,9120.744585990838,0.0,40989.1316931479,27548.987666444962,154408.62278181317,174662.0291333905,198234.16590628555,295147.8740400653,5,0,0,0,9,9,9,9,9,0,0,0,0,0,0,0,0,0,0,0
2035,Saskatchewan,Cybersecurity Focus,99796.78308684815,11383.95788585602,16654.345532803873,28038.303418659892,SOC Level 2 Analyst,71758.47966818826,29342.600080987562,29342.600080987562,0.0,20495.69009886938,12525.82256476075,9394.366923570564,0.0,42415.879587200696,29342.600080987562,191471.65400189138,221470.83212771712,257311.89087321592,413034.83633307245,6,0,0,0,10,10,10,10,10,0,0,0,0,0,0,0,0,0,0,0
2036,Saskatchewan,Cybersecurity Focus,104846.50031104266,12015.172538880332,17689.537563763748,29704.71010264408,SOC Level 2 Analyst,75141.79020839858,31248.477332593167,31248.477332593167,0.0,21315.51770282416,12901.597241703574,9676.19793127768,0.0,43893.312875805415,31248.477332593167,232293.71403457914,274866.392673082,327157.1518367915,568193.7645655874,7,0,0,0,11,11,11,11,11,0,0,0,0,0,0,0,0,0,0,0
2037,Saskatchewan,Cybersecurity Focus,127362.94154346602,14829.727692933251,22872.894801301165,37702.62249423441,Industrial Cybersecurity Analyst,89660.3190492316,44237.05161012379,44237.05161012379,0.0,22168.13841093713,13288.645158954681,9966.483869216012,0.0,45423.26743910782,44237.05161012379,288145.4513464319,346590.083550514,420467.77622243395,782888.9455453875,7,0,0,0,12,12,11,11,11,0,0,0,0,1,0,1,0,1,1,1
2038,Saskatchewan,Cybersecurity Focus,133807.5063855654,15635.298298195674,24548.481660247002,40183.779958442676,Industrial Cybersecurity Analyst,93623.72642712272,46616.07958073229,46616.07958073229,0.0,23054.863947374615,13687.30451372332,10265.478385292492,0.0,47007.64684639043,46616.07958073229,349168.8034944858,427865.17148629774,530154.0222365314,1064371.708789736,7,0,0,0,13,13,11,11,11,0,0,0,0,2,0,2,0,2,2,2
2039,Saskatchewan,Cybersecurity Focus,140578.166208675,16481.630776084374,26308.853214255498,42790.48399033987,Industrial Cybersecurity Analyst,97787.68221833512,49139.25732707923,49139.25732707923,0.0,23977.0585052696,14097.923649135024,10573.442736851266,0.0,48648.42489125589,49139.25732707923,415766.50099628937,519790.9459620068,658816.3828990902,1432822.4787537362,7,0,0,0,14,14,11,11,11,0,0,0,0,3,0,3,0,3,3,3
2040,Saskatchewan,Cybersecurity Focus,147691.42141883395,17370.787677354245,28158.29956889683,45529.087246251074,Industrial Cybersecurity Analyst,102162.33417258288,51814.68594953662,51814.68594953662,0.0,24936.140845480382,14520.861358609072,10890.646018956806,0.0,50347.64822304626,51814.68594953662,488369.51199564047,623584.7265077442,809453.5262834902,1914483.9083293937,7,0,0,0,15,15,11,11,11,0,0,0,0,4,0,4,0,4,4,4
2041,Saskatchewan,Cybersecurity Focus,155164.60734262696,18304.93591782837,30101.32790908301,48406.26382691138,Industrial Cybersecurity Analyst,106758.34351571558,54650.904437523124,54650.904437523124,0.0,25933.5864792996,14956.487199367346,11217.365399525508,0.0,52107.43907819245,54650.904437523124,567438.8920329456,740594.1035960418,985522.4596635367,2543479.985265735,7,0,0,0,16,16,11,11,11,0,0,0,0,5,0,5,0,5,5,5
2042,Saskatchewan,Cybersecurity Focus,163015.93647416387,19430.57078875376,32142.673483282604,51573.24427203636,Industrial Cybersecurity Analyst,111442.69220212751,57512.694086796284,57512.694086796284,0.0,26970.929938471585,15405.181815348365,11553.886361511275,0.0,53929.998115331226,57512.694086796284,653323.5307213892,872166.2080424423,1190863.5226998636,3364036.6749322517,7,0,0,0,17,17,11,11,11,0,0,0,0,6,0,6,0,6,6,6
2043,Saskatchewan,Cybersecurity Focus,171264.54285975656,20626.618714664703,34287.3111435367,54913.9298582014,Industrial Cybersecurity Analyst,116350.61300155516,60533.00564337928,60533.00564337928,0.0,28049.76713601045,15867.337269808817,11900.502952356612,0.0,55817.60735817588,60533.00564337928,746522.712900838,1019915.8344900659,1430026.0567482223,4433780.683055306,7,0,0,0,18,18,11,11,11,0,0,0,0,7,0,7,0,7,7,7
2044,Saskatchewan,Cybersecurity Focus,179930.52872846022,21883.186665626734,36540.46746939966,58423.65413502639,Industrial Cybersecurity Analyst,121506.87459343384,63734.24134315257,63734.24134315257,0.0,29171.75782145087,16343.357387903085,12257.518040927313,0.0,57772.633250281266,63734.24134315257,847583.0898890325,1185641.6592822252,1708264.206603608,5827649.12931505,7,0,0,0,19,19,11,11,11,0,0,0,0,8,0,8,0,8,8,8
2045,Saskatchewan,Cybersecurity Focus,189035.0134821203,23203.33695490744,39135.48390981489,62338.82086472233,Industrial Cybersecurity Analyst,126696.19261739796,66898.66279139374,66898.66279139374,0.0,30338.628134308907,16833.658109540178,12625.24358215513,0.0,59797.52982600422,66898.66279139374,956860.9071748779,1371104.4880018416,2031402.5003855429,7642842.530900959,7,0,0,0,20,20,11,11,11,0,0,0,0,9,0,9,0,9,9,9
2046,Saskatchewan,Cybersecurity Focus,198600.1851643156,24590.286848825763,41909.38369765152,66499.67054647728,Industrial Cybersecurity Analyst,132100.51461783831,70205.6726157109,70205.6726157109,0.0,31552.173259681258,17338.66785282638,13004.000889619787,0.0,61894.84200212742,70205.6726157109,1074909.625149333,1578420.6094177368,2406318.5480590854,10005900.962786958,7,0,0,0,21,21,11,11,11,0,0,0,0,10,0,10,0,10,10,10
2047,Saskatchewan,Cybersecurity Focus,208649.35453362996,26047.416407376346,44823.64281475269,70871.05922212903,Industrial Cybersecurity Analyst,137778.29531150093,73711.08631671287,73711.08631671287,0.0,32814.26019006851,17858.82788841117,13394.120916308379,0.0,64067.20899478806,73711.08631671287,1202366.1927235124,1809973.7566762236,2840977.4165846608,13081382.337939758,7,0,0,0,22,22,11,11,11,0,0,0,0,11,0,11,0,11,11,11
2048,Saskatchewan,Cybersecurity Focus,219207.01187303165,27578.276721589587,47885.36344317917,75463.64016476876,Industrial Cybersecurity Analyst,143743.3717082629,77426.00384173049,77426.00384173049,0.0,34126.83059767125,18394.59272506351,13795.944543797632,0.0,66317.3678665324,77426.00384173049,1339910.5062014186,2068397.1361855767,3344550.03291409,17083223.04316342,7,0,0,0,23,23,11,11,11,0,0,0,0,12,0,12,0,12,12,12
2049,Saskatchewan,Cybersecurity Focus,230298.88667380702,29186.598567702018,51102.007135404034,80288.60570310605,Industrial Cybersecurity Analyst,150010.28097070096,81362.12376219587,81362.12376219587,0.0,35491.903821578104,18946.430506815414,14209.822880111562,0.0,68648.15720850509,81362.12376219587,1488268.1552736855,2356598.9735663305,3927594.661613399,22289552.07987464,7,0,0,0,24,24,11,11,11,0,0,0,0,13,0,13,0,13,13,13
2050,Saskatchewan,Cybersecurity Focus,241952.01033950166,30876.30149922774,54481.41299845548,85357.71449768322,Industrial Cybersecurity Analyst,156594.29584181844,85531.77487884242,85531.77487884242,0.0,36911.579974441236,19514.82342201988,14636.11756651491,0.0,71062.52096297602,85531.77487884242,1648213.3379162124,2677790.645801806,4602265.635734252,29061949.47871587,7,0,0,0,25,25,11,11,11,0,0,0,0,14,0,14,0,14,14,14
2051,Saskatchewan,Cybersecurity Focus,254194.78206268043,32651.503399088662,58031.81679817732,90683.32019726599,Industrial Cybersecurity Analyst,163511.46186541446,89947.94947380475,89947.94947380475,0.0,38388.043173418875,20100.268124680475,15075.201093510357,0.0,73563.5123916097,89947.94947380475,1820571.954285828,3035517.6598557914,5382553.430568194,37870482.27180444,7,0,0,0,26,26,11,11,11,0,0,0,0,15,0,15,0,15,15,15
2052,Saskatchewan,Cybersecurity Focus,267057.0380350521,34516.53051508255,62104.87255156718,96621.40306664974,Industrial Cybersecurity Analyst,170435.63496840233,94281.33677331013,94281.33677331013,0.0,39923.56490035563,20703.276168420893,15527.457126315667,0.0,76154.2981950922,94281.33677331013,2005881.8887734294,3433350.762614681,6284217.7819267325,49325908.29011908,7,0,0,0,27,27,11,11,11,0,0,0,0,16,0,16,0,16,16,16
2053,Saskatchewan,Cybersecurity Focus,280570.1241596257,36475.92800314572,66564.19097267647,103040.11897582219,Industrial Cybersecurity Analyst,177530.0051838035,98691.84239385498,98691.84239385498,0.0,41520.50749636986,21324.374453473516,15993.28084010514,0.0,78838.16278994852,98691.84239385498,2204867.825605956,3875377.6812700043,7325542.291609596,64222372.61954866,7,0,0,0,28,28,11,11,11,0,0,0,0,17,0,17,0,17,17,17
2054,Saskatchewan,Cybersecurity Focus,294766.97244210273,38534.4710041049,71249.15090589391,109783.62190999881,Industrial Cybersecurity Analyst,184983.3505321039,103364.83778349323,103364.83778349323,0.0,43181.32779622466,21964.105687077725,16473.079265308294,0.0,81618.51274861068,103364.83778349323,2418476.054669747,4366280.287180498,8527738.473134529,83592449.24319677,7,0,0,0,29,29,11,11,11,0,0,0,0,18,0,18,0,18,18,18
2055,Saskatchewan,Cybersecurity Focus,309682.1812476731,40697.1762809126,76171.16981173214,116868.34609264473,Industrial Cybersecurity Analyst,192813.83515502838,108314.95374599713,108314.95374599713,0.0,44908.58090807365,22623.028857690057,16967.271643267544,0.0,84498.88140903125,108314.95374599713,2647714.8111492316,4911223.269644546,9915214.197850704,108778498.9699018,7,0,0,0,30,30,11,11,11,0,0,0,0,19,0,19,0,19,19,19
2056,Saskatchewan,Cybersecurity Focus,325352.0996188054,42969.314444726784,81342.24287420578,124311.55731893257,Industrial Cybersecurity Analyst,201040.54229987285,113557.60863948992,113557.60863948992,0.0,46704.9241443966,23301.719723420756,17476.289792565567,0.0,87482.93366038293,113557.60863948992,2893658.160346183,5515903.205248491,11516053.936167799,141525606.26951182,7,0,0,0,31,31,11,11,11,0,0,0,0,20,0,20,0,20,20,20
2057,Saskatchewan,Cybersecurity Focus,341814.91585951694,45356.42279962996,86774.9722336406,132131.39503327056,Industrial Cybersecurity Analyst,209683.5208262464,119109.04991460801,119109.04991460801,0.0,48573.12111017246,24000.771315123377,18000.578486342536,0.0,90574.47091163837,119109.04991460801,3157450.1182781,6186602.575687949,13362571.076507576,184102397.20027998,7,0,0,0,32,32,11,11,11,0,0,0,0,21,0,21,0,21,21,21
2058,Saskatchewan,Cybersecurity Focus,359110.7506020085,47864.31883729123,92482.59769866281,140346.91653595405,Industrial Cybersecurity Analyst,218763.83406605443,124986.39781596517,124986.39781596517,0.0,50516.045954579364,24720.794454577084,18540.595840932812,0.0,93777.43625008926,124986.39781596517,3440309.0220079706,6930249.231072709,15491943.135799676,239458102.75817996,7,0,0,0,33,33,11,11,11,0,0,0,0,22,0,22,0,22,22,22
2059,Saskatchewan,Cybersecurity Focus,377281.7545824701,50499.11441445816,98479.02901221513,148978.1434266733,Industrial Cybersecurity Analyst,228303.6111557968,131207.69135865907,131207.69135865907,0.0,52536.68779276254,25462.418288214398,19096.813716160796,0.0,97095.91979713773,131207.69135865907,3743532.1644670283,7754481.845538639,17946942.297528286,311426741.2769926,7,0,0,0,34,34,11,11,11,0,0,0,0,23,0,23,0,23,23,23
2060,Saskatchewan,Cybersecurity Focus,396372.2113643431,53267.230647829754,104778.87975023323,158046.11039806297,Industrial Cybersecurity Analyst,238326.10096628015,137791.93669730067,137791.93669730067,0.0,54638.15530447304,26226.290836860826,19669.718127645618,0.0,100534.16426897948,137791.93669730067,4068500.7093876805,8667721.966789804,20776775.57885483,404992555.59678775,7,0,0,0,35,35,11,11,11,0,0,0,0,24,0,24,0,24,24,24
2061,Saskatchewan,Cybersecurity Focus,416428.6452593788,56175.41356260993,111397.50293559502,167572.91649820496,Industrial Cybersecurity Analyst,248855.72876117387,144759.15801108026,144759.15801108026,0.0,56823.68151665197,27013.079561966653,20259.80967147499,0.0,104096.57075009361,144759.15801108026,4416684.902868145,9679253.321479866,24038051.073694132,526635081.43383515,7,0,0,0,36,36,11,11,11,0,0,0,0,25,0,25,0,25,25,25
2062,Saskatchewan,Cybersecurity Focus,437499.9347095034,59230.75053287799,118351.02845413612,177581.7789870141,Industrial Cybersecurity Analyst,259918.15572248926,152130.4510347263,152130.4510347263,0.0,59096.628777318045,27823.471948825652,20867.603961619243,0.0,107787.70468776295,152130.4510347263,4789649.599046279,10799309.10466258,27795889.185782976,684777736.3150204,7,0,0,0,37,37,11,11,11,0,0,0,0,26,0,26,0,26,26,26
2063,Saskatchewan,Cybersecurity Focus,459637.4314058043,62440.68755384162,125656.40236391542,188097.08991775702,Industrial Cybersecurity Analyst,271540.34148804727,159928.03937187826,159928.03937187826,0.0,61460.49392841076,28658.176107290426,21493.632080467818,0.0,111612.30211616901,159928.03937187826,5189060.118370471,12039168.054500718,32125200.6030223,890370985.2488985,7,0,0,0,38,38,11,11,11,0,0,0,0,27,0,27,0,27,27,27
2064,Saskatchewan,Cybersecurity Focus,482895.08543493797,65813.047388066,133331.42819352954,199144.47558159556,Industrial Cybersecurity Analyst,283750.6098533424,168175.33373440424,168175.33373440424,0.0,63918.913685547195,29517.92139050914,22138.441042881856,0.0,115575.27611893819,168175.33373440424,5616688.458023398,13411260.193685194,37112156.02721004,1157650456.1573026,7,0,0,0,39,39,11,11,11,0,0,0,0,28,0,28,0,28,28,28
2065,Saskatchewan,Cybersecurity Focus,507329.57675794576,69356.04862990213,141394.81033012213,210750.85896002426,Industrial Cybersecurity Analyst,296578.7177979215,176896.99425855966,176896.99425855966,0.0,66475.6702329691,30403.459032224415,22802.59427416831,0.0,119681.72353936183,176896.99425855966,6074419.875183128,14929283.207312275,42855876.4255501,1505122489.998752,7,0,0,0,40,40,11,11,11,0,0,0,0,29,0,29,0,29,29,29
2066,Saskatchewan,Cybersecurity Focus,533000.4533418978,73078.32573457518,149866.19960282627,222944.52533740143,Industrial Cybersecurity Analyst,310055.9280044964,186118.996056624,186118.996056624,0.0,69134.69704228787,31315.562803191147,23486.67210239336,0.0,123936.93194787238,186118.996056624,6564259.864998908,16608330.524100127,49470376.88543924,1956845355.9944344,7,0,0,0,41,41,11,11,11,0,0,0,0,30,0,30,0,30,30,30
2067,Saskatchewan,Cybersecurity Focus,559970.2762809979,76988.95006074468,158766.2411727293,235755.19123347398,Industrial Cybersecurity Analyst,324215.08504752396,195868.69817079254,195868.69817079254,0.0,71900.08492397936,32255.02968728688,24191.272265465162,0.0,128346.3868767314,195868.69817079254,7088341.556419645,18465032.274680935,57086802.11642592,2544094831.4909353,7,0,0,0,42,42,11,11,11,0,0,0,0,31,0,31,0,31,31,31
2068,Saskatchewan,Cybersecurity Focus,588304.7722608164,81097.45197781837,168116.62484606943,249214.07682388782,Industrial Cybersecurity Analyst,339090.6954369286,206174.91610465545,206174.91610465545,0.0,74776.08832093855,33222.680577905485,24917.010433429117,0.0,132915.77933227314,206174.91610465545,7648933.550345284,20517710.418253686,65855997.34999445,3307529455.854321,7,0,0,0,43,43,11,11,11,0,0,0,0,32,0,32,0,32,32,32
2069,Saskatchewan,Cybersecurity Focus,618072.9937372135,85413.84409189595,177940.1379332805,263353.98202517646,Industrial Cybersecurity Analyst,354719.0117120371,217067.99811658636,217067.99811658636,0.0,77767.1318537761,34219.36099524265,25664.52074643199,0.0,137651.01359545073,217067.99811658636,8248448.225979134,22786549.45819564,75951464.95061019,4300005360.608734,7,0,0,0,44,44,11,11,11,0,0,0,0,33,0,33,0,33,33,33
2070,Saskatchewan,Cybersecurity Focus,649347.4872203167,89948.64564694591,188260.7207827045,278209.3664296504,Industrial Cybersecurity Analyst,371138.12079066626,228579.90546881422,228579.90546881422,0.0,80877.81712792715,35245.94182509994,26434.456368824955,0.0,142558.21532185204,228579.90546881422,8889450.542746905,25293784.309484024,87572764.59867053,5590235548.696823,7,0,0,0,45,45,11,11,11,0,0,0,0,34,0,34,0,34,34,34
2071,Saskatchewan,Cybersecurity Focus,682204.4700736646,94712.90816068136,199103.5251243093,293816.43328499066,Industrial Cybersecurity Analyst,388388.0367886739,240744.29683588704,240744.29683588704,0.0,84112.92981304423,36303.320079852936,27227.490059889697,0.0,147643.73995278685,240744.29683588704,9574667.366720138,28063907.03726832,100949423.58530699,7267546957.602706,7,0,0,0,46,46,11,11,11,0,0,0,0,35,0,35,0,35,35,35
2072,Saskatchewan,Cybersecurity Focus,716724.0162593921,99718.24235761186,210494.97536559944,310213.2177232113,Industrial Cybersecurity Analyst,406510.79853618087,253596.61708667994,253596.61708667994,0.0,87477.447005566,37392.419682248525,28044.314761686393,0.0,152914.18144950093,253596.61708667994,10306997.352142826,31123894.358081833,116345433.7401897,9448064641.500605,7,0,0,0,47,47,11,11,11,0,0,0,0,36,0,36,0,36,36,36
2073,Saskatchewan,Cybersecurity Focus,752990.2514821172,104976.846464907,222462.83298909868,327439.6794540057,Industrial Cybersecurity Analyst,425550.57202811155,267174.19066506997,267174.19066506997,0.0,90976.54488578864,38514.192272715976,28885.644204536984,0.0,158376.38136304158,267174.19066506997,11089521.410415037,34503457.984555095,134064422.99188322,12282751208.14145,7,0,0,0,48,48,11,11,11,0,0,0,0,37,0,37,0,37,37,37
2074,Saskatchewan,Cybersecurity Focus,791091.5582071124,110501.53594003129,235036.26420834707,345537.80014837836,Industrial Cybersecurity Analyst,445553.758058734,281516.3198059433,281516.3198059433,0.0,94615.60668122019,39669.618040897454,29752.213530673096,0.0,164037.43825279074,281516.3198059433,11925513.800741732,38235320.10281655,154455602.76047164,15967858086.903692,7,0,0,0,49,49,11,11,11,0,0,0,0,38,0,38,0,38,38,38
2075,Saskatchewan,Cybersecurity Focus,831120.7910523923,116305.77470259689,248245.9110472895,364551.6857498864,Industrial Cybersecurity Analyst,466569.10530250595,296664.38783531927,296664.38783531927,0.0,98400.23094846902,40859.70658212438,30644.779936593288,0.0,169904.71746718668,296664.38783531927,12818453.878614139,42355516.50093353,177920607.5623777,20758512177.362637,7,0,0,0,50,50,11,11,11,0,0,0,0,39,0,39,0,39,39,39
2026,Saskatchewan,I&C to Cybersecurity,15500.0,1627.5,2170.0,3797.5,I&C Engineering Diploma,11702.5,-25697.5,0.0,0.0,14400.0,9600.0,7200.0,6200.0,37400.0,-25697.5,0.0,0.0,0.0,0.0,0,0,0,0,0,0,0,0,0,0,0,0,0,1,1,1,1,1,0,1
2027,Saskatchewan,I&C to Cybersecurity,15500.0,1627.5,2170.0,3797.5,I&C Engineering Diploma,11702.5,-26777.5,0.0,0.0,14976.0,9888.0,7416.0,6200.0,38480.0,-26777.5,0.0,0.0,0.0,0.0,0,0,0,0,0,0,0,0,0,0,0,0,0,2,2,2,2,2,0,2
2028,Saskatchewan,I&C to Cybersecurity,15500.0,1627.5,2170.0,3797.5,I&C Engineering Diploma,11702.5,-27895.660000000003,0.0,0.0,15575.04,10184.64,7638.48,6200.0,39598.16,-27895.660000000003,0.0,0.0,0.0,0.0,0,0,0,0,0,0,0,0,0,0,0,0,0,3,3,3,3,3,0,3
2029,Saskatchewan,I&C to Cybersecurity,50136.016379903995,5264.281719889919,7019.04229318656,12283.324013076479,Instrumentation & Control Tech (Apprentice),37852.69236682751,3296.8371668275067,3296.8371668275067,0.0,16198.0416,10490.1792,7867.634400000001,0.0,34555.855200000005,3296.8371668275067,3296.8371668275067,3296.8371668275067,3296.8371668275067,3296.8371668275067,0,0,0,0,0,0,0,0,0,0,0,0,0,4,4,4,4,3,0,3
2030,Saskatchewan,I&C to Cybersecurity,53184.28617580216,5584.350048459227,7445.800064612303,13030.15011307153,Instrumentation & Control Tech (Apprentice),40154.13606273063,4399.624790730624,4399.624790730624,0.0,16845.963264,10804.884576000002,8103.663432000001,0.0,35754.511272,4399.624790730624,7861.303815899506,8026.145674240882,8190.987532582257,8685.513107606384,0,0,0,0,0,0,0,0,0,0,0,0,0,5,5,5,5,3,0,3
2031,Saskatchewan,I&C to Cybersecurity,56417.89077529093,5961.596346911366,7898.5047085407305,13860.101055452096,Instrumentation & Control Tech (Apprentice),42557.78971983883,5562.1834770388305,5562.1834770388305,0.0,17519.80179456,11129.03111328,8346.77333496,0.0,36995.6062428,5562.1834770388305,13816.552483733312,14390.943718703802,14981.819139508425,16853.35051692713,0,0,0,0,0,0,0,0,0,0,0,0,0,6,6,6,6,3,0,3
2032,Saskatchewan,I&C to Cybersecurity,59848.09853442861,6390.372316803576,8464.865199557866,14855.237516361442,Instrumentation & Control Tech (Apprentice),44992.86101806717,6712.188570037564,6712.188570037564,0.0,18220.593866342402,11462.902046678402,8597.1765350088,0.0,38280.6724480296,6712.188570037564,21219.56867795754,22542.22666061175,23941.280580472252,28621.544242042834,0,0,0,0,0,0,0,0,0,0,0,0,0,7,7,7,7,3,0,3
2033,Saskatchewan,I&C to Cybersecurity,63486.862925321875,6845.217865665234,9210.811899690985,16056.02976535622,Instrumentation & Control Tech (Apprentice),47430.83315996565,7819.534599831735,7819.534599831735,0.0,18949.4176209961,11806.789108078754,8855.091831059066,0.0,39611.29856013392,7819.534599831735,30100.081711687155,32615.98392650466,35352.00726737482,45027.54211448742,0,0,0,0,0,0,0,0,0,0,0,0,0,8,8,8,8,3,0,3
2034,Saskatchewan,I&C to Cybersecurity,105638.93566837988,12114.226958547486,17851.986812017876,29966.213770565362,Instrumentation & Control Tech (Red Seal),75672.72189781452,34683.59020466662,34683.59020466662,0.0,19707.394325835943,12160.992781321118,9120.744585990838,0.0,40989.1316931479,34683.59020466662,66288.67600193813,70561.17252382176,75338.39856214766,93219.39495350028,0,0,0,0,0,0,0,0,0,0,0,0,0,9,9,9,9,3,0,3
2035,Saskatchewan,I&C to Cybersecurity,110445.50724129115,12715.048405161393,18837.333984464687,31552.38238962608,Instrumentation & Control Tech (Red Seal),78893.12485166508,36477.245264464385,36477.245264464385,0.0,20495.69009886938,12525.82256476075,9394.366923570564,0.0,42415.879587200696,36477.245264464385,106080.35506649944,114094.53504066833,123116.40361093418,157662.45870401475,0,0,0,0,0,0,0,0,0,0,0,0,0,10,10,10,10,3,0,3
2036,Saskatchewan,I&C to Cybersecurity,115470.77782076989,13343.207227596235,19867.514453257827,33210.72168085406,Instrumentation & Control Tech (Red Seal),82260.05613991583,38366.74326411042,38366.74326411042,0.0,21315.51770282416,12901.597241703574,9676.19793127768,0.0,43893.312875805415,38366.74326411042,149751.11608393484,163870.7318088456,179950.6074166847,243327.9395793296,0,0,0,0,0,0,0,0,0,0,0,0,0,11,11,11,11,3,0,3
2037,Saskatchewan,I&C to Cybersecurity,120724.6982116149,13999.947276451861,21146.951535019874,35146.898811471736,Instrumentation & Control Tech (Red Seal),85577.79940014317,40154.53196103535,40154.53196103535,0.0,22168.13841093713,13288.645158954681,9966.483869216012,0.0,45423.26743910782,40154.53196103535,197393.20384916692,220412.33695076552,247097.73049022275,356480.8534141638,0,0,0,0,0,0,0,0,0,0,0,0,0,12,12,12,12,3,0,3
2038,Saskatchewan,I&C to Cybersecurity,126217.67198024337,14686.56899753042,22575.124714863276,37261.693712393695,Instrumentation & Control Tech (Red Seal),88955.97826784967,41948.33142145924,41948.33142145924,0.0,23054.863947374615,13687.30451372332,10265.478385292492,0.0,47007.64684639043,41948.33142145924,249211.19546308453,284401.90206730133,326110.72148521536,505373.44085987215,0,0,0,0,0,0,0,0,0,0,0,0,0,13,13,13,13,3,0,3
2039,Saskatchewan,I&C to Cybersecurity,131960.57605534443,15404.432006918054,24068.27977438955,39472.711781307604,Instrumentation & Control Tech (Red Seal),92487.86427403682,43839.43938278093,43839.43938278093,0.0,23977.0585052696,14097.923649135024,10573.442736851266,0.0,48648.42489125589,43839.43938278093,305511.1946190197,356681.5316568124,418866.76909077854,700824.9125006148,0,0,0,0,0,0,0,0,0,0,0,0,0,14,14,14,14,3,0,3
2040,Saskatchewan,I&C to Cybersecurity,137964.78226586257,16154.957783232821,25629.373389124266,41784.33117235709,Instrumentation & Control Tech (Red Seal),96180.45109350549,45832.80287045923,45832.80287045923,0.0,24936.140845480382,14520.861358609072,10890.646018956806,0.0,50347.64822304626,45832.80287045923,366619.5572204299,438182.4876929529,527529.5873248546,956905.1891212584,0,0,0,0,0,0,0,0,0,0,0,0,0,15,15,15,15,3,0,3
2041,Saskatchewan,I&C to Cybersecurity,144242.1798589593,16939.632482369914,27261.49676332942,44201.12924569934,Instrumentation & Control Tech (Red Seal),100041.05061325997,47933.61153506752,47933.61153506752,0.0,25933.5864792996,14956.487199367346,11217.365399525508,0.0,52107.43907819245,47933.61153506752,432884.1466165189,529934.3479973158,654592.6369586503,1291910.3573927034,0,0,0,0,0,0,0,0,0,0,0,0,0,16,16,16,16,3,0,3
2042,Saskatchewan,I&C to Cybersecurity,150805.19904254194,17760.009880317742,28967.8817510609,46727.89163137865,Instrumentation & Control Tech (Red Seal),104077.30741116329,50147.30929583206,50147.30929583206,0.0,26970.929938471585,15405.181815348365,11553.886361511275,0.0,53929.998115331226,50147.30929583206,504675.66324317694,633075.0920928795,802928.8417982799,1729630.7739063464,0,0,0,0,0,0,0,0,0,0,0,0,0,17,17,17,17,3,0,3
2043,Saskatchewan,I&C to Cybersecurity,157666.83559897757,18654.95116185175,30751.90725573417,49406.85841758592,Instrumentation & Control Tech (Red Seal),108259.97718139164,52442.36982321576,52442.36982321576,0.0,28049.76713601045,15867.337269808817,11900.502952356612,0.0,55817.60735817588,52442.36982321576,582351.8162285516,748824.9711253833,975810.5378912375,2300962.3759014662,0,0,0,0,0,0,0,0,0,0,0,0,0,18,18,18,18,3,0,3
2044,Saskatchewan,I&C to Cybersecurity,164840.67661873106,19695.158109716005,32617.105920870075,52312.264030586084,Instrumentation & Control Tech (Red Seal),112528.41258814497,54755.77933786371,54755.77933786371,0.0,29171.75782145087,16343.357387903085,12257.518040927313,0.0,57772.633250281266,54755.77933786371,666225.1863778428,878463.2475757854,1176937.8979127868,3046006.8680097703,0,0,0,0,0,0,0,0,0,0,0,0,0,19,19,19,19,3,0,3
2045,Saskatchewan,I&C to Cybersecurity,189035.0134821203,23203.33695490744,39135.48390981489,62338.82086472233,Industrial Cybersecurity Analyst,126696.19261739796,66898.66279139374,66898.66279139374,0.0,30338.628134308907,16833.658109540178,12625.24358215513,0.0,59797.52982600422,66898.66279139374,766435.1084881286,1033208.2351247577,1420377.2453910983,4026707.591204095,0,0,0,0,1,1,0,0,0,0,0,0,0,20,19,20,19,4,1,4
2046,Saskatchewan,I&C to Cybersecurity,198600.1851643156,24590.286848825763,41909.38369765152,66499.67054647728,Industrial Cybersecurity Analyst,132100.51461783831,70205.6726157109,70205.6726157109,0.0,31552.173259681258,17338.66785282638,13004.000889619787,0.0,61894.84200212742,70205.6726157109,874962.536528246,1206734.7312529446,1703639.504815474,5304925.541181034,0,0,0,0,2,2,0,0,0,0,0,0,0,21,19,21,19,5,2,5
2047,Saskatchewan,I&C to Cybersecurity,208649.35453362996,26047.416407376346,44823.64281475269,70871.05922212903,Industrial Cybersecurity Analyst,137778.29531150093,73711.08631671287,73711.08631671287,0.0,32814.26019006851,17858.82788841117,13394.120916308379,0.0,64067.20899478806,73711.08631671287,992421.7496713713,1401119.290694952,2032896.5168545078,6970114.2898520585,0,0,0,0,3,3,0,0,0,0,0,0,0,22,19,22,19,6,3,6
2048,Saskatchewan,I&C to Cybersecurity,219207.01187303165,27578.276721589587,47885.36344317917,75463.64016476876,Industrial Cybersecurity Analyst,143743.3717082629,77426.00384173049,77426.00384173049,0.0,34126.83059767125,18394.59272506351,13795.944543797632,0.0,66317.3678665324,77426.00384173049,1119468.8409966703,1618657.2236061778,2415256.998224414,9138574.580649406,0,0,0,0,4,4,0,0,0,0,0,0,0,23,19,23,19,7,4,7
2049,Saskatchewan,I&C to Cybersecurity,230298.88667380702,29186.598567702018,51102.007135404034,80288.60570310605,Industrial Cybersecurity Analyst,150010.28097070096,81362.12376219587,81362.12376219587,0.0,35491.903821578104,18946.430506815414,14209.822880111562,0.0,68648.15720850509,81362.12376219587,1256804.4068086997,1861885.0697289917,2858907.671720272,11961509.078606423,0,0,0,0,5,5,0,0,0,0,0,0,0,24,19,24,19,8,5,8
2050,Saskatchewan,I&C to Cybersecurity,241952.01033950166,30876.30149922774,54481.41299845548,85357.71449768322,Industrial Cybersecurity Analyst,156594.29584181844,85531.77487884242,85531.77487884242,0.0,36911.579974441236,19514.82342201988,14636.11756651491,0.0,71062.52096297602,85531.77487884242,1405176.4020279772,2133605.3515807334,3373275.597357155,15635493.577067193,0,0,0,0,6,6,0,0,0,0,0,0,0,25,19,25,19,9,6,9
2051,Saskatchewan,I&C to Cybersecurity,254194.78206268043,32651.503399088662,58031.81679817732,90683.32019726599,Industrial Cybersecurity Analyst,163511.46186541446,89947.94947380475,89947.94947380475,0.0,38388.043173418875,20100.268124680475,15075.201093510357,0.0,73563.5123916097,89947.94947380475,1565383.171603181,2436913.8362126118,3969214.8864345327,20416089.599661157,0,0,0,0,7,7,0,0,0,0,0,0,0,26,19,26,19,10,7,10
2052,Saskatchewan,I&C to Cybersecurity,267057.0380350521,34516.53051508255,62104.87255156718,96621.40306664974,Industrial Cybersecurity Analyst,170435.63496840233,94281.33677331013,94281.33677331013,0.0,39923.56490035563,20703.276168420893,15527.457126315667,0.0,76154.2981950922,94281.33677331013,1737933.66695665,2774886.5566071835,4658878.456173022,26635197.816332813,0,0,0,0,8,8,0,0,0,0,0,0,0,27,19,27,19,11,8,11
2053,Saskatchewan,I&C to Cybersecurity,280570.1241596257,36475.92800314572,66564.19097267647,103040.11897582219,Industrial Cybersecurity Analyst,177530.0051838035,98691.84239385498,98691.84239385498,0.0,41520.50749636986,21324.374453473516,15993.28084010514,0.0,78838.16278994852,98691.84239385498,1923522.1926983376,3151067.0546617573,5456402.06699283,34724449.00362651,0,0,0,0,9,9,0,0,0,0,0,0,0,28,19,28,19,12,9,12
2054,Saskatchewan,I&C to Cybersecurity,294766.97244210273,38534.4710041049,71249.15090589391,109783.62190999881,Industrial Cybersecurity Analyst,184983.3505321039,103364.83778349323,103364.83778349323,0.0,43181.32779622466,21964.105687077725,16473.079265308294,0.0,81618.51274861068,103364.83778349323,2123063.140116748,3569538.5979114263,6378227.2148252465,45245148.542497955,0,0,0,0,10,10,0,0,0,0,0,0,0,29,19,29,19,13,10,13
2055,Saskatchewan,I&C to Cybersecurity,309682.1812476731,40697.1762809126,76171.16981173214,116868.34609264473,Industrial Cybersecurity Analyst,192813.83515502838,108314.95374599713,108314.95374599713,0.0,44908.58090807365,22623.028857690057,16967.271643267544,0.0,84498.88140903125,108314.95374599713,2337531.2508685826,4034807.4114485662,7443276.25079503,58927008.05899334,0,0,0,0,11,11,0,0,0,0,0,0,0,30,19,30,19,14,11,14
2056,Saskatchewan,I&C to Cybersecurity,325352.0996188054,42969.314444726784,81342.24287420578,124311.55731893257,Industrial Cybersecurity Analyst,201040.54229987285,113557.60863948992,113557.60863948992,0.0,46704.9241443966,23301.719723420756,17476.289792565567,0.0,87482.93366038293,113557.60863948992,2567965.422051502,4551845.7612329135,8673325.297053773,76718668.08533084,0,0,0,0,12,12,0,0,0,0,0,0,0,31,19,31,19,15,12,15
2057,Saskatchewan,I&C to Cybersecurity,341814.91585951694,45356.42279962996,86774.9722336406,132131.39503327056,Industrial Cybersecurity Analyst,209683.5208262464,119109.04991460801,119109.04991460801,0.0,48573.12111017246,24000.771315123377,18000.578486342536,0.0,90574.47091163837,119109.04991460801,2815472.743068685,5126139.387270813,10093433.141526446,99853377.56084472,0,0,0,0,13,13,0,0,0,0,0,0,0,32,19,32,19,16,13,16
2058,Saskatchewan,I&C to Cybersecurity,359110.7506020085,47864.31883729123,92482.59769866281,140346.91653595405,Industrial Cybersecurity Analyst,218763.83406605443,124986.39781596517,124986.39781596517,0.0,50516.045954579364,24720.794454577084,18540.595840932812,0.0,93777.43625008926,124986.39781596517,3081232.7780380845,5763739.72381386,11732434.510571377,129934377.22691411,0,0,0,0,14,14,0,0,0,0,0,0,0,33,19,33,19,17,14,17
2059,Saskatchewan,I&C to Cybersecurity,377281.7545824701,50499.11441445816,98479.02901221513,148978.1434266733,Industrial Cybersecurity Analyst,228303.6111557968,131207.69135865907,131207.69135865907,0.0,52536.68779276254,25462.418288214398,19096.813716160796,0.0,97095.91979713773,131207.69135865907,3366502.1082986477,6471321.387553906,13623507.378515743,169045898.086347,0,0,0,0,15,15,0,0,0,0,0,0,0,34,19,34,19,18,15,18
2060,Saskatchewan,I&C to Cybersecurity,396372.2113643431,53267.230647829754,104778.87975023323,158046.11039806297,Industrial Cybersecurity Analyst,238326.10096628015,137791.93669730067,137791.93669730067,0.0,54638.15530447304,26226.290836860826,19669.718127645618,0.0,100534.16426897948,137791.93669730067,3672619.150410881,7256245.463006598,15804825.421990404,219897459.44894844,0,0,0,0,16,16,0,0,0,0,0,0,0,35,19,35,19,19,16,19
2061,Saskatchewan,I&C to Cybersecurity,416428.6452593788,56175.41356260993,111397.50293559502,167572.91649820496,Industrial Cybersecurity Analyst,248855.72876117387,144759.15801108026,144759.15801108026,0.0,56823.68151665197,27013.079561966653,20259.80967147499,0.0,104096.57075009361,144759.15801108026,4001009.265942505,8126629.167318339,18320308.39330004,286011456.4416441,0,0,0,0,17,17,0,0,0,0,0,0,0,36,19,36,19,20,17,20
2062,Saskatchewan,I&C to Cybersecurity,437499.9347095034,59230.75053287799,118351.02845413612,177581.7789870141,Industrial Cybersecurity Analyst,259918.15572248926,152130.4510347263,152130.4510347263,0.0,59096.628777318045,27823.471948825652,20867.603961619243,0.0,107787.70468776295,152130.4510347263,4353190.180274357,9091422.535084901,21220485.10332977,371967023.825172,0,0,0,0,18,18,0,0,0,0,0,0,0,37,19,37,19,21,18,21
2063,Saskatchewan,I&C to Cybersecurity,459637.4314058043,62440.68755384162,125656.40236391542,188097.08991775702,Industrial Cybersecurity Analyst,271540.34148804727,159928.03937187826,159928.03937187826,0.0,61460.49392841076,28658.176107290426,21493.632080467818,0.0,111612.30211616901,159928.03937187826,4730777.728659953,10160492.82796527,24563485.908201113,483717059.0120955,0,0,0,0,19,19,0,0,0,0,0,0,0,38,19,38,19,22,19,22
2064,Saskatchewan,I&C to Cybersecurity,482895.08543493797,65813.047388066,133331.42819352954,199144.47558159556,Industrial Cybersecurity Analyst,283750.6098533424,168175.33373440424,168175.33373440424,0.0,63918.913685547195,29517.92139050914,22138.441042881856,0.0,115575.27611893819,168175.33373440424,5135491.948827355,11344717.444496203,28416184.12816568,629000352.0494586,0,0,0,0,20,20,0,0,0,0,0,0,0,39,19,39,19,23,20,23
2065,Saskatchewan,I&C to Cybersecurity,507329.57675794576,69356.04862990213,141394.81033012213,210750.85896002426,Industrial Cybersecurity Analyst,296578.7177979215,176896.99425855966,176896.99425855966,0.0,66475.6702329691,30403.459032224415,22802.59427416831,0.0,119681.72353936183,176896.99425855966,5569163.540527282,12656086.183204385,32855508.74164909,817877354.6585548,0,0,0,0,21,21,0,0,0,0,0,0,0,40,19,40,19,24,21,24
2066,Saskatchewan,I&C to Cybersecurity,533000.4533418978,73078.32573457518,149866.19960282627,222944.52533740143,Industrial Cybersecurity Analyst,310055.9280044964,186118.996056624,186118.996056624,0.0,69134.69704228787,31315.562803191147,23486.67210239336,0.0,123936.93194787238,186118.996056624,6033740.71361027,14107813.797581447,37969954.04895308,1063426680.0521779,0,0,0,0,22,22,0,0,0,0,0,0,0,41,19,41,19,25,22,25
2067,Saskatchewan,I&C to Cybersecurity,559970.2762809979,76988.95006074468,158766.2411727293,235755.19123347398,Industrial Cybersecurity Analyst,324215.08504752396,195868.69817079254,195868.69817079254,0.0,71900.08492397936,32255.02968728688,24191.272265465162,0.0,128346.3868767314,195868.69817079254,6531296.447461576,15714463.875510385,43861315.85446683,1382650552.7660022,0,0,0,0,23,23,0,0,0,0,0,0,0,42,19,42,19,26,23,26
2068,Saskatchewan,I&C to Cybersecurity,588304.7722608164,81097.45197781837,168116.62484606943,249214.07682388782,Industrial Cybersecurity Analyst,339090.6954369286,206174.91610465545,206174.91610465545,0.0,74776.08832093855,33222.680577905485,24917.010433429117,0.0,132915.77933227314,206174.91610465545,7064036.185939311,17492085.179166082,50646688.148741506,1797651893.5119073,0,0,0,0,24,24,0,0,0,0,0,0,0,43,19,43,19,27,24,27
2069,Saskatchewan,I&C to Cybersecurity,618072.9937372135,85413.84409189595,177940.1379332805,263353.98202517646,Industrial Cybersecurity Analyst,354719.0117120371,217067.99811658636,217067.99811658636,0.0,77767.1318537761,34219.36099524265,25664.52074643199,0.0,137651.01359545073,217067.99811658636,7634305.993352863,19458361.695199277,58460759.36916931,2337164529.5635962,0,0,0,0,25,25,0,0,0,0,0,0,0,44,19,44,19,28,25,28
2070,Saskatchewan,I&C to Cybersecurity,649347.4872203167,89948.64564694591,188260.7207827045,278209.3664296504,Industrial Cybersecurity Analyst,371138.12079066626,228579.90546881422,228579.90546881422,0.0,80877.81712792715,35245.94182509994,26434.456368824955,0.0,142558.21532185204,228579.90546881422,8244601.19848932,21632777.770188022,67458453.18001352,3038542468.3381443,0,0,0,0,26,26,0,0,0,0,0,0,0,45,19,45,19,29,26,29
2071,Saskatchewan,I&C to Cybersecurity,682204.4700736646,94712.90816068136,199103.5251243093,293816.43328499066,Industrial Cybersecurity Analyst,388388.0367886739,240744.29683588704,240744.29683588704,0.0,84112.92981304423,36303.320079852936,27227.490059889697,0.0,147643.73995278685,240744.29683588704,8897575.555249672,24036799.844042715,77817965.45385143,3950345953.1364236,0,0,0,0,27,27,0,0,0,0,0,0,0,46,19,46,19,30,27,30
2072,Saskatchewan,I&C to Cybersecurity,716724.0162593921,99718.24235761186,210494.97536559944,310213.2177232113,Industrial Cybersecurity Analyst,406510.79853618087,253596.61708667994,253596.61708667994,0.0,87477.447005566,37392.419682248525,28044.314761686393,0.0,152914.18144950093,253596.61708667994,9596050.950098837,26694076.445533667,89744256.88901582,5135703335.694437,0,0,0,0,28,28,0,0,0,0,0,0,0,47,19,47,19,31,28,31
2073,Saskatchewan,I&C to Cybersecurity,752990.2514821172,104976.846464907,222462.83298909868,327439.6794540057,Industrial Cybersecurity Analyst,425550.57202811155,267174.19066506997,267174.19066506997,0.0,90976.54488578864,38514.192272715976,28885.644204536984,0.0,158376.38136304158,267174.19066506997,10343027.68826885,29630658.280752108,103473069.61303325,6676681510.593433,0,0,0,0,29,29,0,0,0,0,0,0,0,48,19,48,19,32,29,32
2074,Saskatchewan,I&C to Cybersecurity,791091.5582071124,110501.53594003129,235036.26420834707,345537.80014837836,Industrial Cybersecurity Analyst,445553.758058734,281516.3198059433,281516.3198059433,0.0,94615.60668122019,39669.618040897454,29752.213530673096,0.0,164037.43825279074,281516.3198059433,11141695.392488236,32875240.428633265,119275546.37479419,8679967480.091269,0,0,0,0,30,30,0,0,0,0,0,0,0,49,19,49,19,33,30,33
2075,Saskatchewan,I&C to Cybersecurity,831120.7910523923,116305.77470259689,248245.9110472895,364551.6857498864,Industrial Cybersecurity Analyst,466569.10530250595,296664.38783531927,296664.38783531927,0.0,98400.23094846902,40859.70658212438,30644.779936593288,0.0,169904.71746718668,296664.38783531927,11995444.549947968,36459428.85933191,137463542.71884862,11284254388.506485,0,0,0,0,31,31,0,0,0,0,0,0,0,50,19,50,19,34,31,34
2026,Saskatchewan,Cybersecurity Focus with Education,39525.0,4150.125,5533.500000000001,9683.625,Masters in Cybersecurity,29841.375,-15308.625,0.0,0.0,14400.0,9600.0,7200.0,13950.0,45150.0,-15308.625,0.0,0.0,0.0,0.0,0,0,0,0,1,1,1,1,1,0,0,0,0,0,0,0,0,1,1,1
2027,Saskatchewan,Cybersecurity Focus with Education,39525.0,4150.125,5533.500000000001,9683.625,Masters in Cybersecurity,29841.375,-16388.625,0.0,0.0,14976.0,9888.0,7416.0,13950.0,46230.0,-16388.625,0.0,0.0,0.0,0.0,0,0,0,0,2,2,2,2,2,0,0,0,0,0,0,0,0,2,2,2
2028,Saskatchewan,Cybersecurity Focus with Education,39525.0,4150.125,5533.500000000001,9683.625,Masters in Cybersecurity,29841.375,-17506.785000000003,0.0,0.0,15575.04,10184.64,7638.48,13950.0,47348.16,-17506.785000000003,0.0,0.0,0.0,0.0,0,0,0,0,3,3,3,3,3,0,0,0,0,0,0,0,0,3,3,3
2029,Saskatchewan,Cybersecurity Focus with Education,25575.0,2685.375,3580.5000000000005,6265.875,PhD in Cybersecurity,19309.125,-25709.230200000005,0.0,0.0,16198.0416,10490.1792,7867.634400000001,10462.5,45018.355200000005,-25709.230200000005,0.0,0.0,0.0,0.0,1,0,0,0,4,4,4,4,4,0,0,0,0,0,0,0,0,4,4,4
2030,Saskatchewan,Cybersecurity Focus with Education,25575.0,2685.375,3580.5000000000005,6265.875,PhD in Cybersecurity,19309.125,-26907.886272000003,0.0,0.0,16845.963264,10804.884576000002,8103.663432000001,10462.5,46217.011272,-26907.886272000003,0.0,0.0,0.0,0.0,2,0,0,0,5,5,5,5,5,0,0,0,0,0,0,0,0,5,5,5
2031,Saskatchewan,Cybersecurity Focus with Education,25575.0,2685.375,3580.5000000000005,6265.875,PhD in Cybersecurity,19309.125,-28148.9812428,0.0,0.0,17519.80179456,11129.03111328,8346.77333496,10462.5,47458.1062428,-28148.9812428,0.0,0.0,0.0,0.0,3,0,0,0,6,6,6,6,6,0,0,0,0,0,0,0,0,6,6,6
2032,Saskatchewan,Cybersecurity Focus with Education,60511.35703440751,6473.279629300939,8600.833192053542,15074.11282135448,SOC Level 1 Analyst,45437.24421305303,7156.571765023429,7156.571765023429,0.0,18220.593866342402,11462.902046678402,8597.1765350088,0.0,38280.6724480296,7156.571765023429,7156.571765023429,7156.571765023429,7156.571765023429,7156.571765023429,3,0,0,0,7,7,7,7,7,0,0,0,0,0,0,0,0,6,6,6
2033,Saskatchewan,Cybersecurity Focus with Education,63573.23170034853,6856.013962543566,9228.51749857145,16084.531461115015,SOC Level 1 Analyst,47488.70023923351,7877.401679099596,7877.401679099596,0.0,18949.4176209961,11806.789108078754,8855.091831059066,0.0,39611.29856013392,7877.401679099596,15391.802032374197,15749.630620625368,16107.459208876538,17180.944973630052,3,0,0,0,8,8,8,8,8,0,0,0,0,0,0,0,0,6,6,6
2034,Saskatchewan,Cybersecurity Focus with Education,66790.03722438616,7258.11465304827,9887.962630999165,17146.077284047435,SOC Level 1 Analyst,49643.959940338726,8654.828247190824,8654.828247190824,0.0,19707.394325835943,12160.992781321118,9120.744585990838,0.0,40989.1316931479,8654.828247190824,24816.22038118373,25979.421929878732,27178.406337398843,30990.056712909893,3,0,0,0,9,9,9,9,9,0,0,0,0,0,0,0,0,6,6,6
2035,Saskatchewan,Cybersecurity Focus with Education,70169.61310794011,7680.561638492513,10580.775687127723,18261.337325620236,SOC Level 1 Analyst,51908.27578231988,9492.396195119181,9492.396195119181,0.0,20495.69009886938,12525.82256476075,9394.366923570564,0.0,42415.879587200696,9492.396195119181,35549.427595362096,38069.76031798579,40747.563483127844,49779.46992190204,3,0,0,0,10,10,10,10,10,0,0,0,0,0,0,0,0,6,6,6
2036,Saskatchewan,Cybersecurity Focus with Education,104846.50031104266,12015.172538880332,17689.537563763748,29704.71010264408,SOC Level 2 Analyst,75141.79020839858,31248.477332593167,31248.477332593167,0.0,21315.51770282416,12901.597241703574,9676.19793127768,0.0,43893.312875805415,31248.477332593167,68575.37630772337,73125.21368237754,78108.1753381902,95961.78823106582,4,0,0,0,11,11,11,11,11,0,0,0,0,0,0,0,0,6,6,6
2037,Saskatchewan,Cybersecurity Focus with Education,110151.73322678142,12678.326653347678,18777.110311490193,31455.43696483787,SOC Level 2 Analyst,78696.29626194356,33273.02882283574,33273.02882283574,0.0,22168.13841093713,13288.645158954681,9966.483869216012,0.0,45423.26743910782,33273.02882283574,105277.17394594528,113710.76387345104,123097.43046175445,158023.3535232213,5,0,0,0,12,12,12,12,12,0,0,0,0,0,0,0,0,6,6,6
2038,Saskatchewan,Cybersecurity Focus with Education,115725.41092805655,13375.036366007069,19919.714240251593,33294.75060625866,SOC Level 2 Analyst,82430.66032179788,35423.01347540745,35423.01347540745,0.0,23054.863947374615,13687.30451372332,10265.478385292492,0.0,47007.64684639043,35423.01347540745,145964.04611865,160504.8537362036,176985.05850642506,240853.37305559515,6,0,0,0,13,13,13,13,13,0,0,0,0,0,0,0,0,6,6,6
2039,Saskatchewan,Cybersecurity Focus with Education,121581.11672101621,14106.999590127027,21369.620347464213,35476.61993759124,SOC Level 2 Analyst,86104.49678342497,37456.07189216908,37456.07189216908,0.0,23977.0585052696,14097.923649135024,10573.442736851266,0.0,48648.42489125589,37456.07189216908,190718.32031675157,214011.41100199305,240988.88917455787,350565.4568644428,7,0,0,0,14,14,14,14,14,0,0,0,0,0,0,0,0,6,6,6
2040,Saskatchewan,Cybersecurity Focus with Education,127733.12122709963,14876.000153387453,22969.141519045905,37845.141672433354,SOC Level 2 Analyst,89887.97955466628,39540.33133162002,39540.33133162002,0.0,24936.140845480382,14520.861358609072,10890.646018956806,0.0,50347.64822304626,39540.33133162002,239794.56766420917,274952.8834338124,316677.5538823615,495275.4252553957,8,0,0,0,15,15,15,15,15,0,0,0,0,0,0,0,0,6,6,6
2041,Saskatchewan,Cybersecurity Focus with Education,134196.41716119088,15683.91214514886,24649.598461909627,40333.51060705849,SOC Level 2 Analyst,93862.9065541324,41755.46747593994,41755.46747593994,0.0,25933.5864792996,14956.487199367346,11217.365399525508,0.0,52107.43907819245,41755.46747593994,293539.76352335955,344203.6392531336,405934.65444065566,685613.5203079543,9,0,0,0,16,16,16,16,16,0,0,0,0,0,0,0,0,6,6,6
2042,Saskatchewan,Cybersecurity Focus with Education,140986.75586954714,16532.704483693393,26415.086526082254,42947.79100977565,SOC Level 2 Analyst,98038.96485977148,44108.96674444026,44108.96674444026,0.0,26970.929938471585,15405.181815348365,11553.886361511275,0.0,53929.998115331226,44108.96674444026,352325.7184439678,422732.9699228873,510933.81935119425,935406.5431447809,10,0,0,0,17,17,17,17,17,0,0,0,0,0,0,0,0,6,6,6
2043,Saskatchewan,Cybersecurity Focus with Education,171264.54285975656,20626.618714664703,34287.3111435367,54913.9298582014,Industrial Cybersecurity Analyst,116350.61300155516,60533.00564337928,60533.00564337928,0.0,28049.76713601045,15867.337269808817,11900.502952356612,0.0,55817.60735817588,60533.00564337928,430475.0100095455,525539.2725585554,648106.8978972526,1276561.5117315943,10,0,0,0,18,18,17,17,17,0,0,0,0,1,0,1,0,7,7,7
2044,Saskatchewan,Cybersecurity Focus with Education,179930.52872846022,21883.186665626734,36540.46746939966,58423.65413502639,Industrial Cybersecurity Analyst,121506.87459343384,63734.24134315257,63734.24134315257,0.0,29171.75782145087,16343.357387903085,12257.518040927313,0.0,57772.633250281266,63734.24134315257,515733.00185317534,641827.4411575636,809057.173924993,1723264.2065942253,10,0,0,0,19,19,17,17,17,0,0,0,0,2,0,2,0,8,8,8
2045,Saskatchewan,Cybersecurity Focus with Education,189035.0134821203,23203.33695490744,39135.48390981489,62338.82086472233,Industrial Cybersecurity Analyst,126696.19261739796,66898.66279139374,66898.66279139374,0.0,30338.628134308907,16833.658109540178,12625.24358215513,0.0,59797.52982600422,66898.66279139374,608418.3147372279,772908.8480647136,997314.4128051356,2307142.1313638864,10,0,0,0,20,20,17,17,17,0,0,0,0,3,0,3,0,9,9,9
2046,Saskatchewan,Cybersecurity Focus with Education,198600.1851643156,24590.286848825763,41909.38369765152,66499.67054647728,Industrial Cybersecurity Analyst,132100.51461783831,70205.6726157109,70205.6726157109,0.0,31552.173259681258,17338.66785282638,13004.000889619787,0.0,61894.84200212742,70205.6726157109,709044.9030898002,920405.4054868959,1217117.2473416168,3069490.4433887633,10,0,0,0,21,21,17,17,17,0,0,0,0,4,0,4,0,10,10,10
2047,Saskatchewan,Cybersecurity Focus with Education,208649.35453362996,26047.416407376346,44823.64281475269,70871.05922212903,Industrial Cybersecurity Analyst,137778.29531150093,73711.08631671287,73711.08631671287,0.0,32814.26019006851,17858.82788841117,13394.120916308379,0.0,64067.20899478806,73711.08631671287,818208.234561003,1086157.0323522985,1473395.9207595722,4064048.662722105,10,0,0,0,22,22,17,17,17,0,0,0,0,5,0,5,0,11,11,11
2048,Saskatchewan,Cybersecurity Focus with Education,219207.01187303165,27578.276721589587,47885.36344317917,75463.64016476876,Industrial Cybersecurity Analyst,143743.3717082629,77426.00384173049,77426.00384173049,0.0,34126.83059767125,18394.59272506351,13795.944543797632,0.0,66317.3678665324,77426.00384173049,936544.6501307838,1272198.739429259,1771831.3127152384,5360689.265380467,10,0,0,0,23,23,17,17,17,0,0,0,0,6,0,6,0,12,12,12
2049,Saskatchewan,Cybersecurity Focus with Education,230298.88667380702,29186.598567702018,51102.007135404034,80288.60570310605,Industrial Cybersecurity Analyst,150010.28097070096,81362.12376219587,81362.12376219587,0.0,35491.903821578104,18946.430506815414,14209.822880111562,0.0,68648.15720850509,81362.12376219587,1064734.0063995188,1480780.737134381,2118968.13338472,7050258.1687568035,10,0,0,0,24,24,17,17,17,0,0,0,0,7,0,7,0,13,13,13
2050,Saskatchewan,Cybersecurity Focus with Education,241952.01033950166,30876.30149922774,54481.41299845548,85357.71449768322,Industrial Cybersecurity Analyst,156594.29584181844,85531.77487884242,85531.77487884242,0.0,36911.579974441236,19514.82342201988,14636.11756651491,0.0,71062.52096297602,85531.77487884242,1203502.4815983374,1714390.5857266616,2522345.12827127,9250867.394262688,10,0,0,0,25,25,17,17,17,0,0,0,0,8,0,8,0,14,14,14
2051,Saskatchewan,Cybersecurity Focus with Education,254194.78206268043,32651.503399088662,58031.81679817732,90683.32019726599,Industrial Cybersecurity Analyst,163511.46186541446,89947.94947380475,89947.94947380475,0.0,38388.043173418875,20100.268124680475,15075.201093510357,0.0,73563.5123916097,89947.94947380475,1353625.555152059,1975777.5937731327,2990644.8469857653,12116075.562015299,10,0,0,0,26,26,17,17,17,0,0,0,0,9,0,9,0,15,15,15
2052,Saskatchewan,Cybersecurity Focus with Education,267057.0380350521,34516.53051508255,62104.87255156718,96621.40306664974,Industrial Cybersecurity Analyst,170435.63496840233,94281.33677331013,94281.33677331013,0.0,39923.56490035563,20703.276168420893,15527.457126315667,0.0,76154.2981950922,94281.33677331013,1515588.1696829721,2267636.6899237563,3533522.91080694,15845179.567393199,10,0,0,0,27,27,17,17,17,0,0,0,0,10,0,10,0,16,16,16
2053,Saskatchewan,Cybersecurity Focus with Education,280570.1241596257,36475.92800314572,66564.19097267647,103040.11897582219,Industrial Cybersecurity Analyst,177530.0051838035,98691.84239385498,98691.84239385498,0.0,41520.50749636986,21324.374453473516,15993.28084010514,0.0,78838.16278994852,98691.84239385498,1690059.4205609756,2593092.2013099873,4162243.1898218356,20697425.280005015,10,0,0,0,28,28,17,17,17,0,0,0,0,11,0,11,0,17,17,17
2054,Saskatchewan,Cybersecurity Focus with Education,294766.97244210273,38534.4710041049,71249.15090589391,109783.62190999881,Industrial Cybersecurity Analyst,184983.3505321039,103364.83778349323,103364.83778349323,0.0,43181.32779622466,21964.105687077725,16473.079265308294,0.0,81618.51274861068,103364.83778349323,1877927.2293725177,2955766.2592244796,4889944.506078604,27010017.701790012,10,0,0,0,29,29,17,17,17,0,0,0,0,12,0,12,0,18,18,18
2055,Saskatchewan,Cybersecurity Focus with Education,309682.1812476731,40697.1762809126,76171.16981173214,116868.34609264473,Industrial Cybersecurity Analyst,192813.83515502838,108314.95374599713,108314.95374599713,0.0,44908.58090807365,22623.028857690057,16967.271643267544,0.0,84498.88140903125,108314.95374599713,2080138.5445871407,3359657.8388929246,5731751.135736391,35221337.966073014,10,0,0,0,30,30,17,17,17,0,0,0,0,13,0,13,0,19,19,19
2056,Saskatchewan,Cybersecurity Focus with Education,325352.0996188054,42969.314444726784,81342.24287420578,124311.55731893257,Industrial Cybersecurity Analyst,201040.54229987285,113557.60863948992,113557.60863948992,0.0,46704.9241443966,23301.719723420756,17476.289792565567,0.0,87482.93366038293,113557.60863948992,2297703.0804559877,3809181.231421707,6705071.414736339,45901296.96453442,10,0,0,0,31,31,17,17,17,0,0,0,0,14,0,14,0,20,20,20
2057,Saskatchewan,Cybersecurity Focus with Education,341814.91585951694,45356.42279962996,86774.9722336406,132131.39503327056,Industrial Cybersecurity Analyst,209683.5208262464,119109.04991460801,119109.04991460801,0.0,48573.12111017246,24000.771315123377,18000.578486342536,0.0,90574.47091163837,119109.04991460801,2531697.2843933953,4309208.404478487,7829941.176861397,59790795.10380935,10,0,0,0,32,32,17,17,17,0,0,0,0,15,0,15,0,21,21,21
2058,Saskatchewan,Cybersecurity Focus with Education,359110.7506020085,47864.31883729123,92482.59769866281,140346.91653595405,Industrial Cybersecurity Analyst,218763.83406605443,124986.39781596517,124986.39781596517,0.0,50516.045954579364,24720.794454577084,18540.595840932812,0.0,93777.43625008926,124986.39781596517,2783268.54642903,4865115.6427423,9129418.751206571,77853020.03276813,10,0,0,0,33,33,17,17,17,0,0,0,0,16,0,16,0,22,22,22
2059,Saskatchewan,Cybersecurity Focus with Education,377281.7545824701,50499.11441445816,98479.02901221513,148978.1434266733,Industrial Cybersecurity Analyst,228303.6111557968,131207.69135865907,131207.69135865907,0.0,52536.68779276254,25462.418288214398,19096.813716160796,0.0,97095.91979713773,131207.69135865907,3053639.665109141,5482834.89837519,10630039.255246216,101340133.73395723,10,0,0,0,34,34,17,17,17,0,0,0,0,17,0,17,0,23,23,23
2060,Saskatchewan,Cybersecurity Focus with Education,396372.2113643431,53267.230647829754,104778.87975023323,158046.11039806297,Industrial Cybersecurity Analyst,238326.10096628015,137791.93669730067,137791.93669730067,0.0,54638.15530447304,26226.290836860826,19669.718127645618,0.0,100534.16426897948,137791.93669730067,3344113.5850618985,6168910.32491001,12362337.080230448,131879965.79084171,10,0,0,0,35,35,17,17,17,0,0,0,0,18,0,18,0,24,24,24
2061,Saskatchewan,Cybersecurity Focus with Education,416428.6452593788,56175.41356260993,111397.50293559502,167572.91649820496,Industrial Cybersecurity Analyst,248855.72876117387,144759.15801108026,144759.15801108026,0.0,56823.68151665197,27013.079561966653,20259.80967147499,0.0,104096.57075009361,144759.15801108026,3656078.422326074,6930560.515412092,14361446.800276095,171588714.6861053,10,0,0,0,36,36,17,17,17,0,0,0,0,19,0,19,0,25,25,25
2062,Saskatchewan,Cybersecurity Focus with Education,437499.9347095034,59230.75053287799,118351.02845413612,177581.7789870141,Industrial Cybersecurity Analyst,259918.15572248926,152130.4510347263,152130.4510347263,0.0,59096.628777318045,27823.471948825652,20867.603961619243,0.0,107787.70468776295,152130.4510347263,3991012.7944771037,7775747.017988029,16667794.271352235,223217459.54297164,10,0,0,0,37,37,17,17,17,0,0,0,0,20,0,20,0,26,26,26
2063,Saskatchewan,Cybersecurity Focus with Education,459637.4314058043,62440.68755384162,125656.40236391542,188097.08991775702,Industrial Cybersecurity Analyst,271540.34148804727,159928.03937187826,159928.03937187826,0.0,61460.49392841076,28658.176107290426,21493.632080467818,0.0,111612.30211616901,159928.03937187826,4350491.473572837,8713249.75915871,19327891.451426946,290342625.4452351,10,0,0,0,38,38,17,17,17,0,0,0,0,21,0,21,0,27,27,27
2064,Saskatchewan,Cybersecurity Focus with Education,482895.08543493797,65813.047388066,133331.42819352954,199144.47558159556,Industrial Cybersecurity Analyst,283750.6098533424,168175.33373440424,168175.33373440424,0.0,63918.913685547195,29517.92139050914,22138.441042881856,0.0,115575.27611893819,168175.33373440424,4736191.380985884,9752750.068808986,22395250.50287539,377613588.41254,10,0,0,0,39,39,17,17,17,0,0,0,0,22,0,22,0,28,28,28
2065,Saskatchewan,Cybersecurity Focus with Education,507329.57675794576,69356.04862990213,141394.81033012213,210750.85896002426,Industrial Cybersecurity Analyst,296578.7177979215,176896.99425855966,176896.99425855966,0.0,66475.6702329691,30403.459032224415,22802.59427416831,0.0,119681.72353936183,176896.99425855966,5149897.944293737,10904922.069948446,25931435.072565258,491074561.93056065,10,0,0,0,40,40,17,17,17,0,0,0,0,23,0,23,0,29,29,29
2066,Saskatchewan,Cybersecurity Focus with Education,533000.4533418978,73078.32573457518,149866.19960282627,222944.52533740143,Industrial Cybersecurity Analyst,310055.9280044964,186118.996056624,186118.996056624,0.0,69134.69704228787,31315.562803191147,23486.67210239336,0.0,123936.93194787238,186118.996056624,5593511.837565049,12181533.272999916,30007269.32950667,638583049.5057856,10,0,0,0,41,41,17,17,17,0,0,0,0,24,0,24,0,30,30,30
2067,Saskatchewan,Cybersecurity Focus with Education,559970.2762809979,76988.95006074468,158766.2411727293,235755.19123347398,Industrial Cybersecurity Analyst,324215.08504752396,195868.69817079254,195868.69817079254,0.0,71900.08492397936,32255.02968728688,24191.272265465162,0.0,128346.3868767314,195868.69817079254,6069056.127614094,13595555.298470702,34704228.42710346,830353833.0556921,10,0,0,0,42,42,17,17,17,0,0,0,0,25,0,25,0,31,31,31
2068,Saskatchewan,Cybersecurity Focus with Education,588304.7722608164,81097.45197781837,168116.62484606943,249214.07682388782,Industrial Cybersecurity Analyst,339090.6954369286,206174.91610465545,206174.91610465545,0.0,74776.08832093855,33222.680577905485,24917.010433429117,0.0,132915.77933227314,206174.91610465545,6578683.850099455,15161285.744422428,40116037.60727363,1079666157.8885043,10,0,0,0,43,43,17,17,17,0,0,0,0,26,0,26,0,32,32,32
2069,Saskatchewan,Cybersecurity Focus with Education,618072.9937372135,85413.84409189595,177940.1379332805,263353.98202517646,Industrial Cybersecurity Analyst,354719.0117120371,217067.99811658636,217067.99811658636,0.0,77767.1318537761,34219.36099524265,25664.52074643199,0.0,137651.01359545073,217067.99811658636,7124686.040721014,16894482.31698126,46350511.246481255,1403783073.2531722,10,0,0,0,44,44,17,17,17,0,0,0,0,27,0,27,0,33,33,33
2070,Saskatchewan,Cybersecurity Focus with Education,649347.4872203167,89948.64564694591,188260.7207827045,278209.3664296504,Industrial Cybersecurity Analyst,371138.12079066626,228579.90546881422,228579.90546881422,0.0,80877.81712792715,35245.94182509994,26434.456368824955,0.0,142558.21532185204,228579.90546881422,7709500.248225879,18812510.454148203,53531667.838922255,1825146575.1345925,10,0,0,0,45,45,17,17,17,0,0,0,0,28,0,28,0,34,34,34
2071,Saskatchewan,Cybersecurity Focus with Education,682204.4700736646,94712.90816068136,199103.5251243093,293816.43328499066,Industrial Cybersecurity Analyst,388388.0367886739,240744.29683588704,240744.29683588704,0.0,84112.92981304423,36303.320079852936,27227.490059889697,0.0,147643.73995278685,240744.29683588704,8335719.557473061,20934505.79639891,61802162.311596476,2372931291.971806,10,0,0,0,46,46,17,17,17,0,0,0,0,29,0,29,0,35,35,35
2072,Saskatchewan,Cybersecurity Focus with Education,716724.0162593921,99718.24235761186,210494.97536559944,310213.2177232113,Industrial Cybersecurity Analyst,406510.79853618087,253596.61708667994,253596.61708667994,0.0,87477.447005566,37392.419682248525,28044.314761686393,0.0,152914.18144950093,253596.61708667994,9006102.152433395,23281552.993125483,71326083.27542262,3085064276.1804347,10,0,0,0,47,47,17,17,17,0,0,0,0,30,0,30,0,36,36,36
2073,Saskatchewan,Cybersecurity Focus with Education,752990.2514821172,104976.846464907,222462.83298909868,327439.6794540057,Industrial Cybersecurity Analyst,425550.57202811155,267174.19066506997,267174.19066506997,0.0,90976.54488578864,38514.192272715976,28885.644204536984,0.0,158376.38136304158,267174.19066506997,9723581.450720135,25876882.483103104,82292169.95740107,4010850733.2252307,10,0,0,0,48,48,17,17,17,0,0,0,0,31,0,31,0,37,37,37
2074,Saskatchewan,Cybersecurity Focus with Education,791091.5582071124,110501.53594003129,235036.26420834707,345537.80014837836,Industrial Cybersecurity Analyst,445553.758058734,281516.3198059433,281516.3198059433,0.0,94615.60668122019,39669.618040897454,29752.213530673096,0.0,164037.43825279074,281516.3198059433,10491276.843062084,28746087.05121936,94917511.77081718,5214387469.512607,10,0,0,0,49,49,17,17,17,0,0,0,0,32,0,32,0,38,38,38
2075,Saskatchewan,Cybersecurity Focus with Education,831120.7910523923,116305.77470259689,248245.9110472895,364551.6857498864,Industrial Cybersecurity Analyst,466569.10530250595,296664.38783531927,296664.38783531927,0.0,98400.23094846902,40859.70658212438,30644.779936593288,0.0,169904.71746718668,296664.38783531927,11312505.073050508,31917360.144176617,109451802.92427507,6779000374.754225,10,0,0,0,50,50,17,17,17,0,0,0,0,33,0,33,0,39,39,39
